website_id,page_id,from_document,to_document,change_type
W001,P01,W001_V01_P01,W001_V02_P01,requirement
W001,P02,W001_V01_P02,W001_V02_P02,policy
W001,P03,W001_V01_P03,W001_V02_P03,semantic
W001,P04,W001_V01_P04,W001_V02_P04,numeric
W001,P05,W001_V01_P05,W001_V02_P05,major_semantic
W001,P06,W001_V01_P06,W001_V02_P06,reordering
W001,P07,W001_V01_P07,W001_V02_P07,date_time
W001,P08,W001_V01_P08,W001_V02_P08,deletion
W001,P09,W001_V01_P09,W001_V02_P09,addition
W001,P10,W001_V01_P10,W001_V02_P10,requirement
W001,P01,W001_V02_P01,W001_V03_P01,deletion
W001,P02,W001_V02_P02,W001_V03_P02,addition
W001,P03,W001_V02_P03,W001_V03_P03,requirement
W001,P04,W001_V02_P04,W001_V03_P04,policy
W001,P05,W001_V02_P05,W001_V03_P05,semantic
W001,P06,W001_V02_P06,W001_V03_P06,numeric
W001,P07,W001_V02_P07,W001_V03_P07,major_semantic
W001,P08,W001_V02_P08,W001_V03_P08,reordering
W001,P09,W001_V02_P09,W001_V03_P09,date_time
W001,P10,W001_V02_P10,W001_V03_P10,deletion
W001,P01,W001_V03_P01,W001_V04_P01,reordering
W001,P02,W001_V03_P02,W001_V04_P02,date_time
W001,P03,W001_V03_P03,W001_V04_P03,deletion
W001,P04,W001_V03_P04,W001_V04_P04,addition
W001,P05,W001_V03_P05,W001_V04_P05,requirement
W001,P06,W001_V03_P06,W001_V04_P06,policy
W001,P07,W001_V03_P07,W001_V04_P07,semantic
W001,P08,W001_V03_P08,W001_V04_P08,numeric
W001,P09,W001_V03_P09,W001_V04_P09,major_semantic
W001,P10,W001_V03_P10,W001_V04_P10,reordering
W001,P01,W001_V04_P01,W001_V05_P01,numeric
W001,P02,W001_V04_P02,W001_V05_P02,major_semantic
W001,P03,W001_V04_P03,W001_V05_P03,reordering
W001,P04,W001_V04_P04,W001_V05_P04,date_time
W001,P05,W001_V04_P05,W001_V05_P05,deletion
W001,P06,W001_V04_P06,W001_V05_P06,addition
W001,P07,W001_V04_P07,W001_V05_P07,requirement
W001,P08,W001_V04_P08,W001_V05_P08,policy
W001,P09,W001_V04_P09,W001_V05_P09,semantic
W001,P10,W001_V04_P10,W001_V05_P10,numeric
W001,P01,W001_V05_P01,W001_V06_P01,policy
W001,P02,W001_V05_P02,W001_V06_P02,semantic
W001,P03,W001_V05_P03,W001_V06_P03,numeric
W001,P04,W001_V05_P04,W001_V06_P04,major_semantic
W001,P05,W001_V05_P05,W001_V06_P05,reordering
W001,P06,W001_V05_P06,W001_V06_P06,date_time
W001,P07,W001_V05_P07,W001_V06_P07,deletion
W001,P08,W001_V05_P08,W001_V06_P08,addition
W001,P09,W001_V05_P09,W001_V06_P09,requirement
W001,P10,W001_V05_P10,W001_V06_P10,policy
W001,P01,W001_V06_P01,W001_V07_P01,addition
W001,P02,W001_V06_P02,W001_V07_P02,requirement
W001,P03,W001_V06_P03,W001_V07_P03,policy
W001,P04,W001_V06_P04,W001_V07_P04,semantic
W001,P05,W001_V06_P05,W001_V07_P05,numeric
W001,P06,W001_V06_P06,W001_V07_P06,major_semantic
W001,P07,W001_V06_P07,W001_V07_P07,reordering
W001,P08,W001_V06_P08,W001_V07_P08,date_time
W001,P09,W001_V06_P09,W001_V07_P09,deletion
W001,P10,W001_V06_P10,W001_V07_P10,addition
W001,P01,W001_V07_P01,W001_V08_P01,date_time
W001,P02,W001_V07_P02,W001_V08_P02,deletion
W001,P03,W001_V07_P03,W001_V08_P03,addition
W001,P04,W001_V07_P04,W001_V08_P04,requirement
W001,P05,W001_V07_P05,W001_V08_P05,policy
W001,P06,W001_V07_P06,W001_V08_P06,semantic
W001,P07,W001_V07_P07,W001_V08_P07,numeric
W001,P08,W001_V07_P08,W001_V08_P08,major_semantic
W001,P09,W001_V07_P09,W001_V08_P09,reordering
W001,P10,W001_V07_P10,W001_V08_P10,date_time
W001,P01,W001_V08_P01,W001_V09_P01,major_semantic
W001,P02,W001_V08_P02,W001_V09_P02,reordering
W001,P03,W001_V08_P03,W001_V09_P03,date_time
W001,P04,W001_V08_P04,W001_V09_P04,deletion
W001,P05,W001_V08_P05,W001_V09_P05,addition
W001,P06,W001_V08_P06,W001_V09_P06,requirement
W001,P07,W001_V08_P07,W001_V09_P07,policy
W001,P08,W001_V08_P08,W001_V09_P08,semantic
W001,P09,W001_V08_P09,W001_V09_P09,numeric
W001,P10,W001_V08_P10,W001_V09_P10,major_semantic
W001,P01,W001_V09_P01,W001_V10_P01,semantic
W001,P02,W001_V09_P02,W001_V10_P02,numeric
W001,P03,W001_V09_P03,W001_V10_P03,major_semantic
W001,P04,W001_V09_P04,W001_V10_P04,reordering
W001,P05,W001_V09_P05,W001_V10_P05,date_time
W001,P06,W001_V09_P06,W001_V10_P06,deletion
W001,P07,W001_V09_P07,W001_V10_P07,addition
W001,P08,W001_V09_P08,W001_V10_P08,requirement
W001,P09,W001_V09_P09,W001_V10_P09,policy
W001,P10,W001_V09_P10,W001_V10_P10,semantic
W002,P01,W002_V01_P01,W002_V02_P01,policy
W002,P02,W002_V01_P02,W002_V02_P02,semantic
W002,P03,W002_V01_P03,W002_V02_P03,numeric
W002,P04,W002_V01_P04,W002_V02_P04,major_semantic
W002,P05,W002_V01_P05,W002_V02_P05,reordering
W002,P06,W002_V01_P06,W002_V02_P06,date_time
W002,P07,W002_V01_P07,W002_V02_P07,deletion
W002,P08,W002_V01_P08,W002_V02_P08,addition
W002,P09,W002_V01_P09,W002_V02_P09,requirement
W002,P10,W002_V01_P10,W002_V02_P10,policy
W002,P01,W002_V02_P01,W002_V03_P01,addition
W002,P02,W002_V02_P02,W002_V03_P02,requirement
W002,P03,W002_V02_P03,W002_V03_P03,policy
W002,P04,W002_V02_P04,W002_V03_P04,semantic
W002,P05,W002_V02_P05,W002_V03_P05,numeric
W002,P06,W002_V02_P06,W002_V03_P06,major_semantic
W002,P07,W002_V02_P07,W002_V03_P07,reordering
W002,P08,W002_V02_P08,W002_V03_P08,date_time
W002,P09,W002_V02_P09,W002_V03_P09,deletion
W002,P10,W002_V02_P10,W002_V03_P10,addition
W002,P01,W002_V03_P01,W002_V04_P01,date_time
W002,P02,W002_V03_P02,W002_V04_P02,deletion
W002,P03,W002_V03_P03,W002_V04_P03,addition
W002,P04,W002_V03_P04,W002_V04_P04,requirement
W002,P05,W002_V03_P05,W002_V04_P05,policy
W002,P06,W002_V03_P06,W002_V04_P06,semantic
W002,P07,W002_V03_P07,W002_V04_P07,numeric
W002,P08,W002_V03_P08,W002_V04_P08,major_semantic
W002,P09,W002_V03_P09,W002_V04_P09,reordering
W002,P10,W002_V03_P10,W002_V04_P10,date_time
W002,P01,W002_V04_P01,W002_V05_P01,major_semantic
W002,P02,W002_V04_P02,W002_V05_P02,reordering
W002,P03,W002_V04_P03,W002_V05_P03,date_time
W002,P04,W002_V04_P04,W002_V05_P04,deletion
W002,P05,W002_V04_P05,W002_V05_P05,addition
W002,P06,W002_V04_P06,W002_V05_P06,requirement
W002,P07,W002_V04_P07,W002_V05_P07,policy
W002,P08,W002_V04_P08,W002_V05_P08,semantic
W002,P09,W002_V04_P09,W002_V05_P09,numeric
W002,P10,W002_V04_P10,W002_V05_P10,major_semantic
W002,P01,W002_V05_P01,W002_V06_P01,semantic
W002,P02,W002_V05_P02,W002_V06_P02,numeric
W002,P03,W002_V05_P03,W002_V06_P03,major_semantic
W002,P04,W002_V05_P04,W002_V06_P04,reordering
W002,P05,W002_V05_P05,W002_V06_P05,date_time
W002,P06,W002_V05_P06,W002_V06_P06,deletion
W002,P07,W002_V05_P07,W002_V06_P07,addition
W002,P08,W002_V05_P08,W002_V06_P08,requirement
W002,P09,W002_V05_P09,W002_V06_P09,policy
W002,P10,W002_V05_P10,W002_V06_P10,semantic
W002,P01,W002_V06_P01,W002_V07_P01,requirement
W002,P02,W002_V06_P02,W002_V07_P02,policy
W002,P03,W002_V06_P03,W002_V07_P03,semantic
W002,P04,W002_V06_P04,W002_V07_P04,numeric
W002,P05,W002_V06_P05,W002_V07_P05,major_semantic
W002,P06,W002_V06_P06,W002_V07_P06,reordering
W002,P07,W002_V06_P07,W002_V07_P07,date_time
W002,P08,W002_V06_P08,W002_V07_P08,deletion
W002,P09,W002_V06_P09,W002_V07_P09,addition
W002,P10,W002_V06_P10,W002_V07_P10,requirement
W002,P01,W002_V07_P01,W002_V08_P01,deletion
W002,P02,W002_V07_P02,W002_V08_P02,addition
W002,P03,W002_V07_P03,W002_V08_P03,requirement
W002,P04,W002_V07_P04,W002_V08_P04,policy
W002,P05,W002_V07_P05,W002_V08_P05,semantic
W002,P06,W002_V07_P06,W002_V08_P06,numeric
W002,P07,W002_V07_P07,W002_V08_P07,major_semantic
W002,P08,W002_V07_P08,W002_V08_P08,reordering
W002,P09,W002_V07_P09,W002_V08_P09,date_time
W002,P10,W002_V07_P10,W002_V08_P10,deletion
W002,P01,W002_V08_P01,W002_V09_P01,reordering
W002,P02,W002_V08_P02,W002_V09_P02,date_time
W002,P03,W002_V08_P03,W002_V09_P03,deletion
W002,P04,W002_V08_P04,W002_V09_P04,addition
W002,P05,W002_V08_P05,W002_V09_P05,requirement
W002,P06,W002_V08_P06,W002_V09_P06,policy
W002,P07,W002_V08_P07,W002_V09_P07,semantic
W002,P08,W002_V08_P08,W002_V09_P08,numeric
W002,P09,W002_V08_P09,W002_V09_P09,major_semantic
W002,P10,W002_V08_P10,W002_V09_P10,reordering
W002,P01,W002_V09_P01,W002_V10_P01,numeric
W002,P02,W002_V09_P02,W002_V10_P02,major_semantic
W002,P03,W002_V09_P03,W002_V10_P03,reordering
W002,P04,W002_V09_P04,W002_V10_P04,date_time
W002,P05,W002_V09_P05,W002_V10_P05,deletion
W002,P06,W002_V09_P06,W002_V10_P06,addition
W002,P07,W002_V09_P07,W002_V10_P07,requirement
W002,P08,W002_V09_P08,W002_V10_P08,policy
W002,P09,W002_V09_P09,W002_V10_P09,semantic
W002,P10,W002_V09_P10,W002_V10_P10,numeric
W003,P01,W003_V01_P01,W003_V02_P01,semantic
W003,P02,W003_V01_P02,W003_V02_P02,numeric
W003,P03,W003_V01_P03,W003_V02_P03,major_semantic
W003,P04,W003_V01_P04,W003_V02_P04,reordering
W003,P05,W003_V01_P05,W003_V02_P05,date_time
W003,P06,W003_V01_P06,W003_V02_P06,deletion
W003,P07,W003_V01_P07,W003_V02_P07,addition
W003,P08,W003_V01_P08,W003_V02_P08,requirement
W003,P09,W003_V01_P09,W003_V02_P09,policy
W003,P10,W003_V01_P10,W003_V02_P10,semantic
W003,P01,W003_V02_P01,W003_V03_P01,requirement
W003,P02,W003_V02_P02,W003_V03_P02,policy
W003,P03,W003_V02_P03,W003_V03_P03,semantic
W003,P04,W003_V02_P04,W003_V03_P04,numeric
W003,P05,W003_V02_P05,W003_V03_P05,major_semantic
W003,P06,W003_V02_P06,W003_V03_P06,reordering
W003,P07,W003_V02_P07,W003_V03_P07,date_time
W003,P08,W003_V02_P08,W003_V03_P08,deletion
W003,P09,W003_V02_P09,W003_V03_P09,addition
W003,P10,W003_V02_P10,W003_V03_P10,requirement
W003,P01,W003_V03_P01,W003_V04_P01,deletion
W003,P02,W003_V03_P02,W003_V04_P02,addition
W003,P03,W003_V03_P03,W003_V04_P03,requirement
W003,P04,W003_V03_P04,W003_V04_P04,policy
W003,P05,W003_V03_P05,W003_V04_P05,semantic
W003,P06,W003_V03_P06,W003_V04_P06,numeric
W003,P07,W003_V03_P07,W003_V04_P07,major_semantic
W003,P08,W003_V03_P08,W003_V04_P08,reordering
W003,P09,W003_V03_P09,W003_V04_P09,date_time
W003,P10,W003_V03_P10,W003_V04_P10,deletion
W003,P01,W003_V04_P01,W003_V05_P01,reordering
W003,P02,W003_V04_P02,W003_V05_P02,date_time
W003,P03,W003_V04_P03,W003_V05_P03,deletion
W003,P04,W003_V04_P04,W003_V05_P04,addition
W003,P05,W003_V04_P05,W003_V05_P05,requirement
W003,P06,W003_V04_P06,W003_V05_P06,policy
W003,P07,W003_V04_P07,W003_V05_P07,semantic
W003,P08,W003_V04_P08,W003_V05_P08,numeric
W003,P09,W003_V04_P09,W003_V05_P09,major_semantic
W003,P10,W003_V04_P10,W003_V05_P10,reordering
W003,P01,W003_V05_P01,W003_V06_P01,numeric
W003,P02,W003_V05_P02,W003_V06_P02,major_semantic
W003,P03,W003_V05_P03,W003_V06_P03,reordering
W003,P04,W003_V05_P04,W003_V06_P04,date_time
W003,P05,W003_V05_P05,W003_V06_P05,deletion
W003,P06,W003_V05_P06,W003_V06_P06,addition
W003,P07,W003_V05_P07,W003_V06_P07,requirement
W003,P08,W003_V05_P08,W003_V06_P08,policy
W003,P09,W003_V05_P09,W003_V06_P09,semantic
W003,P10,W003_V05_P10,W003_V06_P10,numeric
W003,P01,W003_V06_P01,W003_V07_P01,policy
W003,P02,W003_V06_P02,W003_V07_P02,semantic
W003,P03,W003_V06_P03,W003_V07_P03,numeric
W003,P04,W003_V06_P04,W003_V07_P04,major_semantic
W003,P05,W003_V06_P05,W003_V07_P05,reordering
W003,P06,W003_V06_P06,W003_V07_P06,date_time
W003,P07,W003_V06_P07,W003_V07_P07,deletion
W003,P08,W003_V06_P08,W003_V07_P08,addition
W003,P09,W003_V06_P09,W003_V07_P09,requirement
W003,P10,W003_V06_P10,W003_V07_P10,policy
W003,P01,W003_V07_P01,W003_V08_P01,addition
W003,P02,W003_V07_P02,W003_V08_P02,requirement
W003,P03,W003_V07_P03,W003_V08_P03,policy
W003,P04,W003_V07_P04,W003_V08_P04,semantic
W003,P05,W003_V07_P05,W003_V08_P05,numeric
W003,P06,W003_V07_P06,W003_V08_P06,major_semantic
W003,P07,W003_V07_P07,W003_V08_P07,reordering
W003,P08,W003_V07_P08,W003_V08_P08,date_time
W003,P09,W003_V07_P09,W003_V08_P09,deletion
W003,P10,W003_V07_P10,W003_V08_P10,addition
W003,P01,W003_V08_P01,W003_V09_P01,date_time
W003,P02,W003_V08_P02,W003_V09_P02,deletion
W003,P03,W003_V08_P03,W003_V09_P03,addition
W003,P04,W003_V08_P04,W003_V09_P04,requirement
W003,P05,W003_V08_P05,W003_V09_P05,policy
W003,P06,W003_V08_P06,W003_V09_P06,semantic
W003,P07,W003_V08_P07,W003_V09_P07,numeric
W003,P08,W003_V08_P08,W003_V09_P08,major_semantic
W003,P09,W003_V08_P09,W003_V09_P09,reordering
W003,P10,W003_V08_P10,W003_V09_P10,date_time
W003,P01,W003_V09_P01,W003_V10_P01,major_semantic
W003,P02,W003_V09_P02,W003_V10_P02,reordering
W003,P03,W003_V09_P03,W003_V10_P03,date_time
W003,P04,W003_V09_P04,W003_V10_P04,deletion
W003,P05,W003_V09_P05,W003_V10_P05,addition
W003,P06,W003_V09_P06,W003_V10_P06,requirement
W003,P07,W003_V09_P07,W003_V10_P07,policy
W003,P08,W003_V09_P08,W003_V10_P08,semantic
W003,P09,W003_V09_P09,W003_V10_P09,numeric
W003,P10,W003_V09_P10,W003_V10_P10,major_semantic
W004,P01,W004_V01_P01,W004_V02_P01,numeric
W004,P02,W004_V01_P02,W004_V02_P02,major_semantic
W004,P03,W004_V01_P03,W004_V02_P03,reordering
W004,P04,W004_V01_P04,W004_V02_P04,date_time
W004,P05,W004_V01_P05,W004_V02_P05,deletion
W004,P06,W004_V01_P06,W004_V02_P06,addition
W004,P07,W004_V01_P07,W004_V02_P07,requirement
W004,P08,W004_V01_P08,W004_V02_P08,policy
W004,P09,W004_V01_P09,W004_V02_P09,semantic
W004,P10,W004_V01_P10,W004_V02_P10,numeric
W004,P01,W004_V02_P01,W004_V03_P01,policy
W004,P02,W004_V02_P02,W004_V03_P02,semantic
W004,P03,W004_V02_P03,W004_V03_P03,numeric
W004,P04,W004_V02_P04,W004_V03_P04,major_semantic
W004,P05,W004_V02_P05,W004_V03_P05,reordering
W004,P06,W004_V02_P06,W004_V03_P06,date_time
W004,P07,W004_V02_P07,W004_V03_P07,deletion
W004,P08,W004_V02_P08,W004_V03_P08,addition
W004,P09,W004_V02_P09,W004_V03_P09,requirement
W004,P10,W004_V02_P10,W004_V03_P10,policy
W004,P01,W004_V03_P01,W004_V04_P01,addition
W004,P02,W004_V03_P02,W004_V04_P02,requirement
W004,P03,W004_V03_P03,W004_V04_P03,policy
W004,P04,W004_V03_P04,W004_V04_P04,semantic
W004,P05,W004_V03_P05,W004_V04_P05,numeric
W004,P06,W004_V03_P06,W004_V04_P06,major_semantic
W004,P07,W004_V03_P07,W004_V04_P07,reordering
W004,P08,W004_V03_P08,W004_V04_P08,date_time
W004,P09,W004_V03_P09,W004_V04_P09,deletion
W004,P10,W004_V03_P10,W004_V04_P10,addition
W004,P01,W004_V04_P01,W004_V05_P01,date_time
W004,P02,W004_V04_P02,W004_V05_P02,deletion
W004,P03,W004_V04_P03,W004_V05_P03,addition
W004,P04,W004_V04_P04,W004_V05_P04,requirement
W004,P05,W004_V04_P05,W004_V05_P05,policy
W004,P06,W004_V04_P06,W004_V05_P06,semantic
W004,P07,W004_V04_P07,W004_V05_P07,numeric
W004,P08,W004_V04_P08,W004_V05_P08,major_semantic
W004,P09,W004_V04_P09,W004_V05_P09,reordering
W004,P10,W004_V04_P10,W004_V05_P10,date_time
W004,P01,W004_V05_P01,W004_V06_P01,major_semantic
W004,P02,W004_V05_P02,W004_V06_P02,reordering
W004,P03,W004_V05_P03,W004_V06_P03,date_time
W004,P04,W004_V05_P04,W004_V06_P04,deletion
W004,P05,W004_V05_P05,W004_V06_P05,addition
W004,P06,W004_V05_P06,W004_V06_P06,requirement
W004,P07,W004_V05_P07,W004_V06_P07,policy
W004,P08,W004_V05_P08,W004_V06_P08,semantic
W004,P09,W004_V05_P09,W004_V06_P09,numeric
W004,P10,W004_V05_P10,W004_V06_P10,major_semantic
W004,P01,W004_V06_P01,W004_V07_P01,semantic
W004,P02,W004_V06_P02,W004_V07_P02,numeric
W004,P03,W004_V06_P03,W004_V07_P03,major_semantic
W004,P04,W004_V06_P04,W004_V07_P04,reordering
W004,P05,W004_V06_P05,W004_V07_P05,date_time
W004,P06,W004_V06_P06,W004_V07_P06,deletion
W004,P07,W004_V06_P07,W004_V07_P07,addition
W004,P08,W004_V06_P08,W004_V07_P08,requirement
W004,P09,W004_V06_P09,W004_V07_P09,policy
W004,P10,W004_V06_P10,W004_V07_P10,semantic
W004,P01,W004_V07_P01,W004_V08_P01,requirement
W004,P02,W004_V07_P02,W004_V08_P02,policy
W004,P03,W004_V07_P03,W004_V08_P03,semantic
W004,P04,W004_V07_P04,W004_V08_P04,numeric
W004,P05,W004_V07_P05,W004_V08_P05,major_semantic
W004,P06,W004_V07_P06,W004_V08_P06,reordering
W004,P07,W004_V07_P07,W004_V08_P07,date_time
W004,P08,W004_V07_P08,W004_V08_P08,deletion
W004,P09,W004_V07_P09,W004_V08_P09,addition
W004,P10,W004_V07_P10,W004_V08_P10,requirement
W004,P01,W004_V08_P01,W004_V09_P01,deletion
W004,P02,W004_V08_P02,W004_V09_P02,addition
W004,P03,W004_V08_P03,W004_V09_P03,requirement
W004,P04,W004_V08_P04,W004_V09_P04,policy
W004,P05,W004_V08_P05,W004_V09_P05,semantic
W004,P06,W004_V08_P06,W004_V09_P06,numeric
W004,P07,W004_V08_P07,W004_V09_P07,major_semantic
W004,P08,W004_V08_P08,W004_V09_P08,reordering
W004,P09,W004_V08_P09,W004_V09_P09,date_time
W004,P10,W004_V08_P10,W004_V09_P10,deletion
W004,P01,W004_V09_P01,W004_V10_P01,reordering
W004,P02,W004_V09_P02,W004_V10_P02,date_time
W004,P03,W004_V09_P03,W004_V10_P03,deletion
W004,P04,W004_V09_P04,W004_V10_P04,addition
W004,P05,W004_V09_P05,W004_V10_P05,requirement
W004,P06,W004_V09_P06,W004_V10_P06,policy
W004,P07,W004_V09_P07,W004_V10_P07,semantic
W004,P08,W004_V09_P08,W004_V10_P08,numeric
W004,P09,W004_V09_P09,W004_V10_P09,major_semantic
W004,P10,W004_V09_P10,W004_V10_P10,reordering
W005,P01,W005_V01_P01,W005_V02_P01,major_semantic
W005,P02,W005_V01_P02,W005_V02_P02,reordering
W005,P03,W005_V01_P03,W005_V02_P03,date_time
W005,P04,W005_V01_P04,W005_V02_P04,deletion
W005,P05,W005_V01_P05,W005_V02_P05,addition
W005,P06,W005_V01_P06,W005_V02_P06,requirement
W005,P07,W005_V01_P07,W005_V02_P07,policy
W005,P08,W005_V01_P08,W005_V02_P08,semantic
W005,P09,W005_V01_P09,W005_V02_P09,numeric
W005,P10,W005_V01_P10,W005_V02_P10,major_semantic
W005,P01,W005_V02_P01,W005_V03_P01,semantic
W005,P02,W005_V02_P02,W005_V03_P02,numeric
W005,P03,W005_V02_P03,W005_V03_P03,major_semantic
W005,P04,W005_V02_P04,W005_V03_P04,reordering
W005,P05,W005_V02_P05,W005_V03_P05,date_time
W005,P06,W005_V02_P06,W005_V03_P06,deletion
W005,P07,W005_V02_P07,W005_V03_P07,addition
W005,P08,W005_V02_P08,W005_V03_P08,requirement
W005,P09,W005_V02_P09,W005_V03_P09,policy
W005,P10,W005_V02_P10,W005_V03_P10,semantic
W005,P01,W005_V03_P01,W005_V04_P01,requirement
W005,P02,W005_V03_P02,W005_V04_P02,policy
W005,P03,W005_V03_P03,W005_V04_P03,semantic
W005,P04,W005_V03_P04,W005_V04_P04,numeric
W005,P05,W005_V03_P05,W005_V04_P05,major_semantic
W005,P06,W005_V03_P06,W005_V04_P06,reordering
W005,P07,W005_V03_P07,W005_V04_P07,date_time
W005,P08,W005_V03_P08,W005_V04_P08,deletion
W005,P09,W005_V03_P09,W005_V04_P09,addition
W005,P10,W005_V03_P10,W005_V04_P10,requirement
W005,P01,W005_V04_P01,W005_V05_P01,deletion
W005,P02,W005_V04_P02,W005_V05_P02,addition
W005,P03,W005_V04_P03,W005_V05_P03,requirement
W005,P04,W005_V04_P04,W005_V05_P04,policy
W005,P05,W005_V04_P05,W005_V05_P05,semantic
W005,P06,W005_V04_P06,W005_V05_P06,numeric
W005,P07,W005_V04_P07,W005_V05_P07,major_semantic
W005,P08,W005_V04_P08,W005_V05_P08,reordering
W005,P09,W005_V04_P09,W005_V05_P09,date_time
W005,P10,W005_V04_P10,W005_V05_P10,deletion
W005,P01,W005_V05_P01,W005_V06_P01,reordering
W005,P02,W005_V05_P02,W005_V06_P02,date_time
W005,P03,W005_V05_P03,W005_V06_P03,deletion
W005,P04,W005_V05_P04,W005_V06_P04,addition
W005,P05,W005_V05_P05,W005_V06_P05,requirement
W005,P06,W005_V05_P06,W005_V06_P06,policy
W005,P07,W005_V05_P07,W005_V06_P07,semantic
W005,P08,W005_V05_P08,W005_V06_P08,numeric
W005,P09,W005_V05_P09,W005_V06_P09,major_semantic
W005,P10,W005_V05_P10,W005_V06_P10,reordering
W005,P01,W005_V06_P01,W005_V07_P01,numeric
W005,P02,W005_V06_P02,W005_V07_P02,major_semantic
W005,P03,W005_V06_P03,W005_V07_P03,reordering
W005,P04,W005_V06_P04,W005_V07_P04,date_time
W005,P05,W005_V06_P05,W005_V07_P05,deletion
W005,P06,W005_V06_P06,W005_V07_P06,addition
W005,P07,W005_V06_P07,W005_V07_P07,requirement
W005,P08,W005_V06_P08,W005_V07_P08,policy
W005,P09,W005_V06_P09,W005_V07_P09,semantic
W005,P10,W005_V06_P10,W005_V07_P10,numeric
W005,P01,W005_V07_P01,W005_V08_P01,policy
W005,P02,W005_V07_P02,W005_V08_P02,semantic
W005,P03,W005_V07_P03,W005_V08_P03,numeric
W005,P04,W005_V07_P04,W005_V08_P04,major_semantic
W005,P05,W005_V07_P05,W005_V08_P05,reordering
W005,P06,W005_V07_P06,W005_V08_P06,date_time
W005,P07,W005_V07_P07,W005_V08_P07,deletion
W005,P08,W005_V07_P08,W005_V08_P08,addition
W005,P09,W005_V07_P09,W005_V08_P09,requirement
W005,P10,W005_V07_P10,W005_V08_P10,policy
W005,P01,W005_V08_P01,W005_V09_P01,addition
W005,P02,W005_V08_P02,W005_V09_P02,requirement
W005,P03,W005_V08_P03,W005_V09_P03,policy
W005,P04,W005_V08_P04,W005_V09_P04,semantic
W005,P05,W005_V08_P05,W005_V09_P05,numeric
W005,P06,W005_V08_P06,W005_V09_P06,major_semantic
W005,P07,W005_V08_P07,W005_V09_P07,reordering
W005,P08,W005_V08_P08,W005_V09_P08,date_time
W005,P09,W005_V08_P09,W005_V09_P09,deletion
W005,P10,W005_V08_P10,W005_V09_P10,addition
W005,P01,W005_V09_P01,W005_V10_P01,date_time
W005,P02,W005_V09_P02,W005_V10_P02,deletion
W005,P03,W005_V09_P03,W005_V10_P03,addition
W005,P04,W005_V09_P04,W005_V10_P04,requirement
W005,P05,W005_V09_P05,W005_V10_P05,policy
W005,P06,W005_V09_P06,W005_V10_P06,semantic
W005,P07,W005_V09_P07,W005_V10_P07,numeric
W005,P08,W005_V09_P08,W005_V10_P08,major_semantic
W005,P09,W005_V09_P09,W005_V10_P09,reordering
W005,P10,W005_V09_P10,W005_V10_P10,date_time
W006,P01,W006_V01_P01,W006_V02_P01,reordering
W006,P02,W006_V01_P02,W006_V02_P02,date_time
W006,P03,W006_V01_P03,W006_V02_P03,deletion
W006,P04,W006_V01_P04,W006_V02_P04,addition
W006,P05,W006_V01_P05,W006_V02_P05,requirement
W006,P06,W006_V01_P06,W006_V02_P06,policy
W006,P07,W006_V01_P07,W006_V02_P07,semantic
W006,P08,W006_V01_P08,W006_V02_P08,numeric
W006,P09,W006_V01_P09,W006_V02_P09,major_semantic
W006,P10,W006_V01_P10,W006_V02_P10,reordering
W006,P01,W006_V02_P01,W006_V03_P01,numeric
W006,P02,W006_V02_P02,W006_V03_P02,major_semantic
W006,P03,W006_V02_P03,W006_V03_P03,reordering
W006,P04,W006_V02_P04,W006_V03_P04,date_time
W006,P05,W006_V02_P05,W006_V03_P05,deletion
W006,P06,W006_V02_P06,W006_V03_P06,addition
W006,P07,W006_V02_P07,W006_V03_P07,requirement
W006,P08,W006_V02_P08,W006_V03_P08,policy
W006,P09,W006_V02_P09,W006_V03_P09,semantic
W006,P10,W006_V02_P10,W006_V03_P10,numeric
W006,P01,W006_V03_P01,W006_V04_P01,policy
W006,P02,W006_V03_P02,W006_V04_P02,semantic
W006,P03,W006_V03_P03,W006_V04_P03,numeric
W006,P04,W006_V03_P04,W006_V04_P04,major_semantic
W006,P05,W006_V03_P05,W006_V04_P05,reordering
W006,P06,W006_V03_P06,W006_V04_P06,date_time
W006,P07,W006_V03_P07,W006_V04_P07,deletion
W006,P08,W006_V03_P08,W006_V04_P08,addition
W006,P09,W006_V03_P09,W006_V04_P09,requirement
W006,P10,W006_V03_P10,W006_V04_P10,policy
W006,P01,W006_V04_P01,W006_V05_P01,addition
W006,P02,W006_V04_P02,W006_V05_P02,requirement
W006,P03,W006_V04_P03,W006_V05_P03,policy
W006,P04,W006_V04_P04,W006_V05_P04,semantic
W006,P05,W006_V04_P05,W006_V05_P05,numeric
W006,P06,W006_V04_P06,W006_V05_P06,major_semantic
W006,P07,W006_V04_P07,W006_V05_P07,reordering
W006,P08,W006_V04_P08,W006_V05_P08,date_time
W006,P09,W006_V04_P09,W006_V05_P09,deletion
W006,P10,W006_V04_P10,W006_V05_P10,addition
W006,P01,W006_V05_P01,W006_V06_P01,date_time
W006,P02,W006_V05_P02,W006_V06_P02,deletion
W006,P03,W006_V05_P03,W006_V06_P03,addition
W006,P04,W006_V05_P04,W006_V06_P04,requirement
W006,P05,W006_V05_P05,W006_V06_P05,policy
W006,P06,W006_V05_P06,W006_V06_P06,semantic
W006,P07,W006_V05_P07,W006_V06_P07,numeric
W006,P08,W006_V05_P08,W006_V06_P08,major_semantic
W006,P09,W006_V05_P09,W006_V06_P09,reordering
W006,P10,W006_V05_P10,W006_V06_P10,date_time
W006,P01,W006_V06_P01,W006_V07_P01,major_semantic
W006,P02,W006_V06_P02,W006_V07_P02,reordering
W006,P03,W006_V06_P03,W006_V07_P03,date_time
W006,P04,W006_V06_P04,W006_V07_P04,deletion
W006,P05,W006_V06_P05,W006_V07_P05,addition
W006,P06,W006_V06_P06,W006_V07_P06,requirement
W006,P07,W006_V06_P07,W006_V07_P07,policy
W006,P08,W006_V06_P08,W006_V07_P08,semantic
W006,P09,W006_V06_P09,W006_V07_P09,numeric
W006,P10,W006_V06_P10,W006_V07_P10,major_semantic
W006,P01,W006_V07_P01,W006_V08_P01,semantic
W006,P02,W006_V07_P02,W006_V08_P02,numeric
W006,P03,W006_V07_P03,W006_V08_P03,major_semantic
W006,P04,W006_V07_P04,W006_V08_P04,reordering
W006,P05,W006_V07_P05,W006_V08_P05,date_time
W006,P06,W006_V07_P06,W006_V08_P06,deletion
W006,P07,W006_V07_P07,W006_V08_P07,addition
W006,P08,W006_V07_P08,W006_V08_P08,requirement
W006,P09,W006_V07_P09,W006_V08_P09,policy
W006,P10,W006_V07_P10,W006_V08_P10,semantic
W006,P01,W006_V08_P01,W006_V09_P01,requirement
W006,P02,W006_V08_P02,W006_V09_P02,policy
W006,P03,W006_V08_P03,W006_V09_P03,semantic
W006,P04,W006_V08_P04,W006_V09_P04,numeric
W006,P05,W006_V08_P05,W006_V09_P05,major_semantic
W006,P06,W006_V08_P06,W006_V09_P06,reordering
W006,P07,W006_V08_P07,W006_V09_P07,date_time
W006,P08,W006_V08_P08,W006_V09_P08,deletion
W006,P09,W006_V08_P09,W006_V09_P09,addition
W006,P10,W006_V08_P10,W006_V09_P10,requirement
W006,P01,W006_V09_P01,W006_V10_P01,deletion
W006,P02,W006_V09_P02,W006_V10_P02,addition
W006,P03,W006_V09_P03,W006_V10_P03,requirement
W006,P04,W006_V09_P04,W006_V10_P04,policy
W006,P05,W006_V09_P05,W006_V10_P05,semantic
W006,P06,W006_V09_P06,W006_V10_P06,numeric
W006,P07,W006_V09_P07,W006_V10_P07,major_semantic
W006,P08,W006_V09_P08,W006_V10_P08,reordering
W006,P09,W006_V09_P09,W006_V10_P09,date_time
W006,P10,W006_V09_P10,W006_V10_P10,deletion
W007,P01,W007_V01_P01,W007_V02_P01,date_time
W007,P02,W007_V01_P02,W007_V02_P02,deletion
W007,P03,W007_V01_P03,W007_V02_P03,addition
W007,P04,W007_V01_P04,W007_V02_P04,requirement
W007,P05,W007_V01_P05,W007_V02_P05,policy
W007,P06,W007_V01_P06,W007_V02_P06,semantic
W007,P07,W007_V01_P07,W007_V02_P07,numeric
W007,P08,W007_V01_P08,W007_V02_P08,major_semantic
W007,P09,W007_V01_P09,W007_V02_P09,reordering
W007,P10,W007_V01_P10,W007_V02_P10,date_time
W007,P01,W007_V02_P01,W007_V03_P01,major_semantic
W007,P02,W007_V02_P02,W007_V03_P02,reordering
W007,P03,W007_V02_P03,W007_V03_P03,date_time
W007,P04,W007_V02_P04,W007_V03_P04,deletion
W007,P05,W007_V02_P05,W007_V03_P05,addition
W007,P06,W007_V02_P06,W007_V03_P06,requirement
W007,P07,W007_V02_P07,W007_V03_P07,policy
W007,P08,W007_V02_P08,W007_V03_P08,semantic
W007,P09,W007_V02_P09,W007_V03_P09,numeric
W007,P10,W007_V02_P10,W007_V03_P10,major_semantic
W007,P01,W007_V03_P01,W007_V04_P01,semantic
W007,P02,W007_V03_P02,W007_V04_P02,numeric
W007,P03,W007_V03_P03,W007_V04_P03,major_semantic
W007,P04,W007_V03_P04,W007_V04_P04,reordering
W007,P05,W007_V03_P05,W007_V04_P05,date_time
W007,P06,W007_V03_P06,W007_V04_P06,deletion
W007,P07,W007_V03_P07,W007_V04_P07,addition
W007,P08,W007_V03_P08,W007_V04_P08,requirement
W007,P09,W007_V03_P09,W007_V04_P09,policy
W007,P10,W007_V03_P10,W007_V04_P10,semantic
W007,P01,W007_V04_P01,W007_V05_P01,requirement
W007,P02,W007_V04_P02,W007_V05_P02,policy
W007,P03,W007_V04_P03,W007_V05_P03,semantic
W007,P04,W007_V04_P04,W007_V05_P04,numeric
W007,P05,W007_V04_P05,W007_V05_P05,major_semantic
W007,P06,W007_V04_P06,W007_V05_P06,reordering
W007,P07,W007_V04_P07,W007_V05_P07,date_time
W007,P08,W007_V04_P08,W007_V05_P08,deletion
W007,P09,W007_V04_P09,W007_V05_P09,addition
W007,P10,W007_V04_P10,W007_V05_P10,requirement
W007,P01,W007_V05_P01,W007_V06_P01,deletion
W007,P02,W007_V05_P02,W007_V06_P02,addition
W007,P03,W007_V05_P03,W007_V06_P03,requirement
W007,P04,W007_V05_P04,W007_V06_P04,policy
W007,P05,W007_V05_P05,W007_V06_P05,semantic
W007,P06,W007_V05_P06,W007_V06_P06,numeric
W007,P07,W007_V05_P07,W007_V06_P07,major_semantic
W007,P08,W007_V05_P08,W007_V06_P08,reordering
W007,P09,W007_V05_P09,W007_V06_P09,date_time
W007,P10,W007_V05_P10,W007_V06_P10,deletion
W007,P01,W007_V06_P01,W007_V07_P01,reordering
W007,P02,W007_V06_P02,W007_V07_P02,date_time
W007,P03,W007_V06_P03,W007_V07_P03,deletion
W007,P04,W007_V06_P04,W007_V07_P04,addition
W007,P05,W007_V06_P05,W007_V07_P05,requirement
W007,P06,W007_V06_P06,W007_V07_P06,policy
W007,P07,W007_V06_P07,W007_V07_P07,semantic
W007,P08,W007_V06_P08,W007_V07_P08,numeric
W007,P09,W007_V06_P09,W007_V07_P09,major_semantic
W007,P10,W007_V06_P10,W007_V07_P10,reordering
W007,P01,W007_V07_P01,W007_V08_P01,numeric
W007,P02,W007_V07_P02,W007_V08_P02,major_semantic
W007,P03,W007_V07_P03,W007_V08_P03,reordering
W007,P04,W007_V07_P04,W007_V08_P04,date_time
W007,P05,W007_V07_P05,W007_V08_P05,deletion
W007,P06,W007_V07_P06,W007_V08_P06,addition
W007,P07,W007_V07_P07,W007_V08_P07,requirement
W007,P08,W007_V07_P08,W007_V08_P08,policy
W007,P09,W007_V07_P09,W007_V08_P09,semantic
W007,P10,W007_V07_P10,W007_V08_P10,numeric
W007,P01,W007_V08_P01,W007_V09_P01,policy
W007,P02,W007_V08_P02,W007_V09_P02,semantic
W007,P03,W007_V08_P03,W007_V09_P03,numeric
W007,P04,W007_V08_P04,W007_V09_P04,major_semantic
W007,P05,W007_V08_P05,W007_V09_P05,reordering
W007,P06,W007_V08_P06,W007_V09_P06,date_time
W007,P07,W007_V08_P07,W007_V09_P07,deletion
W007,P08,W007_V08_P08,W007_V09_P08,addition
W007,P09,W007_V08_P09,W007_V09_P09,requirement
W007,P10,W007_V08_P10,W007_V09_P10,policy
W007,P01,W007_V09_P01,W007_V10_P01,addition
W007,P02,W007_V09_P02,W007_V10_P02,requirement
W007,P03,W007_V09_P03,W007_V10_P03,policy
W007,P04,W007_V09_P04,W007_V10_P04,semantic
W007,P05,W007_V09_P05,W007_V10_P05,numeric
W007,P06,W007_V09_P06,W007_V10_P06,major_semantic
W007,P07,W007_V09_P07,W007_V10_P07,reordering
W007,P08,W007_V09_P08,W007_V10_P08,date_time
W007,P09,W007_V09_P09,W007_V10_P09,deletion
W007,P10,W007_V09_P10,W007_V10_P10,addition
W008,P01,W008_V01_P01,W008_V02_P01,deletion
W008,P02,W008_V01_P02,W008_V02_P02,addition
W008,P03,W008_V01_P03,W008_V02_P03,requirement
W008,P04,W008_V01_P04,W008_V02_P04,policy
W008,P05,W008_V01_P05,W008_V02_P05,semantic
W008,P06,W008_V01_P06,W008_V02_P06,numeric
W008,P07,W008_V01_P07,W008_V02_P07,major_semantic
W008,P08,W008_V01_P08,W008_V02_P08,reordering
W008,P09,W008_V01_P09,W008_V02_P09,date_time
W008,P10,W008_V01_P10,W008_V02_P10,deletion
W008,P01,W008_V02_P01,W008_V03_P01,reordering
W008,P02,W008_V02_P02,W008_V03_P02,date_time
W008,P03,W008_V02_P03,W008_V03_P03,deletion
W008,P04,W008_V02_P04,W008_V03_P04,addition
W008,P05,W008_V02_P05,W008_V03_P05,requirement
W008,P06,W008_V02_P06,W008_V03_P06,policy
W008,P07,W008_V02_P07,W008_V03_P07,semantic
W008,P08,W008_V02_P08,W008_V03_P08,numeric
W008,P09,W008_V02_P09,W008_V03_P09,major_semantic
W008,P10,W008_V02_P10,W008_V03_P10,reordering
W008,P01,W008_V03_P01,W008_V04_P01,numeric
W008,P02,W008_V03_P02,W008_V04_P02,major_semantic
W008,P03,W008_V03_P03,W008_V04_P03,reordering
W008,P04,W008_V03_P04,W008_V04_P04,date_time
W008,P05,W008_V03_P05,W008_V04_P05,deletion
W008,P06,W008_V03_P06,W008_V04_P06,addition
W008,P07,W008_V03_P07,W008_V04_P07,requirement
W008,P08,W008_V03_P08,W008_V04_P08,policy
W008,P09,W008_V03_P09,W008_V04_P09,semantic
W008,P10,W008_V03_P10,W008_V04_P10,numeric
W008,P01,W008_V04_P01,W008_V05_P01,policy
W008,P02,W008_V04_P02,W008_V05_P02,semantic
W008,P03,W008_V04_P03,W008_V05_P03,numeric
W008,P04,W008_V04_P04,W008_V05_P04,major_semantic
W008,P05,W008_V04_P05,W008_V05_P05,reordering
W008,P06,W008_V04_P06,W008_V05_P06,date_time
W008,P07,W008_V04_P07,W008_V05_P07,deletion
W008,P08,W008_V04_P08,W008_V05_P08,addition
W008,P09,W008_V04_P09,W008_V05_P09,requirement
W008,P10,W008_V04_P10,W008_V05_P10,policy
W008,P01,W008_V05_P01,W008_V06_P01,addition
W008,P02,W008_V05_P02,W008_V06_P02,requirement
W008,P03,W008_V05_P03,W008_V06_P03,policy
W008,P04,W008_V05_P04,W008_V06_P04,semantic
W008,P05,W008_V05_P05,W008_V06_P05,numeric
W008,P06,W008_V05_P06,W008_V06_P06,major_semantic
W008,P07,W008_V05_P07,W008_V06_P07,reordering
W008,P08,W008_V05_P08,W008_V06_P08,date_time
W008,P09,W008_V05_P09,W008_V06_P09,deletion
W008,P10,W008_V05_P10,W008_V06_P10,addition
W008,P01,W008_V06_P01,W008_V07_P01,date_time
W008,P02,W008_V06_P02,W008_V07_P02,deletion
W008,P03,W008_V06_P03,W008_V07_P03,addition
W008,P04,W008_V06_P04,W008_V07_P04,requirement
W008,P05,W008_V06_P05,W008_V07_P05,policy
W008,P06,W008_V06_P06,W008_V07_P06,semantic
W008,P07,W008_V06_P07,W008_V07_P07,numeric
W008,P08,W008_V06_P08,W008_V07_P08,major_semantic
W008,P09,W008_V06_P09,W008_V07_P09,reordering
W008,P10,W008_V06_P10,W008_V07_P10,date_time
W008,P01,W008_V07_P01,W008_V08_P01,major_semantic
W008,P02,W008_V07_P02,W008_V08_P02,reordering
W008,P03,W008_V07_P03,W008_V08_P03,date_time
W008,P04,W008_V07_P04,W008_V08_P04,deletion
W008,P05,W008_V07_P05,W008_V08_P05,addition
W008,P06,W008_V07_P06,W008_V08_P06,requirement
W008,P07,W008_V07_P07,W008_V08_P07,policy
W008,P08,W008_V07_P08,W008_V08_P08,semantic
W008,P09,W008_V07_P09,W008_V08_P09,numeric
W008,P10,W008_V07_P10,W008_V08_P10,major_semantic
W008,P01,W008_V08_P01,W008_V09_P01,semantic
W008,P02,W008_V08_P02,W008_V09_P02,numeric
W008,P03,W008_V08_P03,W008_V09_P03,major_semantic
W008,P04,W008_V08_P04,W008_V09_P04,reordering
W008,P05,W008_V08_P05,W008_V09_P05,date_time
W008,P06,W008_V08_P06,W008_V09_P06,deletion
W008,P07,W008_V08_P07,W008_V09_P07,addition
W008,P08,W008_V08_P08,W008_V09_P08,requirement
W008,P09,W008_V08_P09,W008_V09_P09,policy
W008,P10,W008_V08_P10,W008_V09_P10,semantic
W008,P01,W008_V09_P01,W008_V10_P01,requirement
W008,P02,W008_V09_P02,W008_V10_P02,policy
W008,P03,W008_V09_P03,W008_V10_P03,semantic
W008,P04,W008_V09_P04,W008_V10_P04,numeric
W008,P05,W008_V09_P05,W008_V10_P05,major_semantic
W008,P06,W008_V09_P06,W008_V10_P06,reordering
W008,P07,W008_V09_P07,W008_V10_P07,date_time
W008,P08,W008_V09_P08,W008_V10_P08,deletion
W008,P09,W008_V09_P09,W008_V10_P09,addition
W008,P10,W008_V09_P10,W008_V10_P10,requirement
W009,P01,W009_V01_P01,W009_V02_P01,addition
W009,P02,W009_V01_P02,W009_V02_P02,requirement
W009,P03,W009_V01_P03,W009_V02_P03,policy
W009,P04,W009_V01_P04,W009_V02_P04,semantic
W009,P05,W009_V01_P05,W009_V02_P05,numeric
W009,P06,W009_V01_P06,W009_V02_P06,major_semantic
W009,P07,W009_V01_P07,W009_V02_P07,reordering
W009,P08,W009_V01_P08,W009_V02_P08,date_time
W009,P09,W009_V01_P09,W009_V02_P09,deletion
W009,P10,W009_V01_P10,W009_V02_P10,addition
W009,P01,W009_V02_P01,W009_V03_P01,date_time
W009,P02,W009_V02_P02,W009_V03_P02,deletion
W009,P03,W009_V02_P03,W009_V03_P03,addition
W009,P04,W009_V02_P04,W009_V03_P04,requirement
W009,P05,W009_V02_P05,W009_V03_P05,policy
W009,P06,W009_V02_P06,W009_V03_P06,semantic
W009,P07,W009_V02_P07,W009_V03_P07,numeric
W009,P08,W009_V02_P08,W009_V03_P08,major_semantic
W009,P09,W009_V02_P09,W009_V03_P09,reordering
W009,P10,W009_V02_P10,W009_V03_P10,date_time
W009,P01,W009_V03_P01,W009_V04_P01,major_semantic
W009,P02,W009_V03_P02,W009_V04_P02,reordering
W009,P03,W009_V03_P03,W009_V04_P03,date_time
W009,P04,W009_V03_P04,W009_V04_P04,deletion
W009,P05,W009_V03_P05,W009_V04_P05,addition
W009,P06,W009_V03_P06,W009_V04_P06,requirement
W009,P07,W009_V03_P07,W009_V04_P07,policy
W009,P08,W009_V03_P08,W009_V04_P08,semantic
W009,P09,W009_V03_P09,W009_V04_P09,numeric
W009,P10,W009_V03_P10,W009_V04_P10,major_semantic
W009,P01,W009_V04_P01,W009_V05_P01,semantic
W009,P02,W009_V04_P02,W009_V05_P02,numeric
W009,P03,W009_V04_P03,W009_V05_P03,major_semantic
W009,P04,W009_V04_P04,W009_V05_P04,reordering
W009,P05,W009_V04_P05,W009_V05_P05,date_time
W009,P06,W009_V04_P06,W009_V05_P06,deletion
W009,P07,W009_V04_P07,W009_V05_P07,addition
W009,P08,W009_V04_P08,W009_V05_P08,requirement
W009,P09,W009_V04_P09,W009_V05_P09,policy
W009,P10,W009_V04_P10,W009_V05_P10,semantic
W009,P01,W009_V05_P01,W009_V06_P01,requirement
W009,P02,W009_V05_P02,W009_V06_P02,policy
W009,P03,W009_V05_P03,W009_V06_P03,semantic
W009,P04,W009_V05_P04,W009_V06_P04,numeric
W009,P05,W009_V05_P05,W009_V06_P05,major_semantic
W009,P06,W009_V05_P06,W009_V06_P06,reordering
W009,P07,W009_V05_P07,W009_V06_P07,date_time
W009,P08,W009_V05_P08,W009_V06_P08,deletion
W009,P09,W009_V05_P09,W009_V06_P09,addition
W009,P10,W009_V05_P10,W009_V06_P10,requirement
W009,P01,W009_V06_P01,W009_V07_P01,deletion
W009,P02,W009_V06_P02,W009_V07_P02,addition
W009,P03,W009_V06_P03,W009_V07_P03,requirement
W009,P04,W009_V06_P04,W009_V07_P04,policy
W009,P05,W009_V06_P05,W009_V07_P05,semantic
W009,P06,W009_V06_P06,W009_V07_P06,numeric
W009,P07,W009_V06_P07,W009_V07_P07,major_semantic
W009,P08,W009_V06_P08,W009_V07_P08,reordering
W009,P09,W009_V06_P09,W009_V07_P09,date_time
W009,P10,W009_V06_P10,W009_V07_P10,deletion
W009,P01,W009_V07_P01,W009_V08_P01,reordering
W009,P02,W009_V07_P02,W009_V08_P02,date_time
W009,P03,W009_V07_P03,W009_V08_P03,deletion
W009,P04,W009_V07_P04,W009_V08_P04,addition
W009,P05,W009_V07_P05,W009_V08_P05,requirement
W009,P06,W009_V07_P06,W009_V08_P06,policy
W009,P07,W009_V07_P07,W009_V08_P07,semantic
W009,P08,W009_V07_P08,W009_V08_P08,numeric
W009,P09,W009_V07_P09,W009_V08_P09,major_semantic
W009,P10,W009_V07_P10,W009_V08_P10,reordering
W009,P01,W009_V08_P01,W009_V09_P01,numeric
W009,P02,W009_V08_P02,W009_V09_P02,major_semantic
W009,P03,W009_V08_P03,W009_V09_P03,reordering
W009,P04,W009_V08_P04,W009_V09_P04,date_time
W009,P05,W009_V08_P05,W009_V09_P05,deletion
W009,P06,W009_V08_P06,W009_V09_P06,addition
W009,P07,W009_V08_P07,W009_V09_P07,requirement
W009,P08,W009_V08_P08,W009_V09_P08,policy
W009,P09,W009_V08_P09,W009_V09_P09,semantic
W009,P10,W009_V08_P10,W009_V09_P10,numeric
W009,P01,W009_V09_P01,W009_V10_P01,policy
W009,P02,W009_V09_P02,W009_V10_P02,semantic
W009,P03,W009_V09_P03,W009_V10_P03,numeric
W009,P04,W009_V09_P04,W009_V10_P04,major_semantic
W009,P05,W009_V09_P05,W009_V10_P05,reordering
W009,P06,W009_V09_P06,W009_V10_P06,date_time
W009,P07,W009_V09_P07,W009_V10_P07,deletion
W009,P08,W009_V09_P08,W009_V10_P08,addition
W009,P09,W009_V09_P09,W009_V10_P09,requirement
W009,P10,W009_V09_P10,W009_V10_P10,policy
W010,P01,W010_V01_P01,W010_V02_P01,requirement
W010,P02,W010_V01_P02,W010_V02_P02,policy
W010,P03,W010_V01_P03,W010_V02_P03,semantic
W010,P04,W010_V01_P04,W010_V02_P04,numeric
W010,P05,W010_V01_P05,W010_V02_P05,major_semantic
W010,P06,W010_V01_P06,W010_V02_P06,reordering
W010,P07,W010_V01_P07,W010_V02_P07,date_time
W010,P08,W010_V01_P08,W010_V02_P08,deletion
W010,P09,W010_V01_P09,W010_V02_P09,addition
W010,P10,W010_V01_P10,W010_V02_P10,requirement
W010,P01,W010_V02_P01,W010_V03_P01,deletion
W010,P02,W010_V02_P02,W010_V03_P02,addition
W010,P03,W010_V02_P03,W010_V03_P03,requirement
W010,P04,W010_V02_P04,W010_V03_P04,policy
W010,P05,W010_V02_P05,W010_V03_P05,semantic
W010,P06,W010_V02_P06,W010_V03_P06,numeric
W010,P07,W010_V02_P07,W010_V03_P07,major_semantic
W010,P08,W010_V02_P08,W010_V03_P08,reordering
W010,P09,W010_V02_P09,W010_V03_P09,date_time
W010,P10,W010_V02_P10,W010_V03_P10,deletion
W010,P01,W010_V03_P01,W010_V04_P01,reordering
W010,P02,W010_V03_P02,W010_V04_P02,date_time
W010,P03,W010_V03_P03,W010_V04_P03,deletion
W010,P04,W010_V03_P04,W010_V04_P04,addition
W010,P05,W010_V03_P05,W010_V04_P05,requirement
W010,P06,W010_V03_P06,W010_V04_P06,policy
W010,P07,W010_V03_P07,W010_V04_P07,semantic
W010,P08,W010_V03_P08,W010_V04_P08,numeric
W010,P09,W010_V03_P09,W010_V04_P09,major_semantic
W010,P10,W010_V03_P10,W010_V04_P10,reordering
W010,P01,W010_V04_P01,W010_V05_P01,numeric
W010,P02,W010_V04_P02,W010_V05_P02,major_semantic
W010,P03,W010_V04_P03,W010_V05_P03,reordering
W010,P04,W010_V04_P04,W010_V05_P04,date_time
W010,P05,W010_V04_P05,W010_V05_P05,deletion
W010,P06,W010_V04_P06,W010_V05_P06,addition
W010,P07,W010_V04_P07,W010_V05_P07,requirement
W010,P08,W010_V04_P08,W010_V05_P08,policy
W010,P09,W010_V04_P09,W010_V05_P09,semantic
W010,P10,W010_V04_P10,W010_V05_P10,numeric
W010,P01,W010_V05_P01,W010_V06_P01,policy
W010,P02,W010_V05_P02,W010_V06_P02,semantic
W010,P03,W010_V05_P03,W010_V06_P03,numeric
W010,P04,W010_V05_P04,W010_V06_P04,major_semantic
W010,P05,W010_V05_P05,W010_V06_P05,reordering
W010,P06,W010_V05_P06,W010_V06_P06,date_time
W010,P07,W010_V05_P07,W010_V06_P07,deletion
W010,P08,W010_V05_P08,W010_V06_P08,addition
W010,P09,W010_V05_P09,W010_V06_P09,requirement
W010,P10,W010_V05_P10,W010_V06_P10,policy
W010,P01,W010_V06_P01,W010_V07_P01,addition
W010,P02,W010_V06_P02,W010_V07_P02,requirement
W010,P03,W010_V06_P03,W010_V07_P03,policy
W010,P04,W010_V06_P04,W010_V07_P04,semantic
W010,P05,W010_V06_P05,W010_V07_P05,numeric
W010,P06,W010_V06_P06,W010_V07_P06,major_semantic
W010,P07,W010_V06_P07,W010_V07_P07,reordering
W010,P08,W010_V06_P08,W010_V07_P08,date_time
W010,P09,W010_V06_P09,W010_V07_P09,deletion
W010,P10,W010_V06_P10,W010_V07_P10,addition
W010,P01,W010_V07_P01,W010_V08_P01,date_time
W010,P02,W010_V07_P02,W010_V08_P02,deletion
W010,P03,W010_V07_P03,W010_V08_P03,addition
W010,P04,W010_V07_P04,W010_V08_P04,requirement
W010,P05,W010_V07_P05,W010_V08_P05,policy
W010,P06,W010_V07_P06,W010_V08_P06,semantic
W010,P07,W010_V07_P07,W010_V08_P07,numeric
W010,P08,W010_V07_P08,W010_V08_P08,major_semantic
W010,P09,W010_V07_P09,W010_V08_P09,reordering
W010,P10,W010_V07_P10,W010_V08_P10,date_time
W010,P01,W010_V08_P01,W010_V09_P01,major_semantic
W010,P02,W010_V08_P02,W010_V09_P02,reordering
W010,P03,W010_V08_P03,W010_V09_P03,date_time
W010,P04,W010_V08_P04,W010_V09_P04,deletion
W010,P05,W010_V08_P05,W010_V09_P05,addition
W010,P06,W010_V08_P06,W010_V09_P06,requirement
W010,P07,W010_V08_P07,W010_V09_P07,policy
W010,P08,W010_V08_P08,W010_V09_P08,semantic
W010,P09,W010_V08_P09,W010_V09_P09,numeric
W010,P10,W010_V08_P10,W010_V09_P10,major_semantic
W010,P01,W010_V09_P01,W010_V10_P01,semantic
W010,P02,W010_V09_P02,W010_V10_P02,numeric
W010,P03,W010_V09_P03,W010_V10_P03,major_semantic
W010,P04,W010_V09_P04,W010_V10_P04,reordering
W010,P05,W010_V09_P05,W010_V10_P05,date_time
W010,P06,W010_V09_P06,W010_V10_P06,deletion
W010,P07,W010_V09_P07,W010_V10_P07,addition
W010,P08,W010_V09_P08,W010_V10_P08,requirement
W010,P09,W010_V09_P09,W010_V10_P09,policy
W010,P10,W010_V09_P10,W010_V10_P10,semantic
W011,P01,W011_V01_P01,W011_V02_P01,policy
W011,P02,W011_V01_P02,W011_V02_P02,semantic
W011,P03,W011_V01_P03,W011_V02_P03,numeric
W011,P04,W011_V01_P04,W011_V02_P04,major_semantic
W011,P05,W011_V01_P05,W011_V02_P05,reordering
W011,P06,W011_V01_P06,W011_V02_P06,date_time
W011,P07,W011_V01_P07,W011_V02_P07,deletion
W011,P08,W011_V01_P08,W011_V02_P08,addition
W011,P09,W011_V01_P09,W011_V02_P09,requirement
W011,P10,W011_V01_P10,W011_V02_P10,policy
W011,P01,W011_V02_P01,W011_V03_P01,addition
W011,P02,W011_V02_P02,W011_V03_P02,requirement
W011,P03,W011_V02_P03,W011_V03_P03,policy
W011,P04,W011_V02_P04,W011_V03_P04,semantic
W011,P05,W011_V02_P05,W011_V03_P05,numeric
W011,P06,W011_V02_P06,W011_V03_P06,major_semantic
W011,P07,W011_V02_P07,W011_V03_P07,reordering
W011,P08,W011_V02_P08,W011_V03_P08,date_time
W011,P09,W011_V02_P09,W011_V03_P09,deletion
W011,P10,W011_V02_P10,W011_V03_P10,addition
W011,P01,W011_V03_P01,W011_V04_P01,date_time
W011,P02,W011_V03_P02,W011_V04_P02,deletion
W011,P03,W011_V03_P03,W011_V04_P03,addition
W011,P04,W011_V03_P04,W011_V04_P04,requirement
W011,P05,W011_V03_P05,W011_V04_P05,policy
W011,P06,W011_V03_P06,W011_V04_P06,semantic
W011,P07,W011_V03_P07,W011_V04_P07,numeric
W011,P08,W011_V03_P08,W011_V04_P08,major_semantic
W011,P09,W011_V03_P09,W011_V04_P09,reordering
W011,P10,W011_V03_P10,W011_V04_P10,date_time
W011,P01,W011_V04_P01,W011_V05_P01,major_semantic
W011,P02,W011_V04_P02,W011_V05_P02,reordering
W011,P03,W011_V04_P03,W011_V05_P03,date_time
W011,P04,W011_V04_P04,W011_V05_P04,deletion
W011,P05,W011_V04_P05,W011_V05_P05,addition
W011,P06,W011_V04_P06,W011_V05_P06,requirement
W011,P07,W011_V04_P07,W011_V05_P07,policy
W011,P08,W011_V04_P08,W011_V05_P08,semantic
W011,P09,W011_V04_P09,W011_V05_P09,numeric
W011,P10,W011_V04_P10,W011_V05_P10,major_semantic
W011,P01,W011_V05_P01,W011_V06_P01,semantic
W011,P02,W011_V05_P02,W011_V06_P02,numeric
W011,P03,W011_V05_P03,W011_V06_P03,major_semantic
W011,P04,W011_V05_P04,W011_V06_P04,reordering
W011,P05,W011_V05_P05,W011_V06_P05,date_time
W011,P06,W011_V05_P06,W011_V06_P06,deletion
W011,P07,W011_V05_P07,W011_V06_P07,addition
W011,P08,W011_V05_P08,W011_V06_P08,requirement
W011,P09,W011_V05_P09,W011_V06_P09,policy
W011,P10,W011_V05_P10,W011_V06_P10,semantic
W011,P01,W011_V06_P01,W011_V07_P01,requirement
W011,P02,W011_V06_P02,W011_V07_P02,policy
W011,P03,W011_V06_P03,W011_V07_P03,semantic
W011,P04,W011_V06_P04,W011_V07_P04,numeric
W011,P05,W011_V06_P05,W011_V07_P05,major_semantic
W011,P06,W011_V06_P06,W011_V07_P06,reordering
W011,P07,W011_V06_P07,W011_V07_P07,date_time
W011,P08,W011_V06_P08,W011_V07_P08,deletion
W011,P09,W011_V06_P09,W011_V07_P09,addition
W011,P10,W011_V06_P10,W011_V07_P10,requirement
W011,P01,W011_V07_P01,W011_V08_P01,deletion
W011,P02,W011_V07_P02,W011_V08_P02,addition
W011,P03,W011_V07_P03,W011_V08_P03,requirement
W011,P04,W011_V07_P04,W011_V08_P04,policy
W011,P05,W011_V07_P05,W011_V08_P05,semantic
W011,P06,W011_V07_P06,W011_V08_P06,numeric
W011,P07,W011_V07_P07,W011_V08_P07,major_semantic
W011,P08,W011_V07_P08,W011_V08_P08,reordering
W011,P09,W011_V07_P09,W011_V08_P09,date_time
W011,P10,W011_V07_P10,W011_V08_P10,deletion
W011,P01,W011_V08_P01,W011_V09_P01,reordering
W011,P02,W011_V08_P02,W011_V09_P02,date_time
W011,P03,W011_V08_P03,W011_V09_P03,deletion
W011,P04,W011_V08_P04,W011_V09_P04,addition
W011,P05,W011_V08_P05,W011_V09_P05,requirement
W011,P06,W011_V08_P06,W011_V09_P06,policy
W011,P07,W011_V08_P07,W011_V09_P07,semantic
W011,P08,W011_V08_P08,W011_V09_P08,numeric
W011,P09,W011_V08_P09,W011_V09_P09,major_semantic
W011,P10,W011_V08_P10,W011_V09_P10,reordering
W011,P01,W011_V09_P01,W011_V10_P01,numeric
W011,P02,W011_V09_P02,W011_V10_P02,major_semantic
W011,P03,W011_V09_P03,W011_V10_P03,reordering
W011,P04,W011_V09_P04,W011_V10_P04,date_time
W011,P05,W011_V09_P05,W011_V10_P05,deletion
W011,P06,W011_V09_P06,W011_V10_P06,addition
W011,P07,W011_V09_P07,W011_V10_P07,requirement
W011,P08,W011_V09_P08,W011_V10_P08,policy
W011,P09,W011_V09_P09,W011_V10_P09,semantic
W011,P10,W011_V09_P10,W011_V10_P10,numeric
W012,P01,W012_V01_P01,W012_V02_P01,semantic
W012,P02,W012_V01_P02,W012_V02_P02,numeric
W012,P03,W012_V01_P03,W012_V02_P03,major_semantic
W012,P04,W012_V01_P04,W012_V02_P04,reordering
W012,P05,W012_V01_P05,W012_V02_P05,date_time
W012,P06,W012_V01_P06,W012_V02_P06,deletion
W012,P07,W012_V01_P07,W012_V02_P07,addition
W012,P08,W012_V01_P08,W012_V02_P08,requirement
W012,P09,W012_V01_P09,W012_V02_P09,policy
W012,P10,W012_V01_P10,W012_V02_P10,semantic
W012,P01,W012_V02_P01,W012_V03_P01,requirement
W012,P02,W012_V02_P02,W012_V03_P02,policy
W012,P03,W012_V02_P03,W012_V03_P03,semantic
W012,P04,W012_V02_P04,W012_V03_P04,numeric
W012,P05,W012_V02_P05,W012_V03_P05,major_semantic
W012,P06,W012_V02_P06,W012_V03_P06,reordering
W012,P07,W012_V02_P07,W012_V03_P07,date_time
W012,P08,W012_V02_P08,W012_V03_P08,deletion
W012,P09,W012_V02_P09,W012_V03_P09,addition
W012,P10,W012_V02_P10,W012_V03_P10,requirement
W012,P01,W012_V03_P01,W012_V04_P01,deletion
W012,P02,W012_V03_P02,W012_V04_P02,addition
W012,P03,W012_V03_P03,W012_V04_P03,requirement
W012,P04,W012_V03_P04,W012_V04_P04,policy
W012,P05,W012_V03_P05,W012_V04_P05,semantic
W012,P06,W012_V03_P06,W012_V04_P06,numeric
W012,P07,W012_V03_P07,W012_V04_P07,major_semantic
W012,P08,W012_V03_P08,W012_V04_P08,reordering
W012,P09,W012_V03_P09,W012_V04_P09,date_time
W012,P10,W012_V03_P10,W012_V04_P10,deletion
W012,P01,W012_V04_P01,W012_V05_P01,reordering
W012,P02,W012_V04_P02,W012_V05_P02,date_time
W012,P03,W012_V04_P03,W012_V05_P03,deletion
W012,P04,W012_V04_P04,W012_V05_P04,addition
W012,P05,W012_V04_P05,W012_V05_P05,requirement
W012,P06,W012_V04_P06,W012_V05_P06,policy
W012,P07,W012_V04_P07,W012_V05_P07,semantic
W012,P08,W012_V04_P08,W012_V05_P08,numeric
W012,P09,W012_V04_P09,W012_V05_P09,major_semantic
W012,P10,W012_V04_P10,W012_V05_P10,reordering
W012,P01,W012_V05_P01,W012_V06_P01,numeric
W012,P02,W012_V05_P02,W012_V06_P02,major_semantic
W012,P03,W012_V05_P03,W012_V06_P03,reordering
W012,P04,W012_V05_P04,W012_V06_P04,date_time
W012,P05,W012_V05_P05,W012_V06_P05,deletion
W012,P06,W012_V05_P06,W012_V06_P06,addition
W012,P07,W012_V05_P07,W012_V06_P07,requirement
W012,P08,W012_V05_P08,W012_V06_P08,policy
W012,P09,W012_V05_P09,W012_V06_P09,semantic
W012,P10,W012_V05_P10,W012_V06_P10,numeric
W012,P01,W012_V06_P01,W012_V07_P01,policy
W012,P02,W012_V06_P02,W012_V07_P02,semantic
W012,P03,W012_V06_P03,W012_V07_P03,numeric
W012,P04,W012_V06_P04,W012_V07_P04,major_semantic
W012,P05,W012_V06_P05,W012_V07_P05,reordering
W012,P06,W012_V06_P06,W012_V07_P06,date_time
W012,P07,W012_V06_P07,W012_V07_P07,deletion
W012,P08,W012_V06_P08,W012_V07_P08,addition
W012,P09,W012_V06_P09,W012_V07_P09,requirement
W012,P10,W012_V06_P10,W012_V07_P10,policy
W012,P01,W012_V07_P01,W012_V08_P01,addition
W012,P02,W012_V07_P02,W012_V08_P02,requirement
W012,P03,W012_V07_P03,W012_V08_P03,policy
W012,P04,W012_V07_P04,W012_V08_P04,semantic
W012,P05,W012_V07_P05,W012_V08_P05,numeric
W012,P06,W012_V07_P06,W012_V08_P06,major_semantic
W012,P07,W012_V07_P07,W012_V08_P07,reordering
W012,P08,W012_V07_P08,W012_V08_P08,date_time
W012,P09,W012_V07_P09,W012_V08_P09,deletion
W012,P10,W012_V07_P10,W012_V08_P10,addition
W012,P01,W012_V08_P01,W012_V09_P01,date_time
W012,P02,W012_V08_P02,W012_V09_P02,deletion
W012,P03,W012_V08_P03,W012_V09_P03,addition
W012,P04,W012_V08_P04,W012_V09_P04,requirement
W012,P05,W012_V08_P05,W012_V09_P05,policy
W012,P06,W012_V08_P06,W012_V09_P06,semantic
W012,P07,W012_V08_P07,W012_V09_P07,numeric
W012,P08,W012_V08_P08,W012_V09_P08,major_semantic
W012,P09,W012_V08_P09,W012_V09_P09,reordering
W012,P10,W012_V08_P10,W012_V09_P10,date_time
W012,P01,W012_V09_P01,W012_V10_P01,major_semantic
W012,P02,W012_V09_P02,W012_V10_P02,reordering
W012,P03,W012_V09_P03,W012_V10_P03,date_time
W012,P04,W012_V09_P04,W012_V10_P04,deletion
W012,P05,W012_V09_P05,W012_V10_P05,addition
W012,P06,W012_V09_P06,W012_V10_P06,requirement
W012,P07,W012_V09_P07,W012_V10_P07,policy
W012,P08,W012_V09_P08,W012_V10_P08,semantic
W012,P09,W012_V09_P09,W012_V10_P09,numeric
W012,P10,W012_V09_P10,W012_V10_P10,major_semantic
W013,P01,W013_V01_P01,W013_V02_P01,numeric
W013,P02,W013_V01_P02,W013_V02_P02,major_semantic
W013,P03,W013_V01_P03,W013_V02_P03,reordering
W013,P04,W013_V01_P04,W013_V02_P04,date_time
W013,P05,W013_V01_P05,W013_V02_P05,deletion
W013,P06,W013_V01_P06,W013_V02_P06,addition
W013,P07,W013_V01_P07,W013_V02_P07,requirement
W013,P08,W013_V01_P08,W013_V02_P08,policy
W013,P09,W013_V01_P09,W013_V02_P09,semantic
W013,P10,W013_V01_P10,W013_V02_P10,numeric
W013,P01,W013_V02_P01,W013_V03_P01,policy
W013,P02,W013_V02_P02,W013_V03_P02,semantic
W013,P03,W013_V02_P03,W013_V03_P03,numeric
W013,P04,W013_V02_P04,W013_V03_P04,major_semantic
W013,P05,W013_V02_P05,W013_V03_P05,reordering
W013,P06,W013_V02_P06,W013_V03_P06,date_time
W013,P07,W013_V02_P07,W013_V03_P07,deletion
W013,P08,W013_V02_P08,W013_V03_P08,addition
W013,P09,W013_V02_P09,W013_V03_P09,requirement
W013,P10,W013_V02_P10,W013_V03_P10,policy
W013,P01,W013_V03_P01,W013_V04_P01,addition
W013,P02,W013_V03_P02,W013_V04_P02,requirement
W013,P03,W013_V03_P03,W013_V04_P03,policy
W013,P04,W013_V03_P04,W013_V04_P04,semantic
W013,P05,W013_V03_P05,W013_V04_P05,numeric
W013,P06,W013_V03_P06,W013_V04_P06,major_semantic
W013,P07,W013_V03_P07,W013_V04_P07,reordering
W013,P08,W013_V03_P08,W013_V04_P08,date_time
W013,P09,W013_V03_P09,W013_V04_P09,deletion
W013,P10,W013_V03_P10,W013_V04_P10,addition
W013,P01,W013_V04_P01,W013_V05_P01,date_time
W013,P02,W013_V04_P02,W013_V05_P02,deletion
W013,P03,W013_V04_P03,W013_V05_P03,addition
W013,P04,W013_V04_P04,W013_V05_P04,requirement
W013,P05,W013_V04_P05,W013_V05_P05,policy
W013,P06,W013_V04_P06,W013_V05_P06,semantic
W013,P07,W013_V04_P07,W013_V05_P07,numeric
W013,P08,W013_V04_P08,W013_V05_P08,major_semantic
W013,P09,W013_V04_P09,W013_V05_P09,reordering
W013,P10,W013_V04_P10,W013_V05_P10,date_time
W013,P01,W013_V05_P01,W013_V06_P01,major_semantic
W013,P02,W013_V05_P02,W013_V06_P02,reordering
W013,P03,W013_V05_P03,W013_V06_P03,date_time
W013,P04,W013_V05_P04,W013_V06_P04,deletion
W013,P05,W013_V05_P05,W013_V06_P05,addition
W013,P06,W013_V05_P06,W013_V06_P06,requirement
W013,P07,W013_V05_P07,W013_V06_P07,policy
W013,P08,W013_V05_P08,W013_V06_P08,semantic
W013,P09,W013_V05_P09,W013_V06_P09,numeric
W013,P10,W013_V05_P10,W013_V06_P10,major_semantic
W013,P01,W013_V06_P01,W013_V07_P01,semantic
W013,P02,W013_V06_P02,W013_V07_P02,numeric
W013,P03,W013_V06_P03,W013_V07_P03,major_semantic
W013,P04,W013_V06_P04,W013_V07_P04,reordering
W013,P05,W013_V06_P05,W013_V07_P05,date_time
W013,P06,W013_V06_P06,W013_V07_P06,deletion
W013,P07,W013_V06_P07,W013_V07_P07,addition
W013,P08,W013_V06_P08,W013_V07_P08,requirement
W013,P09,W013_V06_P09,W013_V07_P09,policy
W013,P10,W013_V06_P10,W013_V07_P10,semantic
W013,P01,W013_V07_P01,W013_V08_P01,requirement
W013,P02,W013_V07_P02,W013_V08_P02,policy
W013,P03,W013_V07_P03,W013_V08_P03,semantic
W013,P04,W013_V07_P04,W013_V08_P04,numeric
W013,P05,W013_V07_P05,W013_V08_P05,major_semantic
W013,P06,W013_V07_P06,W013_V08_P06,reordering
W013,P07,W013_V07_P07,W013_V08_P07,date_time
W013,P08,W013_V07_P08,W013_V08_P08,deletion
W013,P09,W013_V07_P09,W013_V08_P09,addition
W013,P10,W013_V07_P10,W013_V08_P10,requirement
W013,P01,W013_V08_P01,W013_V09_P01,deletion
W013,P02,W013_V08_P02,W013_V09_P02,addition
W013,P03,W013_V08_P03,W013_V09_P03,requirement
W013,P04,W013_V08_P04,W013_V09_P04,policy
W013,P05,W013_V08_P05,W013_V09_P05,semantic
W013,P06,W013_V08_P06,W013_V09_P06,numeric
W013,P07,W013_V08_P07,W013_V09_P07,major_semantic
W013,P08,W013_V08_P08,W013_V09_P08,reordering
W013,P09,W013_V08_P09,W013_V09_P09,date_time
W013,P10,W013_V08_P10,W013_V09_P10,deletion
W013,P01,W013_V09_P01,W013_V10_P01,reordering
W013,P02,W013_V09_P02,W013_V10_P02,date_time
W013,P03,W013_V09_P03,W013_V10_P03,deletion
W013,P04,W013_V09_P04,W013_V10_P04,addition
W013,P05,W013_V09_P05,W013_V10_P05,requirement
W013,P06,W013_V09_P06,W013_V10_P06,policy
W013,P07,W013_V09_P07,W013_V10_P07,semantic
W013,P08,W013_V09_P08,W013_V10_P08,numeric
W013,P09,W013_V09_P09,W013_V10_P09,major_semantic
W013,P10,W013_V09_P10,W013_V10_P10,reordering
W014,P01,W014_V01_P01,W014_V02_P01,major_semantic
W014,P02,W014_V01_P02,W014_V02_P02,reordering
W014,P03,W014_V01_P03,W014_V02_P03,date_time
W014,P04,W014_V01_P04,W014_V02_P04,deletion
W014,P05,W014_V01_P05,W014_V02_P05,addition
W014,P06,W014_V01_P06,W014_V02_P06,requirement
W014,P07,W014_V01_P07,W014_V02_P07,policy
W014,P08,W014_V01_P08,W014_V02_P08,semantic
W014,P09,W014_V01_P09,W014_V02_P09,numeric
W014,P10,W014_V01_P10,W014_V02_P10,major_semantic
W014,P01,W014_V02_P01,W014_V03_P01,semantic
W014,P02,W014_V02_P02,W014_V03_P02,numeric
W014,P03,W014_V02_P03,W014_V03_P03,major_semantic
W014,P04,W014_V02_P04,W014_V03_P04,reordering
W014,P05,W014_V02_P05,W014_V03_P05,date_time
W014,P06,W014_V02_P06,W014_V03_P06,deletion
W014,P07,W014_V02_P07,W014_V03_P07,addition
W014,P08,W014_V02_P08,W014_V03_P08,requirement
W014,P09,W014_V02_P09,W014_V03_P09,policy
W014,P10,W014_V02_P10,W014_V03_P10,semantic
W014,P01,W014_V03_P01,W014_V04_P01,requirement
W014,P02,W014_V03_P02,W014_V04_P02,policy
W014,P03,W014_V03_P03,W014_V04_P03,semantic
W014,P04,W014_V03_P04,W014_V04_P04,numeric
W014,P05,W014_V03_P05,W014_V04_P05,major_semantic
W014,P06,W014_V03_P06,W014_V04_P06,reordering
W014,P07,W014_V03_P07,W014_V04_P07,date_time
W014,P08,W014_V03_P08,W014_V04_P08,deletion
W014,P09,W014_V03_P09,W014_V04_P09,addition
W014,P10,W014_V03_P10,W014_V04_P10,requirement
W014,P01,W014_V04_P01,W014_V05_P01,deletion
W014,P02,W014_V04_P02,W014_V05_P02,addition
W014,P03,W014_V04_P03,W014_V05_P03,requirement
W014,P04,W014_V04_P04,W014_V05_P04,policy
W014,P05,W014_V04_P05,W014_V05_P05,semantic
W014,P06,W014_V04_P06,W014_V05_P06,numeric
W014,P07,W014_V04_P07,W014_V05_P07,major_semantic
W014,P08,W014_V04_P08,W014_V05_P08,reordering
W014,P09,W014_V04_P09,W014_V05_P09,date_time
W014,P10,W014_V04_P10,W014_V05_P10,deletion
W014,P01,W014_V05_P01,W014_V06_P01,reordering
W014,P02,W014_V05_P02,W014_V06_P02,date_time
W014,P03,W014_V05_P03,W014_V06_P03,deletion
W014,P04,W014_V05_P04,W014_V06_P04,addition
W014,P05,W014_V05_P05,W014_V06_P05,requirement
W014,P06,W014_V05_P06,W014_V06_P06,policy
W014,P07,W014_V05_P07,W014_V06_P07,semantic
W014,P08,W014_V05_P08,W014_V06_P08,numeric
W014,P09,W014_V05_P09,W014_V06_P09,major_semantic
W014,P10,W014_V05_P10,W014_V06_P10,reordering
W014,P01,W014_V06_P01,W014_V07_P01,numeric
W014,P02,W014_V06_P02,W014_V07_P02,major_semantic
W014,P03,W014_V06_P03,W014_V07_P03,reordering
W014,P04,W014_V06_P04,W014_V07_P04,date_time
W014,P05,W014_V06_P05,W014_V07_P05,deletion
W014,P06,W014_V06_P06,W014_V07_P06,addition
W014,P07,W014_V06_P07,W014_V07_P07,requirement
W014,P08,W014_V06_P08,W014_V07_P08,policy
W014,P09,W014_V06_P09,W014_V07_P09,semantic
W014,P10,W014_V06_P10,W014_V07_P10,numeric
W014,P01,W014_V07_P01,W014_V08_P01,policy
W014,P02,W014_V07_P02,W014_V08_P02,semantic
W014,P03,W014_V07_P03,W014_V08_P03,numeric
W014,P04,W014_V07_P04,W014_V08_P04,major_semantic
W014,P05,W014_V07_P05,W014_V08_P05,reordering
W014,P06,W014_V07_P06,W014_V08_P06,date_time
W014,P07,W014_V07_P07,W014_V08_P07,deletion
W014,P08,W014_V07_P08,W014_V08_P08,addition
W014,P09,W014_V07_P09,W014_V08_P09,requirement
W014,P10,W014_V07_P10,W014_V08_P10,policy
W014,P01,W014_V08_P01,W014_V09_P01,addition
W014,P02,W014_V08_P02,W014_V09_P02,requirement
W014,P03,W014_V08_P03,W014_V09_P03,policy
W014,P04,W014_V08_P04,W014_V09_P04,semantic
W014,P05,W014_V08_P05,W014_V09_P05,numeric
W014,P06,W014_V08_P06,W014_V09_P06,major_semantic
W014,P07,W014_V08_P07,W014_V09_P07,reordering
W014,P08,W014_V08_P08,W014_V09_P08,date_time
W014,P09,W014_V08_P09,W014_V09_P09,deletion
W014,P10,W014_V08_P10,W014_V09_P10,addition
W014,P01,W014_V09_P01,W014_V10_P01,date_time
W014,P02,W014_V09_P02,W014_V10_P02,deletion
W014,P03,W014_V09_P03,W014_V10_P03,addition
W014,P04,W014_V09_P04,W014_V10_P04,requirement
W014,P05,W014_V09_P05,W014_V10_P05,policy
W014,P06,W014_V09_P06,W014_V10_P06,semantic
W014,P07,W014_V09_P07,W014_V10_P07,numeric
W014,P08,W014_V09_P08,W014_V10_P08,major_semantic
W014,P09,W014_V09_P09,W014_V10_P09,reordering
W014,P10,W014_V09_P10,W014_V10_P10,date_time
W015,P01,W015_V01_P01,W015_V02_P01,reordering
W015,P02,W015_V01_P02,W015_V02_P02,date_time
W015,P03,W015_V01_P03,W015_V02_P03,deletion
W015,P04,W015_V01_P04,W015_V02_P04,addition
W015,P05,W015_V01_P05,W015_V02_P05,requirement
W015,P06,W015_V01_P06,W015_V02_P06,policy
W015,P07,W015_V01_P07,W015_V02_P07,semantic
W015,P08,W015_V01_P08,W015_V02_P08,numeric
W015,P09,W015_V01_P09,W015_V02_P09,major_semantic
W015,P10,W015_V01_P10,W015_V02_P10,reordering
W015,P01,W015_V02_P01,W015_V03_P01,numeric
W015,P02,W015_V02_P02,W015_V03_P02,major_semantic
W015,P03,W015_V02_P03,W015_V03_P03,reordering
W015,P04,W015_V02_P04,W015_V03_P04,date_time
W015,P05,W015_V02_P05,W015_V03_P05,deletion
W015,P06,W015_V02_P06,W015_V03_P06,addition
W015,P07,W015_V02_P07,W015_V03_P07,requirement
W015,P08,W015_V02_P08,W015_V03_P08,policy
W015,P09,W015_V02_P09,W015_V03_P09,semantic
W015,P10,W015_V02_P10,W015_V03_P10,numeric
W015,P01,W015_V03_P01,W015_V04_P01,policy
W015,P02,W015_V03_P02,W015_V04_P02,semantic
W015,P03,W015_V03_P03,W015_V04_P03,numeric
W015,P04,W015_V03_P04,W015_V04_P04,major_semantic
W015,P05,W015_V03_P05,W015_V04_P05,reordering
W015,P06,W015_V03_P06,W015_V04_P06,date_time
W015,P07,W015_V03_P07,W015_V04_P07,deletion
W015,P08,W015_V03_P08,W015_V04_P08,addition
W015,P09,W015_V03_P09,W015_V04_P09,requirement
W015,P10,W015_V03_P10,W015_V04_P10,policy
W015,P01,W015_V04_P01,W015_V05_P01,addition
W015,P02,W015_V04_P02,W015_V05_P02,requirement
W015,P03,W015_V04_P03,W015_V05_P03,policy
W015,P04,W015_V04_P04,W015_V05_P04,semantic
W015,P05,W015_V04_P05,W015_V05_P05,numeric
W015,P06,W015_V04_P06,W015_V05_P06,major_semantic
W015,P07,W015_V04_P07,W015_V05_P07,reordering
W015,P08,W015_V04_P08,W015_V05_P08,date_time
W015,P09,W015_V04_P09,W015_V05_P09,deletion
W015,P10,W015_V04_P10,W015_V05_P10,addition
W015,P01,W015_V05_P01,W015_V06_P01,date_time
W015,P02,W015_V05_P02,W015_V06_P02,deletion
W015,P03,W015_V05_P03,W015_V06_P03,addition
W015,P04,W015_V05_P04,W015_V06_P04,requirement
W015,P05,W015_V05_P05,W015_V06_P05,policy
W015,P06,W015_V05_P06,W015_V06_P06,semantic
W015,P07,W015_V05_P07,W015_V06_P07,numeric
W015,P08,W015_V05_P08,W015_V06_P08,major_semantic
W015,P09,W015_V05_P09,W015_V06_P09,reordering
W015,P10,W015_V05_P10,W015_V06_P10,date_time
W015,P01,W015_V06_P01,W015_V07_P01,major_semantic
W015,P02,W015_V06_P02,W015_V07_P02,reordering
W015,P03,W015_V06_P03,W015_V07_P03,date_time
W015,P04,W015_V06_P04,W015_V07_P04,deletion
W015,P05,W015_V06_P05,W015_V07_P05,addition
W015,P06,W015_V06_P06,W015_V07_P06,requirement
W015,P07,W015_V06_P07,W015_V07_P07,policy
W015,P08,W015_V06_P08,W015_V07_P08,semantic
W015,P09,W015_V06_P09,W015_V07_P09,numeric
W015,P10,W015_V06_P10,W015_V07_P10,major_semantic
W015,P01,W015_V07_P01,W015_V08_P01,semantic
W015,P02,W015_V07_P02,W015_V08_P02,numeric
W015,P03,W015_V07_P03,W015_V08_P03,major_semantic
W015,P04,W015_V07_P04,W015_V08_P04,reordering
W015,P05,W015_V07_P05,W015_V08_P05,date_time
W015,P06,W015_V07_P06,W015_V08_P06,deletion
W015,P07,W015_V07_P07,W015_V08_P07,addition
W015,P08,W015_V07_P08,W015_V08_P08,requirement
W015,P09,W015_V07_P09,W015_V08_P09,policy
W015,P10,W015_V07_P10,W015_V08_P10,semantic
W015,P01,W015_V08_P01,W015_V09_P01,requirement
W015,P02,W015_V08_P02,W015_V09_P02,policy
W015,P03,W015_V08_P03,W015_V09_P03,semantic
W015,P04,W015_V08_P04,W015_V09_P04,numeric
W015,P05,W015_V08_P05,W015_V09_P05,major_semantic
W015,P06,W015_V08_P06,W015_V09_P06,reordering
W015,P07,W015_V08_P07,W015_V09_P07,date_time
W015,P08,W015_V08_P08,W015_V09_P08,deletion
W015,P09,W015_V08_P09,W015_V09_P09,addition
W015,P10,W015_V08_P10,W015_V09_P10,requirement
W015,P01,W015_V09_P01,W015_V10_P01,deletion
W015,P02,W015_V09_P02,W015_V10_P02,addition
W015,P03,W015_V09_P03,W015_V10_P03,requirement
W015,P04,W015_V09_P04,W015_V10_P04,policy
W015,P05,W015_V09_P05,W015_V10_P05,semantic
W015,P06,W015_V09_P06,W015_V10_P06,numeric
W015,P07,W015_V09_P07,W015_V10_P07,major_semantic
W015,P08,W015_V09_P08,W015_V10_P08,reordering
W015,P09,W015_V09_P09,W015_V10_P09,date_time
W015,P10,W015_V09_P10,W015_V10_P10,deletion
W016,P01,W016_V01_P01,W016_V02_P01,date_time
W016,P02,W016_V01_P02,W016_V02_P02,deletion
W016,P03,W016_V01_P03,W016_V02_P03,addition
W016,P04,W016_V01_P04,W016_V02_P04,requirement
W016,P05,W016_V01_P05,W016_V02_P05,policy
W016,P06,W016_V01_P06,W016_V02_P06,semantic
W016,P07,W016_V01_P07,W016_V02_P07,numeric
W016,P08,W016_V01_P08,W016_V02_P08,major_semantic
W016,P09,W016_V01_P09,W016_V02_P09,reordering
W016,P10,W016_V01_P10,W016_V02_P10,date_time
W016,P01,W016_V02_P01,W016_V03_P01,major_semantic
W016,P02,W016_V02_P02,W016_V03_P02,reordering
W016,P03,W016_V02_P03,W016_V03_P03,date_time
W016,P04,W016_V02_P04,W016_V03_P04,deletion
W016,P05,W016_V02_P05,W016_V03_P05,addition
W016,P06,W016_V02_P06,W016_V03_P06,requirement
W016,P07,W016_V02_P07,W016_V03_P07,policy
W016,P08,W016_V02_P08,W016_V03_P08,semantic
W016,P09,W016_V02_P09,W016_V03_P09,numeric
W016,P10,W016_V02_P10,W016_V03_P10,major_semantic
W016,P01,W016_V03_P01,W016_V04_P01,semantic
W016,P02,W016_V03_P02,W016_V04_P02,numeric
W016,P03,W016_V03_P03,W016_V04_P03,major_semantic
W016,P04,W016_V03_P04,W016_V04_P04,reordering
W016,P05,W016_V03_P05,W016_V04_P05,date_time
W016,P06,W016_V03_P06,W016_V04_P06,deletion
W016,P07,W016_V03_P07,W016_V04_P07,addition
W016,P08,W016_V03_P08,W016_V04_P08,requirement
W016,P09,W016_V03_P09,W016_V04_P09,policy
W016,P10,W016_V03_P10,W016_V04_P10,semantic
W016,P01,W016_V04_P01,W016_V05_P01,requirement
W016,P02,W016_V04_P02,W016_V05_P02,policy
W016,P03,W016_V04_P03,W016_V05_P03,semantic
W016,P04,W016_V04_P04,W016_V05_P04,numeric
W016,P05,W016_V04_P05,W016_V05_P05,major_semantic
W016,P06,W016_V04_P06,W016_V05_P06,reordering
W016,P07,W016_V04_P07,W016_V05_P07,date_time
W016,P08,W016_V04_P08,W016_V05_P08,deletion
W016,P09,W016_V04_P09,W016_V05_P09,addition
W016,P10,W016_V04_P10,W016_V05_P10,requirement
W016,P01,W016_V05_P01,W016_V06_P01,deletion
W016,P02,W016_V05_P02,W016_V06_P02,addition
W016,P03,W016_V05_P03,W016_V06_P03,requirement
W016,P04,W016_V05_P04,W016_V06_P04,policy
W016,P05,W016_V05_P05,W016_V06_P05,semantic
W016,P06,W016_V05_P06,W016_V06_P06,numeric
W016,P07,W016_V05_P07,W016_V06_P07,major_semantic
W016,P08,W016_V05_P08,W016_V06_P08,reordering
W016,P09,W016_V05_P09,W016_V06_P09,date_time
W016,P10,W016_V05_P10,W016_V06_P10,deletion
W016,P01,W016_V06_P01,W016_V07_P01,reordering
W016,P02,W016_V06_P02,W016_V07_P02,date_time
W016,P03,W016_V06_P03,W016_V07_P03,deletion
W016,P04,W016_V06_P04,W016_V07_P04,addition
W016,P05,W016_V06_P05,W016_V07_P05,requirement
W016,P06,W016_V06_P06,W016_V07_P06,policy
W016,P07,W016_V06_P07,W016_V07_P07,semantic
W016,P08,W016_V06_P08,W016_V07_P08,numeric
W016,P09,W016_V06_P09,W016_V07_P09,major_semantic
W016,P10,W016_V06_P10,W016_V07_P10,reordering
W016,P01,W016_V07_P01,W016_V08_P01,numeric
W016,P02,W016_V07_P02,W016_V08_P02,major_semantic
W016,P03,W016_V07_P03,W016_V08_P03,reordering
W016,P04,W016_V07_P04,W016_V08_P04,date_time
W016,P05,W016_V07_P05,W016_V08_P05,deletion
W016,P06,W016_V07_P06,W016_V08_P06,addition
W016,P07,W016_V07_P07,W016_V08_P07,requirement
W016,P08,W016_V07_P08,W016_V08_P08,policy
W016,P09,W016_V07_P09,W016_V08_P09,semantic
W016,P10,W016_V07_P10,W016_V08_P10,numeric
W016,P01,W016_V08_P01,W016_V09_P01,policy
W016,P02,W016_V08_P02,W016_V09_P02,semantic
W016,P03,W016_V08_P03,W016_V09_P03,numeric
W016,P04,W016_V08_P04,W016_V09_P04,major_semantic
W016,P05,W016_V08_P05,W016_V09_P05,reordering
W016,P06,W016_V08_P06,W016_V09_P06,date_time
W016,P07,W016_V08_P07,W016_V09_P07,deletion
W016,P08,W016_V08_P08,W016_V09_P08,addition
W016,P09,W016_V08_P09,W016_V09_P09,requirement
W016,P10,W016_V08_P10,W016_V09_P10,policy
W016,P01,W016_V09_P01,W016_V10_P01,addition
W016,P02,W016_V09_P02,W016_V10_P02,requirement
W016,P03,W016_V09_P03,W016_V10_P03,policy
W016,P04,W016_V09_P04,W016_V10_P04,semantic
W016,P05,W016_V09_P05,W016_V10_P05,numeric
W016,P06,W016_V09_P06,W016_V10_P06,major_semantic
W016,P07,W016_V09_P07,W016_V10_P07,reordering
W016,P08,W016_V09_P08,W016_V10_P08,date_time
W016,P09,W016_V09_P09,W016_V10_P09,deletion
W016,P10,W016_V09_P10,W016_V10_P10,addition
W017,P01,W017_V01_P01,W017_V02_P01,deletion
W017,P02,W017_V01_P02,W017_V02_P02,addition
W017,P03,W017_V01_P03,W017_V02_P03,requirement
W017,P04,W017_V01_P04,W017_V02_P04,policy
W017,P05,W017_V01_P05,W017_V02_P05,semantic
W017,P06,W017_V01_P06,W017_V02_P06,numeric
W017,P07,W017_V01_P07,W017_V02_P07,major_semantic
W017,P08,W017_V01_P08,W017_V02_P08,reordering
W017,P09,W017_V01_P09,W017_V02_P09,date_time
W017,P10,W017_V01_P10,W017_V02_P10,deletion
W017,P01,W017_V02_P01,W017_V03_P01,reordering
W017,P02,W017_V02_P02,W017_V03_P02,date_time
W017,P03,W017_V02_P03,W017_V03_P03,deletion
W017,P04,W017_V02_P04,W017_V03_P04,addition
W017,P05,W017_V02_P05,W017_V03_P05,requirement
W017,P06,W017_V02_P06,W017_V03_P06,policy
W017,P07,W017_V02_P07,W017_V03_P07,semantic
W017,P08,W017_V02_P08,W017_V03_P08,numeric
W017,P09,W017_V02_P09,W017_V03_P09,major_semantic
W017,P10,W017_V02_P10,W017_V03_P10,reordering
W017,P01,W017_V03_P01,W017_V04_P01,numeric
W017,P02,W017_V03_P02,W017_V04_P02,major_semantic
W017,P03,W017_V03_P03,W017_V04_P03,reordering
W017,P04,W017_V03_P04,W017_V04_P04,date_time
W017,P05,W017_V03_P05,W017_V04_P05,deletion
W017,P06,W017_V03_P06,W017_V04_P06,addition
W017,P07,W017_V03_P07,W017_V04_P07,requirement
W017,P08,W017_V03_P08,W017_V04_P08,policy
W017,P09,W017_V03_P09,W017_V04_P09,semantic
W017,P10,W017_V03_P10,W017_V04_P10,numeric
W017,P01,W017_V04_P01,W017_V05_P01,policy
W017,P02,W017_V04_P02,W017_V05_P02,semantic
W017,P03,W017_V04_P03,W017_V05_P03,numeric
W017,P04,W017_V04_P04,W017_V05_P04,major_semantic
W017,P05,W017_V04_P05,W017_V05_P05,reordering
W017,P06,W017_V04_P06,W017_V05_P06,date_time
W017,P07,W017_V04_P07,W017_V05_P07,deletion
W017,P08,W017_V04_P08,W017_V05_P08,addition
W017,P09,W017_V04_P09,W017_V05_P09,requirement
W017,P10,W017_V04_P10,W017_V05_P10,policy
W017,P01,W017_V05_P01,W017_V06_P01,addition
W017,P02,W017_V05_P02,W017_V06_P02,requirement
W017,P03,W017_V05_P03,W017_V06_P03,policy
W017,P04,W017_V05_P04,W017_V06_P04,semantic
W017,P05,W017_V05_P05,W017_V06_P05,numeric
W017,P06,W017_V05_P06,W017_V06_P06,major_semantic
W017,P07,W017_V05_P07,W017_V06_P07,reordering
W017,P08,W017_V05_P08,W017_V06_P08,date_time
W017,P09,W017_V05_P09,W017_V06_P09,deletion
W017,P10,W017_V05_P10,W017_V06_P10,addition
W017,P01,W017_V06_P01,W017_V07_P01,date_time
W017,P02,W017_V06_P02,W017_V07_P02,deletion
W017,P03,W017_V06_P03,W017_V07_P03,addition
W017,P04,W017_V06_P04,W017_V07_P04,requirement
W017,P05,W017_V06_P05,W017_V07_P05,policy
W017,P06,W017_V06_P06,W017_V07_P06,semantic
W017,P07,W017_V06_P07,W017_V07_P07,numeric
W017,P08,W017_V06_P08,W017_V07_P08,major_semantic
W017,P09,W017_V06_P09,W017_V07_P09,reordering
W017,P10,W017_V06_P10,W017_V07_P10,date_time
W017,P01,W017_V07_P01,W017_V08_P01,major_semantic
W017,P02,W017_V07_P02,W017_V08_P02,reordering
W017,P03,W017_V07_P03,W017_V08_P03,date_time
W017,P04,W017_V07_P04,W017_V08_P04,deletion
W017,P05,W017_V07_P05,W017_V08_P05,addition
W017,P06,W017_V07_P06,W017_V08_P06,requirement
W017,P07,W017_V07_P07,W017_V08_P07,policy
W017,P08,W017_V07_P08,W017_V08_P08,semantic
W017,P09,W017_V07_P09,W017_V08_P09,numeric
W017,P10,W017_V07_P10,W017_V08_P10,major_semantic
W017,P01,W017_V08_P01,W017_V09_P01,semantic
W017,P02,W017_V08_P02,W017_V09_P02,numeric
W017,P03,W017_V08_P03,W017_V09_P03,major_semantic
W017,P04,W017_V08_P04,W017_V09_P04,reordering
W017,P05,W017_V08_P05,W017_V09_P05,date_time
W017,P06,W017_V08_P06,W017_V09_P06,deletion
W017,P07,W017_V08_P07,W017_V09_P07,addition
W017,P08,W017_V08_P08,W017_V09_P08,requirement
W017,P09,W017_V08_P09,W017_V09_P09,policy
W017,P10,W017_V08_P10,W017_V09_P10,semantic
W017,P01,W017_V09_P01,W017_V10_P01,requirement
W017,P02,W017_V09_P02,W017_V10_P02,policy
W017,P03,W017_V09_P03,W017_V10_P03,semantic
W017,P04,W017_V09_P04,W017_V10_P04,numeric
W017,P05,W017_V09_P05,W017_V10_P05,major_semantic
W017,P06,W017_V09_P06,W017_V10_P06,reordering
W017,P07,W017_V09_P07,W017_V10_P07,date_time
W017,P08,W017_V09_P08,W017_V10_P08,deletion
W017,P09,W017_V09_P09,W017_V10_P09,addition
W017,P10,W017_V09_P10,W017_V10_P10,requirement
W018,P01,W018_V01_P01,W018_V02_P01,addition
W018,P02,W018_V01_P02,W018_V02_P02,requirement
W018,P03,W018_V01_P03,W018_V02_P03,policy
W018,P04,W018_V01_P04,W018_V02_P04,semantic
W018,P05,W018_V01_P05,W018_V02_P05,numeric
W018,P06,W018_V01_P06,W018_V02_P06,major_semantic
W018,P07,W018_V01_P07,W018_V02_P07,reordering
W018,P08,W018_V01_P08,W018_V02_P08,date_time
W018,P09,W018_V01_P09,W018_V02_P09,deletion
W018,P10,W018_V01_P10,W018_V02_P10,addition
W018,P01,W018_V02_P01,W018_V03_P01,date_time
W018,P02,W018_V02_P02,W018_V03_P02,deletion
W018,P03,W018_V02_P03,W018_V03_P03,addition
W018,P04,W018_V02_P04,W018_V03_P04,requirement
W018,P05,W018_V02_P05,W018_V03_P05,policy
W018,P06,W018_V02_P06,W018_V03_P06,semantic
W018,P07,W018_V02_P07,W018_V03_P07,numeric
W018,P08,W018_V02_P08,W018_V03_P08,major_semantic
W018,P09,W018_V02_P09,W018_V03_P09,reordering
W018,P10,W018_V02_P10,W018_V03_P10,date_time
W018,P01,W018_V03_P01,W018_V04_P01,major_semantic
W018,P02,W018_V03_P02,W018_V04_P02,reordering
W018,P03,W018_V03_P03,W018_V04_P03,date_time
W018,P04,W018_V03_P04,W018_V04_P04,deletion
W018,P05,W018_V03_P05,W018_V04_P05,addition
W018,P06,W018_V03_P06,W018_V04_P06,requirement
W018,P07,W018_V03_P07,W018_V04_P07,policy
W018,P08,W018_V03_P08,W018_V04_P08,semantic
W018,P09,W018_V03_P09,W018_V04_P09,numeric
W018,P10,W018_V03_P10,W018_V04_P10,major_semantic
W018,P01,W018_V04_P01,W018_V05_P01,semantic
W018,P02,W018_V04_P02,W018_V05_P02,numeric
W018,P03,W018_V04_P03,W018_V05_P03,major_semantic
W018,P04,W018_V04_P04,W018_V05_P04,reordering
W018,P05,W018_V04_P05,W018_V05_P05,date_time
W018,P06,W018_V04_P06,W018_V05_P06,deletion
W018,P07,W018_V04_P07,W018_V05_P07,addition
W018,P08,W018_V04_P08,W018_V05_P08,requirement
W018,P09,W018_V04_P09,W018_V05_P09,policy
W018,P10,W018_V04_P10,W018_V05_P10,semantic
W018,P01,W018_V05_P01,W018_V06_P01,requirement
W018,P02,W018_V05_P02,W018_V06_P02,policy
W018,P03,W018_V05_P03,W018_V06_P03,semantic
W018,P04,W018_V05_P04,W018_V06_P04,numeric
W018,P05,W018_V05_P05,W018_V06_P05,major_semantic
W018,P06,W018_V05_P06,W018_V06_P06,reordering
W018,P07,W018_V05_P07,W018_V06_P07,date_time
W018,P08,W018_V05_P08,W018_V06_P08,deletion
W018,P09,W018_V05_P09,W018_V06_P09,addition
W018,P10,W018_V05_P10,W018_V06_P10,requirement
W018,P01,W018_V06_P01,W018_V07_P01,deletion
W018,P02,W018_V06_P02,W018_V07_P02,addition
W018,P03,W018_V06_P03,W018_V07_P03,requirement
W018,P04,W018_V06_P04,W018_V07_P04,policy
W018,P05,W018_V06_P05,W018_V07_P05,semantic
W018,P06,W018_V06_P06,W018_V07_P06,numeric
W018,P07,W018_V06_P07,W018_V07_P07,major_semantic
W018,P08,W018_V06_P08,W018_V07_P08,reordering
W018,P09,W018_V06_P09,W018_V07_P09,date_time
W018,P10,W018_V06_P10,W018_V07_P10,deletion
W018,P01,W018_V07_P01,W018_V08_P01,reordering
W018,P02,W018_V07_P02,W018_V08_P02,date_time
W018,P03,W018_V07_P03,W018_V08_P03,deletion
W018,P04,W018_V07_P04,W018_V08_P04,addition
W018,P05,W018_V07_P05,W018_V08_P05,requirement
W018,P06,W018_V07_P06,W018_V08_P06,policy
W018,P07,W018_V07_P07,W018_V08_P07,semantic
W018,P08,W018_V07_P08,W018_V08_P08,numeric
W018,P09,W018_V07_P09,W018_V08_P09,major_semantic
W018,P10,W018_V07_P10,W018_V08_P10,reordering
W018,P01,W018_V08_P01,W018_V09_P01,numeric
W018,P02,W018_V08_P02,W018_V09_P02,major_semantic
W018,P03,W018_V08_P03,W018_V09_P03,reordering
W018,P04,W018_V08_P04,W018_V09_P04,date_time
W018,P05,W018_V08_P05,W018_V09_P05,deletion
W018,P06,W018_V08_P06,W018_V09_P06,addition
W018,P07,W018_V08_P07,W018_V09_P07,requirement
W018,P08,W018_V08_P08,W018_V09_P08,policy
W018,P09,W018_V08_P09,W018_V09_P09,semantic
W018,P10,W018_V08_P10,W018_V09_P10,numeric
W018,P01,W018_V09_P01,W018_V10_P01,policy
W018,P02,W018_V09_P02,W018_V10_P02,semantic
W018,P03,W018_V09_P03,W018_V10_P03,numeric
W018,P04,W018_V09_P04,W018_V10_P04,major_semantic
W018,P05,W018_V09_P05,W018_V10_P05,reordering
W018,P06,W018_V09_P06,W018_V10_P06,date_time
W018,P07,W018_V09_P07,W018_V10_P07,deletion
W018,P08,W018_V09_P08,W018_V10_P08,addition
W018,P09,W018_V09_P09,W018_V10_P09,requirement
W018,P10,W018_V09_P10,W018_V10_P10,policy
W019,P01,W019_V01_P01,W019_V02_P01,requirement
W019,P02,W019_V01_P02,W019_V02_P02,policy
W019,P03,W019_V01_P03,W019_V02_P03,semantic
W019,P04,W019_V01_P04,W019_V02_P04,numeric
W019,P05,W019_V01_P05,W019_V02_P05,major_semantic
W019,P06,W019_V01_P06,W019_V02_P06,reordering
W019,P07,W019_V01_P07,W019_V02_P07,date_time
W019,P08,W019_V01_P08,W019_V02_P08,deletion
W019,P09,W019_V01_P09,W019_V02_P09,addition
W019,P10,W019_V01_P10,W019_V02_P10,requirement
W019,P01,W019_V02_P01,W019_V03_P01,deletion
W019,P02,W019_V02_P02,W019_V03_P02,addition
W019,P03,W019_V02_P03,W019_V03_P03,requirement
W019,P04,W019_V02_P04,W019_V03_P04,policy
W019,P05,W019_V02_P05,W019_V03_P05,semantic
W019,P06,W019_V02_P06,W019_V03_P06,numeric
W019,P07,W019_V02_P07,W019_V03_P07,major_semantic
W019,P08,W019_V02_P08,W019_V03_P08,reordering
W019,P09,W019_V02_P09,W019_V03_P09,date_time
W019,P10,W019_V02_P10,W019_V03_P10,deletion
W019,P01,W019_V03_P01,W019_V04_P01,reordering
W019,P02,W019_V03_P02,W019_V04_P02,date_time
W019,P03,W019_V03_P03,W019_V04_P03,deletion
W019,P04,W019_V03_P04,W019_V04_P04,addition
W019,P05,W019_V03_P05,W019_V04_P05,requirement
W019,P06,W019_V03_P06,W019_V04_P06,policy
W019,P07,W019_V03_P07,W019_V04_P07,semantic
W019,P08,W019_V03_P08,W019_V04_P08,numeric
W019,P09,W019_V03_P09,W019_V04_P09,major_semantic
W019,P10,W019_V03_P10,W019_V04_P10,reordering
W019,P01,W019_V04_P01,W019_V05_P01,numeric
W019,P02,W019_V04_P02,W019_V05_P02,major_semantic
W019,P03,W019_V04_P03,W019_V05_P03,reordering
W019,P04,W019_V04_P04,W019_V05_P04,date_time
W019,P05,W019_V04_P05,W019_V05_P05,deletion
W019,P06,W019_V04_P06,W019_V05_P06,addition
W019,P07,W019_V04_P07,W019_V05_P07,requirement
W019,P08,W019_V04_P08,W019_V05_P08,policy
W019,P09,W019_V04_P09,W019_V05_P09,semantic
W019,P10,W019_V04_P10,W019_V05_P10,numeric
W019,P01,W019_V05_P01,W019_V06_P01,policy
W019,P02,W019_V05_P02,W019_V06_P02,semantic
W019,P03,W019_V05_P03,W019_V06_P03,numeric
W019,P04,W019_V05_P04,W019_V06_P04,major_semantic
W019,P05,W019_V05_P05,W019_V06_P05,reordering
W019,P06,W019_V05_P06,W019_V06_P06,date_time
W019,P07,W019_V05_P07,W019_V06_P07,deletion
W019,P08,W019_V05_P08,W019_V06_P08,addition
W019,P09,W019_V05_P09,W019_V06_P09,requirement
W019,P10,W019_V05_P10,W019_V06_P10,policy
W019,P01,W019_V06_P01,W019_V07_P01,addition
W019,P02,W019_V06_P02,W019_V07_P02,requirement
W019,P03,W019_V06_P03,W019_V07_P03,policy
W019,P04,W019_V06_P04,W019_V07_P04,semantic
W019,P05,W019_V06_P05,W019_V07_P05,numeric
W019,P06,W019_V06_P06,W019_V07_P06,major_semantic
W019,P07,W019_V06_P07,W019_V07_P07,reordering
W019,P08,W019_V06_P08,W019_V07_P08,date_time
W019,P09,W019_V06_P09,W019_V07_P09,deletion
W019,P10,W019_V06_P10,W019_V07_P10,addition
W019,P01,W019_V07_P01,W019_V08_P01,date_time
W019,P02,W019_V07_P02,W019_V08_P02,deletion
W019,P03,W019_V07_P03,W019_V08_P03,addition
W019,P04,W019_V07_P04,W019_V08_P04,requirement
W019,P05,W019_V07_P05,W019_V08_P05,policy
W019,P06,W019_V07_P06,W019_V08_P06,semantic
W019,P07,W019_V07_P07,W019_V08_P07,numeric
W019,P08,W019_V07_P08,W019_V08_P08,major_semantic
W019,P09,W019_V07_P09,W019_V08_P09,reordering
W019,P10,W019_V07_P10,W019_V08_P10,date_time
W019,P01,W019_V08_P01,W019_V09_P01,major_semantic
W019,P02,W019_V08_P02,W019_V09_P02,reordering
W019,P03,W019_V08_P03,W019_V09_P03,date_time
W019,P04,W019_V08_P04,W019_V09_P04,deletion
W019,P05,W019_V08_P05,W019_V09_P05,addition
W019,P06,W019_V08_P06,W019_V09_P06,requirement
W019,P07,W019_V08_P07,W019_V09_P07,policy
W019,P08,W019_V08_P08,W019_V09_P08,semantic
W019,P09,W019_V08_P09,W019_V09_P09,numeric
W019,P10,W019_V08_P10,W019_V09_P10,major_semantic
W019,P01,W019_V09_P01,W019_V10_P01,semantic
W019,P02,W019_V09_P02,W019_V10_P02,numeric
W019,P03,W019_V09_P03,W019_V10_P03,major_semantic
W019,P04,W019_V09_P04,W019_V10_P04,reordering
W019,P05,W019_V09_P05,W019_V10_P05,date_time
W019,P06,W019_V09_P06,W019_V10_P06,deletion
W019,P07,W019_V09_P07,W019_V10_P07,addition
W019,P08,W019_V09_P08,W019_V10_P08,requirement
W019,P09,W019_V09_P09,W019_V10_P09,policy
W019,P10,W019_V09_P10,W019_V10_P10,semantic
W020,P01,W020_V01_P01,W020_V02_P01,policy
W020,P02,W020_V01_P02,W020_V02_P02,semantic
W020,P03,W020_V01_P03,W020_V02_P03,numeric
W020,P04,W020_V01_P04,W020_V02_P04,major_semantic
W020,P05,W020_V01_P05,W020_V02_P05,reordering
W020,P06,W020_V01_P06,W020_V02_P06,date_time
W020,P07,W020_V01_P07,W020_V02_P07,deletion
W020,P08,W020_V01_P08,W020_V02_P08,addition
W020,P09,W020_V01_P09,W020_V02_P09,requirement
W020,P10,W020_V01_P10,W020_V02_P10,policy
W020,P01,W020_V02_P01,W020_V03_P01,addition
W020,P02,W020_V02_P02,W020_V03_P02,requirement
W020,P03,W020_V02_P03,W020_V03_P03,policy
W020,P04,W020_V02_P04,W020_V03_P04,semantic
W020,P05,W020_V02_P05,W020_V03_P05,numeric
W020,P06,W020_V02_P06,W020_V03_P06,major_semantic
W020,P07,W020_V02_P07,W020_V03_P07,reordering
W020,P08,W020_V02_P08,W020_V03_P08,date_time
W020,P09,W020_V02_P09,W020_V03_P09,deletion
W020,P10,W020_V02_P10,W020_V03_P10,addition
W020,P01,W020_V03_P01,W020_V04_P01,date_time
W020,P02,W020_V03_P02,W020_V04_P02,deletion
W020,P03,W020_V03_P03,W020_V04_P03,addition
W020,P04,W020_V03_P04,W020_V04_P04,requirement
W020,P05,W020_V03_P05,W020_V04_P05,policy
W020,P06,W020_V03_P06,W020_V04_P06,semantic
W020,P07,W020_V03_P07,W020_V04_P07,numeric
W020,P08,W020_V03_P08,W020_V04_P08,major_semantic
W020,P09,W020_V03_P09,W020_V04_P09,reordering
W020,P10,W020_V03_P10,W020_V04_P10,date_time
W020,P01,W020_V04_P01,W020_V05_P01,major_semantic
W020,P02,W020_V04_P02,W020_V05_P02,reordering
W020,P03,W020_V04_P03,W020_V05_P03,date_time
W020,P04,W020_V04_P04,W020_V05_P04,deletion
W020,P05,W020_V04_P05,W020_V05_P05,addition
W020,P06,W020_V04_P06,W020_V05_P06,requirement
W020,P07,W020_V04_P07,W020_V05_P07,policy
W020,P08,W020_V04_P08,W020_V05_P08,semantic
W020,P09,W020_V04_P09,W020_V05_P09,numeric
W020,P10,W020_V04_P10,W020_V05_P10,major_semantic
W020,P01,W020_V05_P01,W020_V06_P01,semantic
W020,P02,W020_V05_P02,W020_V06_P02,numeric
W020,P03,W020_V05_P03,W020_V06_P03,major_semantic
W020,P04,W020_V05_P04,W020_V06_P04,reordering
W020,P05,W020_V05_P05,W020_V06_P05,date_time
W020,P06,W020_V05_P06,W020_V06_P06,deletion
W020,P07,W020_V05_P07,W020_V06_P07,addition
W020,P08,W020_V05_P08,W020_V06_P08,requirement
W020,P09,W020_V05_P09,W020_V06_P09,policy
W020,P10,W020_V05_P10,W020_V06_P10,semantic
W020,P01,W020_V06_P01,W020_V07_P01,requirement
W020,P02,W020_V06_P02,W020_V07_P02,policy
W020,P03,W020_V06_P03,W020_V07_P03,semantic
W020,P04,W020_V06_P04,W020_V07_P04,numeric
W020,P05,W020_V06_P05,W020_V07_P05,major_semantic
W020,P06,W020_V06_P06,W020_V07_P06,reordering
W020,P07,W020_V06_P07,W020_V07_P07,date_time
W020,P08,W020_V06_P08,W020_V07_P08,deletion
W020,P09,W020_V06_P09,W020_V07_P09,addition
W020,P10,W020_V06_P10,W020_V07_P10,requirement
W020,P01,W020_V07_P01,W020_V08_P01,deletion
W020,P02,W020_V07_P02,W020_V08_P02,addition
W020,P03,W020_V07_P03,W020_V08_P03,requirement
W020,P04,W020_V07_P04,W020_V08_P04,policy
W020,P05,W020_V07_P05,W020_V08_P05,semantic
W020,P06,W020_V07_P06,W020_V08_P06,numeric
W020,P07,W020_V07_P07,W020_V08_P07,major_semantic
W020,P08,W020_V07_P08,W020_V08_P08,reordering
W020,P09,W020_V07_P09,W020_V08_P09,date_time
W020,P10,W020_V07_P10,W020_V08_P10,deletion
W020,P01,W020_V08_P01,W020_V09_P01,reordering
W020,P02,W020_V08_P02,W020_V09_P02,date_time
W020,P03,W020_V08_P03,W020_V09_P03,deletion
W020,P04,W020_V08_P04,W020_V09_P04,addition
W020,P05,W020_V08_P05,W020_V09_P05,requirement
W020,P06,W020_V08_P06,W020_V09_P06,policy
W020,P07,W020_V08_P07,W020_V09_P07,semantic
W020,P08,W020_V08_P08,W020_V09_P08,numeric
W020,P09,W020_V08_P09,W020_V09_P09,major_semantic
W020,P10,W020_V08_P10,W020_V09_P10,reordering
W020,P01,W020_V09_P01,W020_V10_P01,numeric
W020,P02,W020_V09_P02,W020_V10_P02,major_semantic
W020,P03,W020_V09_P03,W020_V10_P03,reordering
W020,P04,W020_V09_P04,W020_V10_P04,date_time
W020,P05,W020_V09_P05,W020_V10_P05,deletion
W020,P06,W020_V09_P06,W020_V10_P06,addition
W020,P07,W020_V09_P07,W020_V10_P07,requirement
W020,P08,W020_V09_P08,W020_V10_P08,policy
W020,P09,W020_V09_P09,W020_V10_P09,semantic
W020,P10,W020_V09_P10,W020_V10_P10,numeric
W021,P01,W021_V01_P01,W021_V02_P01,semantic
W021,P02,W021_V01_P02,W021_V02_P02,numeric
W021,P03,W021_V01_P03,W021_V02_P03,major_semantic
W021,P04,W021_V01_P04,W021_V02_P04,reordering
W021,P05,W021_V01_P05,W021_V02_P05,date_time
W021,P06,W021_V01_P06,W021_V02_P06,deletion
W021,P07,W021_V01_P07,W021_V02_P07,addition
W021,P08,W021_V01_P08,W021_V02_P08,requirement
W021,P09,W021_V01_P09,W021_V02_P09,policy
W021,P10,W021_V01_P10,W021_V02_P10,semantic
W021,P01,W021_V02_P01,W021_V03_P01,requirement
W021,P02,W021_V02_P02,W021_V03_P02,policy
W021,P03,W021_V02_P03,W021_V03_P03,semantic
W021,P04,W021_V02_P04,W021_V03_P04,numeric
W021,P05,W021_V02_P05,W021_V03_P05,major_semantic
W021,P06,W021_V02_P06,W021_V03_P06,reordering
W021,P07,W021_V02_P07,W021_V03_P07,date_time
W021,P08,W021_V02_P08,W021_V03_P08,deletion
W021,P09,W021_V02_P09,W021_V03_P09,addition
W021,P10,W021_V02_P10,W021_V03_P10,requirement
W021,P01,W021_V03_P01,W021_V04_P01,deletion
W021,P02,W021_V03_P02,W021_V04_P02,addition
W021,P03,W021_V03_P03,W021_V04_P03,requirement
W021,P04,W021_V03_P04,W021_V04_P04,policy
W021,P05,W021_V03_P05,W021_V04_P05,semantic
W021,P06,W021_V03_P06,W021_V04_P06,numeric
W021,P07,W021_V03_P07,W021_V04_P07,major_semantic
W021,P08,W021_V03_P08,W021_V04_P08,reordering
W021,P09,W021_V03_P09,W021_V04_P09,date_time
W021,P10,W021_V03_P10,W021_V04_P10,deletion
W021,P01,W021_V04_P01,W021_V05_P01,reordering
W021,P02,W021_V04_P02,W021_V05_P02,date_time
W021,P03,W021_V04_P03,W021_V05_P03,deletion
W021,P04,W021_V04_P04,W021_V05_P04,addition
W021,P05,W021_V04_P05,W021_V05_P05,requirement
W021,P06,W021_V04_P06,W021_V05_P06,policy
W021,P07,W021_V04_P07,W021_V05_P07,semantic
W021,P08,W021_V04_P08,W021_V05_P08,numeric
W021,P09,W021_V04_P09,W021_V05_P09,major_semantic
W021,P10,W021_V04_P10,W021_V05_P10,reordering
W021,P01,W021_V05_P01,W021_V06_P01,numeric
W021,P02,W021_V05_P02,W021_V06_P02,major_semantic
W021,P03,W021_V05_P03,W021_V06_P03,reordering
W021,P04,W021_V05_P04,W021_V06_P04,date_time
W021,P05,W021_V05_P05,W021_V06_P05,deletion
W021,P06,W021_V05_P06,W021_V06_P06,addition
W021,P07,W021_V05_P07,W021_V06_P07,requirement
W021,P08,W021_V05_P08,W021_V06_P08,policy
W021,P09,W021_V05_P09,W021_V06_P09,semantic
W021,P10,W021_V05_P10,W021_V06_P10,numeric
W021,P01,W021_V06_P01,W021_V07_P01,policy
W021,P02,W021_V06_P02,W021_V07_P02,semantic
W021,P03,W021_V06_P03,W021_V07_P03,numeric
W021,P04,W021_V06_P04,W021_V07_P04,major_semantic
W021,P05,W021_V06_P05,W021_V07_P05,reordering
W021,P06,W021_V06_P06,W021_V07_P06,date_time
W021,P07,W021_V06_P07,W021_V07_P07,deletion
W021,P08,W021_V06_P08,W021_V07_P08,addition
W021,P09,W021_V06_P09,W021_V07_P09,requirement
W021,P10,W021_V06_P10,W021_V07_P10,policy
W021,P01,W021_V07_P01,W021_V08_P01,addition
W021,P02,W021_V07_P02,W021_V08_P02,requirement
W021,P03,W021_V07_P03,W021_V08_P03,policy
W021,P04,W021_V07_P04,W021_V08_P04,semantic
W021,P05,W021_V07_P05,W021_V08_P05,numeric
W021,P06,W021_V07_P06,W021_V08_P06,major_semantic
W021,P07,W021_V07_P07,W021_V08_P07,reordering
W021,P08,W021_V07_P08,W021_V08_P08,date_time
W021,P09,W021_V07_P09,W021_V08_P09,deletion
W021,P10,W021_V07_P10,W021_V08_P10,addition
W021,P01,W021_V08_P01,W021_V09_P01,date_time
W021,P02,W021_V08_P02,W021_V09_P02,deletion
W021,P03,W021_V08_P03,W021_V09_P03,addition
W021,P04,W021_V08_P04,W021_V09_P04,requirement
W021,P05,W021_V08_P05,W021_V09_P05,policy
W021,P06,W021_V08_P06,W021_V09_P06,semantic
W021,P07,W021_V08_P07,W021_V09_P07,numeric
W021,P08,W021_V08_P08,W021_V09_P08,major_semantic
W021,P09,W021_V08_P09,W021_V09_P09,reordering
W021,P10,W021_V08_P10,W021_V09_P10,date_time
W021,P01,W021_V09_P01,W021_V10_P01,major_semantic
W021,P02,W021_V09_P02,W021_V10_P02,reordering
W021,P03,W021_V09_P03,W021_V10_P03,date_time
W021,P04,W021_V09_P04,W021_V10_P04,deletion
W021,P05,W021_V09_P05,W021_V10_P05,addition
W021,P06,W021_V09_P06,W021_V10_P06,requirement
W021,P07,W021_V09_P07,W021_V10_P07,policy
W021,P08,W021_V09_P08,W021_V10_P08,semantic
W021,P09,W021_V09_P09,W021_V10_P09,numeric
W021,P10,W021_V09_P10,W021_V10_P10,major_semantic
W022,P01,W022_V01_P01,W022_V02_P01,numeric
W022,P02,W022_V01_P02,W022_V02_P02,major_semantic
W022,P03,W022_V01_P03,W022_V02_P03,reordering
W022,P04,W022_V01_P04,W022_V02_P04,date_time
W022,P05,W022_V01_P05,W022_V02_P05,deletion
W022,P06,W022_V01_P06,W022_V02_P06,addition
W022,P07,W022_V01_P07,W022_V02_P07,requirement
W022,P08,W022_V01_P08,W022_V02_P08,policy
W022,P09,W022_V01_P09,W022_V02_P09,semantic
W022,P10,W022_V01_P10,W022_V02_P10,numeric
W022,P01,W022_V02_P01,W022_V03_P01,policy
W022,P02,W022_V02_P02,W022_V03_P02,semantic
W022,P03,W022_V02_P03,W022_V03_P03,numeric
W022,P04,W022_V02_P04,W022_V03_P04,major_semantic
W022,P05,W022_V02_P05,W022_V03_P05,reordering
W022,P06,W022_V02_P06,W022_V03_P06,date_time
W022,P07,W022_V02_P07,W022_V03_P07,deletion
W022,P08,W022_V02_P08,W022_V03_P08,addition
W022,P09,W022_V02_P09,W022_V03_P09,requirement
W022,P10,W022_V02_P10,W022_V03_P10,policy
W022,P01,W022_V03_P01,W022_V04_P01,addition
W022,P02,W022_V03_P02,W022_V04_P02,requirement
W022,P03,W022_V03_P03,W022_V04_P03,policy
W022,P04,W022_V03_P04,W022_V04_P04,semantic
W022,P05,W022_V03_P05,W022_V04_P05,numeric
W022,P06,W022_V03_P06,W022_V04_P06,major_semantic
W022,P07,W022_V03_P07,W022_V04_P07,reordering
W022,P08,W022_V03_P08,W022_V04_P08,date_time
W022,P09,W022_V03_P09,W022_V04_P09,deletion
W022,P10,W022_V03_P10,W022_V04_P10,addition
W022,P01,W022_V04_P01,W022_V05_P01,date_time
W022,P02,W022_V04_P02,W022_V05_P02,deletion
W022,P03,W022_V04_P03,W022_V05_P03,addition
W022,P04,W022_V04_P04,W022_V05_P04,requirement
W022,P05,W022_V04_P05,W022_V05_P05,policy
W022,P06,W022_V04_P06,W022_V05_P06,semantic
W022,P07,W022_V04_P07,W022_V05_P07,numeric
W022,P08,W022_V04_P08,W022_V05_P08,major_semantic
W022,P09,W022_V04_P09,W022_V05_P09,reordering
W022,P10,W022_V04_P10,W022_V05_P10,date_time
W022,P01,W022_V05_P01,W022_V06_P01,major_semantic
W022,P02,W022_V05_P02,W022_V06_P02,reordering
W022,P03,W022_V05_P03,W022_V06_P03,date_time
W022,P04,W022_V05_P04,W022_V06_P04,deletion
W022,P05,W022_V05_P05,W022_V06_P05,addition
W022,P06,W022_V05_P06,W022_V06_P06,requirement
W022,P07,W022_V05_P07,W022_V06_P07,policy
W022,P08,W022_V05_P08,W022_V06_P08,semantic
W022,P09,W022_V05_P09,W022_V06_P09,numeric
W022,P10,W022_V05_P10,W022_V06_P10,major_semantic
W022,P01,W022_V06_P01,W022_V07_P01,semantic
W022,P02,W022_V06_P02,W022_V07_P02,numeric
W022,P03,W022_V06_P03,W022_V07_P03,major_semantic
W022,P04,W022_V06_P04,W022_V07_P04,reordering
W022,P05,W022_V06_P05,W022_V07_P05,date_time
W022,P06,W022_V06_P06,W022_V07_P06,deletion
W022,P07,W022_V06_P07,W022_V07_P07,addition
W022,P08,W022_V06_P08,W022_V07_P08,requirement
W022,P09,W022_V06_P09,W022_V07_P09,policy
W022,P10,W022_V06_P10,W022_V07_P10,semantic
W022,P01,W022_V07_P01,W022_V08_P01,requirement
W022,P02,W022_V07_P02,W022_V08_P02,policy
W022,P03,W022_V07_P03,W022_V08_P03,semantic
W022,P04,W022_V07_P04,W022_V08_P04,numeric
W022,P05,W022_V07_P05,W022_V08_P05,major_semantic
W022,P06,W022_V07_P06,W022_V08_P06,reordering
W022,P07,W022_V07_P07,W022_V08_P07,date_time
W022,P08,W022_V07_P08,W022_V08_P08,deletion
W022,P09,W022_V07_P09,W022_V08_P09,addition
W022,P10,W022_V07_P10,W022_V08_P10,requirement
W022,P01,W022_V08_P01,W022_V09_P01,deletion
W022,P02,W022_V08_P02,W022_V09_P02,addition
W022,P03,W022_V08_P03,W022_V09_P03,requirement
W022,P04,W022_V08_P04,W022_V09_P04,policy
W022,P05,W022_V08_P05,W022_V09_P05,semantic
W022,P06,W022_V08_P06,W022_V09_P06,numeric
W022,P07,W022_V08_P07,W022_V09_P07,major_semantic
W022,P08,W022_V08_P08,W022_V09_P08,reordering
W022,P09,W022_V08_P09,W022_V09_P09,date_time
W022,P10,W022_V08_P10,W022_V09_P10,deletion
W022,P01,W022_V09_P01,W022_V10_P01,reordering
W022,P02,W022_V09_P02,W022_V10_P02,date_time
W022,P03,W022_V09_P03,W022_V10_P03,deletion
W022,P04,W022_V09_P04,W022_V10_P04,addition
W022,P05,W022_V09_P05,W022_V10_P05,requirement
W022,P06,W022_V09_P06,W022_V10_P06,policy
W022,P07,W022_V09_P07,W022_V10_P07,semantic
W022,P08,W022_V09_P08,W022_V10_P08,numeric
W022,P09,W022_V09_P09,W022_V10_P09,major_semantic
W022,P10,W022_V09_P10,W022_V10_P10,reordering
W023,P01,W023_V01_P01,W023_V02_P01,major_semantic
W023,P02,W023_V01_P02,W023_V02_P02,reordering
W023,P03,W023_V01_P03,W023_V02_P03,date_time
W023,P04,W023_V01_P04,W023_V02_P04,deletion
W023,P05,W023_V01_P05,W023_V02_P05,addition
W023,P06,W023_V01_P06,W023_V02_P06,requirement
W023,P07,W023_V01_P07,W023_V02_P07,policy
W023,P08,W023_V01_P08,W023_V02_P08,semantic
W023,P09,W023_V01_P09,W023_V02_P09,numeric
W023,P10,W023_V01_P10,W023_V02_P10,major_semantic
W023,P01,W023_V02_P01,W023_V03_P01,semantic
W023,P02,W023_V02_P02,W023_V03_P02,numeric
W023,P03,W023_V02_P03,W023_V03_P03,major_semantic
W023,P04,W023_V02_P04,W023_V03_P04,reordering
W023,P05,W023_V02_P05,W023_V03_P05,date_time
W023,P06,W023_V02_P06,W023_V03_P06,deletion
W023,P07,W023_V02_P07,W023_V03_P07,addition
W023,P08,W023_V02_P08,W023_V03_P08,requirement
W023,P09,W023_V02_P09,W023_V03_P09,policy
W023,P10,W023_V02_P10,W023_V03_P10,semantic
W023,P01,W023_V03_P01,W023_V04_P01,requirement
W023,P02,W023_V03_P02,W023_V04_P02,policy
W023,P03,W023_V03_P03,W023_V04_P03,semantic
W023,P04,W023_V03_P04,W023_V04_P04,numeric
W023,P05,W023_V03_P05,W023_V04_P05,major_semantic
W023,P06,W023_V03_P06,W023_V04_P06,reordering
W023,P07,W023_V03_P07,W023_V04_P07,date_time
W023,P08,W023_V03_P08,W023_V04_P08,deletion
W023,P09,W023_V03_P09,W023_V04_P09,addition
W023,P10,W023_V03_P10,W023_V04_P10,requirement
W023,P01,W023_V04_P01,W023_V05_P01,deletion
W023,P02,W023_V04_P02,W023_V05_P02,addition
W023,P03,W023_V04_P03,W023_V05_P03,requirement
W023,P04,W023_V04_P04,W023_V05_P04,policy
W023,P05,W023_V04_P05,W023_V05_P05,semantic
W023,P06,W023_V04_P06,W023_V05_P06,numeric
W023,P07,W023_V04_P07,W023_V05_P07,major_semantic
W023,P08,W023_V04_P08,W023_V05_P08,reordering
W023,P09,W023_V04_P09,W023_V05_P09,date_time
W023,P10,W023_V04_P10,W023_V05_P10,deletion
W023,P01,W023_V05_P01,W023_V06_P01,reordering
W023,P02,W023_V05_P02,W023_V06_P02,date_time
W023,P03,W023_V05_P03,W023_V06_P03,deletion
W023,P04,W023_V05_P04,W023_V06_P04,addition
W023,P05,W023_V05_P05,W023_V06_P05,requirement
W023,P06,W023_V05_P06,W023_V06_P06,policy
W023,P07,W023_V05_P07,W023_V06_P07,semantic
W023,P08,W023_V05_P08,W023_V06_P08,numeric
W023,P09,W023_V05_P09,W023_V06_P09,major_semantic
W023,P10,W023_V05_P10,W023_V06_P10,reordering
W023,P01,W023_V06_P01,W023_V07_P01,numeric
W023,P02,W023_V06_P02,W023_V07_P02,major_semantic
W023,P03,W023_V06_P03,W023_V07_P03,reordering
W023,P04,W023_V06_P04,W023_V07_P04,date_time
W023,P05,W023_V06_P05,W023_V07_P05,deletion
W023,P06,W023_V06_P06,W023_V07_P06,addition
W023,P07,W023_V06_P07,W023_V07_P07,requirement
W023,P08,W023_V06_P08,W023_V07_P08,policy
W023,P09,W023_V06_P09,W023_V07_P09,semantic
W023,P10,W023_V06_P10,W023_V07_P10,numeric
W023,P01,W023_V07_P01,W023_V08_P01,policy
W023,P02,W023_V07_P02,W023_V08_P02,semantic
W023,P03,W023_V07_P03,W023_V08_P03,numeric
W023,P04,W023_V07_P04,W023_V08_P04,major_semantic
W023,P05,W023_V07_P05,W023_V08_P05,reordering
W023,P06,W023_V07_P06,W023_V08_P06,date_time
W023,P07,W023_V07_P07,W023_V08_P07,deletion
W023,P08,W023_V07_P08,W023_V08_P08,addition
W023,P09,W023_V07_P09,W023_V08_P09,requirement
W023,P10,W023_V07_P10,W023_V08_P10,policy
W023,P01,W023_V08_P01,W023_V09_P01,addition
W023,P02,W023_V08_P02,W023_V09_P02,requirement
W023,P03,W023_V08_P03,W023_V09_P03,policy
W023,P04,W023_V08_P04,W023_V09_P04,semantic
W023,P05,W023_V08_P05,W023_V09_P05,numeric
W023,P06,W023_V08_P06,W023_V09_P06,major_semantic
W023,P07,W023_V08_P07,W023_V09_P07,reordering
W023,P08,W023_V08_P08,W023_V09_P08,date_time
W023,P09,W023_V08_P09,W023_V09_P09,deletion
W023,P10,W023_V08_P10,W023_V09_P10,addition
W023,P01,W023_V09_P01,W023_V10_P01,date_time
W023,P02,W023_V09_P02,W023_V10_P02,deletion
W023,P03,W023_V09_P03,W023_V10_P03,addition
W023,P04,W023_V09_P04,W023_V10_P04,requirement
W023,P05,W023_V09_P05,W023_V10_P05,policy
W023,P06,W023_V09_P06,W023_V10_P06,semantic
W023,P07,W023_V09_P07,W023_V10_P07,numeric
W023,P08,W023_V09_P08,W023_V10_P08,major_semantic
W023,P09,W023_V09_P09,W023_V10_P09,reordering
W023,P10,W023_V09_P10,W023_V10_P10,date_time
W024,P01,W024_V01_P01,W024_V02_P01,reordering
W024,P02,W024_V01_P02,W024_V02_P02,date_time
W024,P03,W024_V01_P03,W024_V02_P03,deletion
W024,P04,W024_V01_P04,W024_V02_P04,addition
W024,P05,W024_V01_P05,W024_V02_P05,requirement
W024,P06,W024_V01_P06,W024_V02_P06,policy
W024,P07,W024_V01_P07,W024_V02_P07,semantic
W024,P08,W024_V01_P08,W024_V02_P08,numeric
W024,P09,W024_V01_P09,W024_V02_P09,major_semantic
W024,P10,W024_V01_P10,W024_V02_P10,reordering
W024,P01,W024_V02_P01,W024_V03_P01,numeric
W024,P02,W024_V02_P02,W024_V03_P02,major_semantic
W024,P03,W024_V02_P03,W024_V03_P03,reordering
W024,P04,W024_V02_P04,W024_V03_P04,date_time
W024,P05,W024_V02_P05,W024_V03_P05,deletion
W024,P06,W024_V02_P06,W024_V03_P06,addition
W024,P07,W024_V02_P07,W024_V03_P07,requirement
W024,P08,W024_V02_P08,W024_V03_P08,policy
W024,P09,W024_V02_P09,W024_V03_P09,semantic
W024,P10,W024_V02_P10,W024_V03_P10,numeric
W024,P01,W024_V03_P01,W024_V04_P01,policy
W024,P02,W024_V03_P02,W024_V04_P02,semantic
W024,P03,W024_V03_P03,W024_V04_P03,numeric
W024,P04,W024_V03_P04,W024_V04_P04,major_semantic
W024,P05,W024_V03_P05,W024_V04_P05,reordering
W024,P06,W024_V03_P06,W024_V04_P06,date_time
W024,P07,W024_V03_P07,W024_V04_P07,deletion
W024,P08,W024_V03_P08,W024_V04_P08,addition
W024,P09,W024_V03_P09,W024_V04_P09,requirement
W024,P10,W024_V03_P10,W024_V04_P10,policy
W024,P01,W024_V04_P01,W024_V05_P01,addition
W024,P02,W024_V04_P02,W024_V05_P02,requirement
W024,P03,W024_V04_P03,W024_V05_P03,policy
W024,P04,W024_V04_P04,W024_V05_P04,semantic
W024,P05,W024_V04_P05,W024_V05_P05,numeric
W024,P06,W024_V04_P06,W024_V05_P06,major_semantic
W024,P07,W024_V04_P07,W024_V05_P07,reordering
W024,P08,W024_V04_P08,W024_V05_P08,date_time
W024,P09,W024_V04_P09,W024_V05_P09,deletion
W024,P10,W024_V04_P10,W024_V05_P10,addition
W024,P01,W024_V05_P01,W024_V06_P01,date_time
W024,P02,W024_V05_P02,W024_V06_P02,deletion
W024,P03,W024_V05_P03,W024_V06_P03,addition
W024,P04,W024_V05_P04,W024_V06_P04,requirement
W024,P05,W024_V05_P05,W024_V06_P05,policy
W024,P06,W024_V05_P06,W024_V06_P06,semantic
W024,P07,W024_V05_P07,W024_V06_P07,numeric
W024,P08,W024_V05_P08,W024_V06_P08,major_semantic
W024,P09,W024_V05_P09,W024_V06_P09,reordering
W024,P10,W024_V05_P10,W024_V06_P10,date_time
W024,P01,W024_V06_P01,W024_V07_P01,major_semantic
W024,P02,W024_V06_P02,W024_V07_P02,reordering
W024,P03,W024_V06_P03,W024_V07_P03,date_time
W024,P04,W024_V06_P04,W024_V07_P04,deletion
W024,P05,W024_V06_P05,W024_V07_P05,addition
W024,P06,W024_V06_P06,W024_V07_P06,requirement
W024,P07,W024_V06_P07,W024_V07_P07,policy
W024,P08,W024_V06_P08,W024_V07_P08,semantic
W024,P09,W024_V06_P09,W024_V07_P09,numeric
W024,P10,W024_V06_P10,W024_V07_P10,major_semantic
W024,P01,W024_V07_P01,W024_V08_P01,semantic
W024,P02,W024_V07_P02,W024_V08_P02,numeric
W024,P03,W024_V07_P03,W024_V08_P03,major_semantic
W024,P04,W024_V07_P04,W024_V08_P04,reordering
W024,P05,W024_V07_P05,W024_V08_P05,date_time
W024,P06,W024_V07_P06,W024_V08_P06,deletion
W024,P07,W024_V07_P07,W024_V08_P07,addition
W024,P08,W024_V07_P08,W024_V08_P08,requirement
W024,P09,W024_V07_P09,W024_V08_P09,policy
W024,P10,W024_V07_P10,W024_V08_P10,semantic
W024,P01,W024_V08_P01,W024_V09_P01,requirement
W024,P02,W024_V08_P02,W024_V09_P02,policy
W024,P03,W024_V08_P03,W024_V09_P03,semantic
W024,P04,W024_V08_P04,W024_V09_P04,numeric
W024,P05,W024_V08_P05,W024_V09_P05,major_semantic
W024,P06,W024_V08_P06,W024_V09_P06,reordering
W024,P07,W024_V08_P07,W024_V09_P07,date_time
W024,P08,W024_V08_P08,W024_V09_P08,deletion
W024,P09,W024_V08_P09,W024_V09_P09,addition
W024,P10,W024_V08_P10,W024_V09_P10,requirement
W024,P01,W024_V09_P01,W024_V10_P01,deletion
W024,P02,W024_V09_P02,W024_V10_P02,addition
W024,P03,W024_V09_P03,W024_V10_P03,requirement
W024,P04,W024_V09_P04,W024_V10_P04,policy
W024,P05,W024_V09_P05,W024_V10_P05,semantic
W024,P06,W024_V09_P06,W024_V10_P06,numeric
W024,P07,W024_V09_P07,W024_V10_P07,major_semantic
W024,P08,W024_V09_P08,W024_V10_P08,reordering
W024,P09,W024_V09_P09,W024_V10_P09,date_time
W024,P10,W024_V09_P10,W024_V10_P10,deletion
W025,P01,W025_V01_P01,W025_V02_P01,date_time
W025,P02,W025_V01_P02,W025_V02_P02,deletion
W025,P03,W025_V01_P03,W025_V02_P03,addition
W025,P04,W025_V01_P04,W025_V02_P04,requirement
W025,P05,W025_V01_P05,W025_V02_P05,policy
W025,P06,W025_V01_P06,W025_V02_P06,semantic
W025,P07,W025_V01_P07,W025_V02_P07,numeric
W025,P08,W025_V01_P08,W025_V02_P08,major_semantic
W025,P09,W025_V01_P09,W025_V02_P09,reordering
W025,P10,W025_V01_P10,W025_V02_P10,date_time
W025,P01,W025_V02_P01,W025_V03_P01,major_semantic
W025,P02,W025_V02_P02,W025_V03_P02,reordering
W025,P03,W025_V02_P03,W025_V03_P03,date_time
W025,P04,W025_V02_P04,W025_V03_P04,deletion
W025,P05,W025_V02_P05,W025_V03_P05,addition
W025,P06,W025_V02_P06,W025_V03_P06,requirement
W025,P07,W025_V02_P07,W025_V03_P07,policy
W025,P08,W025_V02_P08,W025_V03_P08,semantic
W025,P09,W025_V02_P09,W025_V03_P09,numeric
W025,P10,W025_V02_P10,W025_V03_P10,major_semantic
W025,P01,W025_V03_P01,W025_V04_P01,semantic
W025,P02,W025_V03_P02,W025_V04_P02,numeric
W025,P03,W025_V03_P03,W025_V04_P03,major_semantic
W025,P04,W025_V03_P04,W025_V04_P04,reordering
W025,P05,W025_V03_P05,W025_V04_P05,date_time
W025,P06,W025_V03_P06,W025_V04_P06,deletion
W025,P07,W025_V03_P07,W025_V04_P07,addition
W025,P08,W025_V03_P08,W025_V04_P08,requirement
W025,P09,W025_V03_P09,W025_V04_P09,policy
W025,P10,W025_V03_P10,W025_V04_P10,semantic
W025,P01,W025_V04_P01,W025_V05_P01,requirement
W025,P02,W025_V04_P02,W025_V05_P02,policy
W025,P03,W025_V04_P03,W025_V05_P03,semantic
W025,P04,W025_V04_P04,W025_V05_P04,numeric
W025,P05,W025_V04_P05,W025_V05_P05,major_semantic
W025,P06,W025_V04_P06,W025_V05_P06,reordering
W025,P07,W025_V04_P07,W025_V05_P07,date_time
W025,P08,W025_V04_P08,W025_V05_P08,deletion
W025,P09,W025_V04_P09,W025_V05_P09,addition
W025,P10,W025_V04_P10,W025_V05_P10,requirement
W025,P01,W025_V05_P01,W025_V06_P01,deletion
W025,P02,W025_V05_P02,W025_V06_P02,addition
W025,P03,W025_V05_P03,W025_V06_P03,requirement
W025,P04,W025_V05_P04,W025_V06_P04,policy
W025,P05,W025_V05_P05,W025_V06_P05,semantic
W025,P06,W025_V05_P06,W025_V06_P06,numeric
W025,P07,W025_V05_P07,W025_V06_P07,major_semantic
W025,P08,W025_V05_P08,W025_V06_P08,reordering
W025,P09,W025_V05_P09,W025_V06_P09,date_time
W025,P10,W025_V05_P10,W025_V06_P10,deletion
W025,P01,W025_V06_P01,W025_V07_P01,reordering
W025,P02,W025_V06_P02,W025_V07_P02,date_time
W025,P03,W025_V06_P03,W025_V07_P03,deletion
W025,P04,W025_V06_P04,W025_V07_P04,addition
W025,P05,W025_V06_P05,W025_V07_P05,requirement
W025,P06,W025_V06_P06,W025_V07_P06,policy
W025,P07,W025_V06_P07,W025_V07_P07,semantic
W025,P08,W025_V06_P08,W025_V07_P08,numeric
W025,P09,W025_V06_P09,W025_V07_P09,major_semantic
W025,P10,W025_V06_P10,W025_V07_P10,reordering
W025,P01,W025_V07_P01,W025_V08_P01,numeric
W025,P02,W025_V07_P02,W025_V08_P02,major_semantic
W025,P03,W025_V07_P03,W025_V08_P03,reordering
W025,P04,W025_V07_P04,W025_V08_P04,date_time
W025,P05,W025_V07_P05,W025_V08_P05,deletion
W025,P06,W025_V07_P06,W025_V08_P06,addition
W025,P07,W025_V07_P07,W025_V08_P07,requirement
W025,P08,W025_V07_P08,W025_V08_P08,policy
W025,P09,W025_V07_P09,W025_V08_P09,semantic
W025,P10,W025_V07_P10,W025_V08_P10,numeric
W025,P01,W025_V08_P01,W025_V09_P01,policy
W025,P02,W025_V08_P02,W025_V09_P02,semantic
W025,P03,W025_V08_P03,W025_V09_P03,numeric
W025,P04,W025_V08_P04,W025_V09_P04,major_semantic
W025,P05,W025_V08_P05,W025_V09_P05,reordering
W025,P06,W025_V08_P06,W025_V09_P06,date_time
W025,P07,W025_V08_P07,W025_V09_P07,deletion
W025,P08,W025_V08_P08,W025_V09_P08,addition
W025,P09,W025_V08_P09,W025_V09_P09,requirement
W025,P10,W025_V08_P10,W025_V09_P10,policy
W025,P01,W025_V09_P01,W025_V10_P01,addition
W025,P02,W025_V09_P02,W025_V10_P02,requirement
W025,P03,W025_V09_P03,W025_V10_P03,policy
W025,P04,W025_V09_P04,W025_V10_P04,semantic
W025,P05,W025_V09_P05,W025_V10_P05,numeric
W025,P06,W025_V09_P06,W025_V10_P06,major_semantic
W025,P07,W025_V09_P07,W025_V10_P07,reordering
W025,P08,W025_V09_P08,W025_V10_P08,date_time
W025,P09,W025_V09_P09,W025_V10_P09,deletion
W025,P10,W025_V09_P10,W025_V10_P10,addition
W026,P01,W026_V01_P01,W026_V02_P01,deletion
W026,P02,W026_V01_P02,W026_V02_P02,addition
W026,P03,W026_V01_P03,W026_V02_P03,requirement
W026,P04,W026_V01_P04,W026_V02_P04,policy
W026,P05,W026_V01_P05,W026_V02_P05,semantic
W026,P06,W026_V01_P06,W026_V02_P06,numeric
W026,P07,W026_V01_P07,W026_V02_P07,major_semantic
W026,P08,W026_V01_P08,W026_V02_P08,reordering
W026,P09,W026_V01_P09,W026_V02_P09,date_time
W026,P10,W026_V01_P10,W026_V02_P10,deletion
W026,P01,W026_V02_P01,W026_V03_P01,reordering
W026,P02,W026_V02_P02,W026_V03_P02,date_time
W026,P03,W026_V02_P03,W026_V03_P03,deletion
W026,P04,W026_V02_P04,W026_V03_P04,addition
W026,P05,W026_V02_P05,W026_V03_P05,requirement
W026,P06,W026_V02_P06,W026_V03_P06,policy
W026,P07,W026_V02_P07,W026_V03_P07,semantic
W026,P08,W026_V02_P08,W026_V03_P08,numeric
W026,P09,W026_V02_P09,W026_V03_P09,major_semantic
W026,P10,W026_V02_P10,W026_V03_P10,reordering
W026,P01,W026_V03_P01,W026_V04_P01,numeric
W026,P02,W026_V03_P02,W026_V04_P02,major_semantic
W026,P03,W026_V03_P03,W026_V04_P03,reordering
W026,P04,W026_V03_P04,W026_V04_P04,date_time
W026,P05,W026_V03_P05,W026_V04_P05,deletion
W026,P06,W026_V03_P06,W026_V04_P06,addition
W026,P07,W026_V03_P07,W026_V04_P07,requirement
W026,P08,W026_V03_P08,W026_V04_P08,policy
W026,P09,W026_V03_P09,W026_V04_P09,semantic
W026,P10,W026_V03_P10,W026_V04_P10,numeric
W026,P01,W026_V04_P01,W026_V05_P01,policy
W026,P02,W026_V04_P02,W026_V05_P02,semantic
W026,P03,W026_V04_P03,W026_V05_P03,numeric
W026,P04,W026_V04_P04,W026_V05_P04,major_semantic
W026,P05,W026_V04_P05,W026_V05_P05,reordering
W026,P06,W026_V04_P06,W026_V05_P06,date_time
W026,P07,W026_V04_P07,W026_V05_P07,deletion
W026,P08,W026_V04_P08,W026_V05_P08,addition
W026,P09,W026_V04_P09,W026_V05_P09,requirement
W026,P10,W026_V04_P10,W026_V05_P10,policy
W026,P01,W026_V05_P01,W026_V06_P01,addition
W026,P02,W026_V05_P02,W026_V06_P02,requirement
W026,P03,W026_V05_P03,W026_V06_P03,policy
W026,P04,W026_V05_P04,W026_V06_P04,semantic
W026,P05,W026_V05_P05,W026_V06_P05,numeric
W026,P06,W026_V05_P06,W026_V06_P06,major_semantic
W026,P07,W026_V05_P07,W026_V06_P07,reordering
W026,P08,W026_V05_P08,W026_V06_P08,date_time
W026,P09,W026_V05_P09,W026_V06_P09,deletion
W026,P10,W026_V05_P10,W026_V06_P10,addition
W026,P01,W026_V06_P01,W026_V07_P01,date_time
W026,P02,W026_V06_P02,W026_V07_P02,deletion
W026,P03,W026_V06_P03,W026_V07_P03,addition
W026,P04,W026_V06_P04,W026_V07_P04,requirement
W026,P05,W026_V06_P05,W026_V07_P05,policy
W026,P06,W026_V06_P06,W026_V07_P06,semantic
W026,P07,W026_V06_P07,W026_V07_P07,numeric
W026,P08,W026_V06_P08,W026_V07_P08,major_semantic
W026,P09,W026_V06_P09,W026_V07_P09,reordering
W026,P10,W026_V06_P10,W026_V07_P10,date_time
W026,P01,W026_V07_P01,W026_V08_P01,major_semantic
W026,P02,W026_V07_P02,W026_V08_P02,reordering
W026,P03,W026_V07_P03,W026_V08_P03,date_time
W026,P04,W026_V07_P04,W026_V08_P04,deletion
W026,P05,W026_V07_P05,W026_V08_P05,addition
W026,P06,W026_V07_P06,W026_V08_P06,requirement
W026,P07,W026_V07_P07,W026_V08_P07,policy
W026,P08,W026_V07_P08,W026_V08_P08,semantic
W026,P09,W026_V07_P09,W026_V08_P09,numeric
W026,P10,W026_V07_P10,W026_V08_P10,major_semantic
W026,P01,W026_V08_P01,W026_V09_P01,semantic
W026,P02,W026_V08_P02,W026_V09_P02,numeric
W026,P03,W026_V08_P03,W026_V09_P03,major_semantic
W026,P04,W026_V08_P04,W026_V09_P04,reordering
W026,P05,W026_V08_P05,W026_V09_P05,date_time
W026,P06,W026_V08_P06,W026_V09_P06,deletion
W026,P07,W026_V08_P07,W026_V09_P07,addition
W026,P08,W026_V08_P08,W026_V09_P08,requirement
W026,P09,W026_V08_P09,W026_V09_P09,policy
W026,P10,W026_V08_P10,W026_V09_P10,semantic
W026,P01,W026_V09_P01,W026_V10_P01,requirement
W026,P02,W026_V09_P02,W026_V10_P02,policy
W026,P03,W026_V09_P03,W026_V10_P03,semantic
W026,P04,W026_V09_P04,W026_V10_P04,numeric
W026,P05,W026_V09_P05,W026_V10_P05,major_semantic
W026,P06,W026_V09_P06,W026_V10_P06,reordering
W026,P07,W026_V09_P07,W026_V10_P07,date_time
W026,P08,W026_V09_P08,W026_V10_P08,deletion
W026,P09,W026_V09_P09,W026_V10_P09,addition
W026,P10,W026_V09_P10,W026_V10_P10,requirement
W027,P01,W027_V01_P01,W027_V02_P01,addition
W027,P02,W027_V01_P02,W027_V02_P02,requirement
W027,P03,W027_V01_P03,W027_V02_P03,policy
W027,P04,W027_V01_P04,W027_V02_P04,semantic
W027,P05,W027_V01_P05,W027_V02_P05,numeric
W027,P06,W027_V01_P06,W027_V02_P06,major_semantic
W027,P07,W027_V01_P07,W027_V02_P07,reordering
W027,P08,W027_V01_P08,W027_V02_P08,date_time
W027,P09,W027_V01_P09,W027_V02_P09,deletion
W027,P10,W027_V01_P10,W027_V02_P10,addition
W027,P01,W027_V02_P01,W027_V03_P01,date_time
W027,P02,W027_V02_P02,W027_V03_P02,deletion
W027,P03,W027_V02_P03,W027_V03_P03,addition
W027,P04,W027_V02_P04,W027_V03_P04,requirement
W027,P05,W027_V02_P05,W027_V03_P05,policy
W027,P06,W027_V02_P06,W027_V03_P06,semantic
W027,P07,W027_V02_P07,W027_V03_P07,numeric
W027,P08,W027_V02_P08,W027_V03_P08,major_semantic
W027,P09,W027_V02_P09,W027_V03_P09,reordering
W027,P10,W027_V02_P10,W027_V03_P10,date_time
W027,P01,W027_V03_P01,W027_V04_P01,major_semantic
W027,P02,W027_V03_P02,W027_V04_P02,reordering
W027,P03,W027_V03_P03,W027_V04_P03,date_time
W027,P04,W027_V03_P04,W027_V04_P04,deletion
W027,P05,W027_V03_P05,W027_V04_P05,addition
W027,P06,W027_V03_P06,W027_V04_P06,requirement
W027,P07,W027_V03_P07,W027_V04_P07,policy
W027,P08,W027_V03_P08,W027_V04_P08,semantic
W027,P09,W027_V03_P09,W027_V04_P09,numeric
W027,P10,W027_V03_P10,W027_V04_P10,major_semantic
W027,P01,W027_V04_P01,W027_V05_P01,semantic
W027,P02,W027_V04_P02,W027_V05_P02,numeric
W027,P03,W027_V04_P03,W027_V05_P03,major_semantic
W027,P04,W027_V04_P04,W027_V05_P04,reordering
W027,P05,W027_V04_P05,W027_V05_P05,date_time
W027,P06,W027_V04_P06,W027_V05_P06,deletion
W027,P07,W027_V04_P07,W027_V05_P07,addition
W027,P08,W027_V04_P08,W027_V05_P08,requirement
W027,P09,W027_V04_P09,W027_V05_P09,policy
W027,P10,W027_V04_P10,W027_V05_P10,semantic
W027,P01,W027_V05_P01,W027_V06_P01,requirement
W027,P02,W027_V05_P02,W027_V06_P02,policy
W027,P03,W027_V05_P03,W027_V06_P03,semantic
W027,P04,W027_V05_P04,W027_V06_P04,numeric
W027,P05,W027_V05_P05,W027_V06_P05,major_semantic
W027,P06,W027_V05_P06,W027_V06_P06,reordering
W027,P07,W027_V05_P07,W027_V06_P07,date_time
W027,P08,W027_V05_P08,W027_V06_P08,deletion
W027,P09,W027_V05_P09,W027_V06_P09,addition
W027,P10,W027_V05_P10,W027_V06_P10,requirement
W027,P01,W027_V06_P01,W027_V07_P01,deletion
W027,P02,W027_V06_P02,W027_V07_P02,addition
W027,P03,W027_V06_P03,W027_V07_P03,requirement
W027,P04,W027_V06_P04,W027_V07_P04,policy
W027,P05,W027_V06_P05,W027_V07_P05,semantic
W027,P06,W027_V06_P06,W027_V07_P06,numeric
W027,P07,W027_V06_P07,W027_V07_P07,major_semantic
W027,P08,W027_V06_P08,W027_V07_P08,reordering
W027,P09,W027_V06_P09,W027_V07_P09,date_time
W027,P10,W027_V06_P10,W027_V07_P10,deletion
W027,P01,W027_V07_P01,W027_V08_P01,reordering
W027,P02,W027_V07_P02,W027_V08_P02,date_time
W027,P03,W027_V07_P03,W027_V08_P03,deletion
W027,P04,W027_V07_P04,W027_V08_P04,addition
W027,P05,W027_V07_P05,W027_V08_P05,requirement
W027,P06,W027_V07_P06,W027_V08_P06,policy
W027,P07,W027_V07_P07,W027_V08_P07,semantic
W027,P08,W027_V07_P08,W027_V08_P08,numeric
W027,P09,W027_V07_P09,W027_V08_P09,major_semantic
W027,P10,W027_V07_P10,W027_V08_P10,reordering
W027,P01,W027_V08_P01,W027_V09_P01,numeric
W027,P02,W027_V08_P02,W027_V09_P02,major_semantic
W027,P03,W027_V08_P03,W027_V09_P03,reordering
W027,P04,W027_V08_P04,W027_V09_P04,date_time
W027,P05,W027_V08_P05,W027_V09_P05,deletion
W027,P06,W027_V08_P06,W027_V09_P06,addition
W027,P07,W027_V08_P07,W027_V09_P07,requirement
W027,P08,W027_V08_P08,W027_V09_P08,policy
W027,P09,W027_V08_P09,W027_V09_P09,semantic
W027,P10,W027_V08_P10,W027_V09_P10,numeric
W027,P01,W027_V09_P01,W027_V10_P01,policy
W027,P02,W027_V09_P02,W027_V10_P02,semantic
W027,P03,W027_V09_P03,W027_V10_P03,numeric
W027,P04,W027_V09_P04,W027_V10_P04,major_semantic
W027,P05,W027_V09_P05,W027_V10_P05,reordering
W027,P06,W027_V09_P06,W027_V10_P06,date_time
W027,P07,W027_V09_P07,W027_V10_P07,deletion
W027,P08,W027_V09_P08,W027_V10_P08,addition
W027,P09,W027_V09_P09,W027_V10_P09,requirement
W027,P10,W027_V09_P10,W027_V10_P10,policy
W028,P01,W028_V01_P01,W028_V02_P01,requirement
W028,P02,W028_V01_P02,W028_V02_P02,policy
W028,P03,W028_V01_P03,W028_V02_P03,semantic
W028,P04,W028_V01_P04,W028_V02_P04,numeric
W028,P05,W028_V01_P05,W028_V02_P05,major_semantic
W028,P06,W028_V01_P06,W028_V02_P06,reordering
W028,P07,W028_V01_P07,W028_V02_P07,date_time
W028,P08,W028_V01_P08,W028_V02_P08,deletion
W028,P09,W028_V01_P09,W028_V02_P09,addition
W028,P10,W028_V01_P10,W028_V02_P10,requirement
W028,P01,W028_V02_P01,W028_V03_P01,deletion
W028,P02,W028_V02_P02,W028_V03_P02,addition
W028,P03,W028_V02_P03,W028_V03_P03,requirement
W028,P04,W028_V02_P04,W028_V03_P04,policy
W028,P05,W028_V02_P05,W028_V03_P05,semantic
W028,P06,W028_V02_P06,W028_V03_P06,numeric
W028,P07,W028_V02_P07,W028_V03_P07,major_semantic
W028,P08,W028_V02_P08,W028_V03_P08,reordering
W028,P09,W028_V02_P09,W028_V03_P09,date_time
W028,P10,W028_V02_P10,W028_V03_P10,deletion
W028,P01,W028_V03_P01,W028_V04_P01,reordering
W028,P02,W028_V03_P02,W028_V04_P02,date_time
W028,P03,W028_V03_P03,W028_V04_P03,deletion
W028,P04,W028_V03_P04,W028_V04_P04,addition
W028,P05,W028_V03_P05,W028_V04_P05,requirement
W028,P06,W028_V03_P06,W028_V04_P06,policy
W028,P07,W028_V03_P07,W028_V04_P07,semantic
W028,P08,W028_V03_P08,W028_V04_P08,numeric
W028,P09,W028_V03_P09,W028_V04_P09,major_semantic
W028,P10,W028_V03_P10,W028_V04_P10,reordering
W028,P01,W028_V04_P01,W028_V05_P01,numeric
W028,P02,W028_V04_P02,W028_V05_P02,major_semantic
W028,P03,W028_V04_P03,W028_V05_P03,reordering
W028,P04,W028_V04_P04,W028_V05_P04,date_time
W028,P05,W028_V04_P05,W028_V05_P05,deletion
W028,P06,W028_V04_P06,W028_V05_P06,addition
W028,P07,W028_V04_P07,W028_V05_P07,requirement
W028,P08,W028_V04_P08,W028_V05_P08,policy
W028,P09,W028_V04_P09,W028_V05_P09,semantic
W028,P10,W028_V04_P10,W028_V05_P10,numeric
W028,P01,W028_V05_P01,W028_V06_P01,policy
W028,P02,W028_V05_P02,W028_V06_P02,semantic
W028,P03,W028_V05_P03,W028_V06_P03,numeric
W028,P04,W028_V05_P04,W028_V06_P04,major_semantic
W028,P05,W028_V05_P05,W028_V06_P05,reordering
W028,P06,W028_V05_P06,W028_V06_P06,date_time
W028,P07,W028_V05_P07,W028_V06_P07,deletion
W028,P08,W028_V05_P08,W028_V06_P08,addition
W028,P09,W028_V05_P09,W028_V06_P09,requirement
W028,P10,W028_V05_P10,W028_V06_P10,policy
W028,P01,W028_V06_P01,W028_V07_P01,addition
W028,P02,W028_V06_P02,W028_V07_P02,requirement
W028,P03,W028_V06_P03,W028_V07_P03,policy
W028,P04,W028_V06_P04,W028_V07_P04,semantic
W028,P05,W028_V06_P05,W028_V07_P05,numeric
W028,P06,W028_V06_P06,W028_V07_P06,major_semantic
W028,P07,W028_V06_P07,W028_V07_P07,reordering
W028,P08,W028_V06_P08,W028_V07_P08,date_time
W028,P09,W028_V06_P09,W028_V07_P09,deletion
W028,P10,W028_V06_P10,W028_V07_P10,addition
W028,P01,W028_V07_P01,W028_V08_P01,date_time
W028,P02,W028_V07_P02,W028_V08_P02,deletion
W028,P03,W028_V07_P03,W028_V08_P03,addition
W028,P04,W028_V07_P04,W028_V08_P04,requirement
W028,P05,W028_V07_P05,W028_V08_P05,policy
W028,P06,W028_V07_P06,W028_V08_P06,semantic
W028,P07,W028_V07_P07,W028_V08_P07,numeric
W028,P08,W028_V07_P08,W028_V08_P08,major_semantic
W028,P09,W028_V07_P09,W028_V08_P09,reordering
W028,P10,W028_V07_P10,W028_V08_P10,date_time
W028,P01,W028_V08_P01,W028_V09_P01,major_semantic
W028,P02,W028_V08_P02,W028_V09_P02,reordering
W028,P03,W028_V08_P03,W028_V09_P03,date_time
W028,P04,W028_V08_P04,W028_V09_P04,deletion
W028,P05,W028_V08_P05,W028_V09_P05,addition
W028,P06,W028_V08_P06,W028_V09_P06,requirement
W028,P07,W028_V08_P07,W028_V09_P07,policy
W028,P08,W028_V08_P08,W028_V09_P08,semantic
W028,P09,W028_V08_P09,W028_V09_P09,numeric
W028,P10,W028_V08_P10,W028_V09_P10,major_semantic
W028,P01,W028_V09_P01,W028_V10_P01,semantic
W028,P02,W028_V09_P02,W028_V10_P02,numeric
W028,P03,W028_V09_P03,W028_V10_P03,major_semantic
W028,P04,W028_V09_P04,W028_V10_P04,reordering
W028,P05,W028_V09_P05,W028_V10_P05,date_time
W028,P06,W028_V09_P06,W028_V10_P06,deletion
W028,P07,W028_V09_P07,W028_V10_P07,addition
W028,P08,W028_V09_P08,W028_V10_P08,requirement
W028,P09,W028_V09_P09,W028_V10_P09,policy
W028,P10,W028_V09_P10,W028_V10_P10,semantic
W029,P01,W029_V01_P01,W029_V02_P01,policy
W029,P02,W029_V01_P02,W029_V02_P02,semantic
W029,P03,W029_V01_P03,W029_V02_P03,numeric
W029,P04,W029_V01_P04,W029_V02_P04,major_semantic
W029,P05,W029_V01_P05,W029_V02_P05,reordering
W029,P06,W029_V01_P06,W029_V02_P06,date_time
W029,P07,W029_V01_P07,W029_V02_P07,deletion
W029,P08,W029_V01_P08,W029_V02_P08,addition
W029,P09,W029_V01_P09,W029_V02_P09,requirement
W029,P10,W029_V01_P10,W029_V02_P10,policy
W029,P01,W029_V02_P01,W029_V03_P01,addition
W029,P02,W029_V02_P02,W029_V03_P02,requirement
W029,P03,W029_V02_P03,W029_V03_P03,policy
W029,P04,W029_V02_P04,W029_V03_P04,semantic
W029,P05,W029_V02_P05,W029_V03_P05,numeric
W029,P06,W029_V02_P06,W029_V03_P06,major_semantic
W029,P07,W029_V02_P07,W029_V03_P07,reordering
W029,P08,W029_V02_P08,W029_V03_P08,date_time
W029,P09,W029_V02_P09,W029_V03_P09,deletion
W029,P10,W029_V02_P10,W029_V03_P10,addition
W029,P01,W029_V03_P01,W029_V04_P01,date_time
W029,P02,W029_V03_P02,W029_V04_P02,deletion
W029,P03,W029_V03_P03,W029_V04_P03,addition
W029,P04,W029_V03_P04,W029_V04_P04,requirement
W029,P05,W029_V03_P05,W029_V04_P05,policy
W029,P06,W029_V03_P06,W029_V04_P06,semantic
W029,P07,W029_V03_P07,W029_V04_P07,numeric
W029,P08,W029_V03_P08,W029_V04_P08,major_semantic
W029,P09,W029_V03_P09,W029_V04_P09,reordering
W029,P10,W029_V03_P10,W029_V04_P10,date_time
W029,P01,W029_V04_P01,W029_V05_P01,major_semantic
W029,P02,W029_V04_P02,W029_V05_P02,reordering
W029,P03,W029_V04_P03,W029_V05_P03,date_time
W029,P04,W029_V04_P04,W029_V05_P04,deletion
W029,P05,W029_V04_P05,W029_V05_P05,addition
W029,P06,W029_V04_P06,W029_V05_P06,requirement
W029,P07,W029_V04_P07,W029_V05_P07,policy
W029,P08,W029_V04_P08,W029_V05_P08,semantic
W029,P09,W029_V04_P09,W029_V05_P09,numeric
W029,P10,W029_V04_P10,W029_V05_P10,major_semantic
W029,P01,W029_V05_P01,W029_V06_P01,semantic
W029,P02,W029_V05_P02,W029_V06_P02,numeric
W029,P03,W029_V05_P03,W029_V06_P03,major_semantic
W029,P04,W029_V05_P04,W029_V06_P04,reordering
W029,P05,W029_V05_P05,W029_V06_P05,date_time
W029,P06,W029_V05_P06,W029_V06_P06,deletion
W029,P07,W029_V05_P07,W029_V06_P07,addition
W029,P08,W029_V05_P08,W029_V06_P08,requirement
W029,P09,W029_V05_P09,W029_V06_P09,policy
W029,P10,W029_V05_P10,W029_V06_P10,semantic
W029,P01,W029_V06_P01,W029_V07_P01,requirement
W029,P02,W029_V06_P02,W029_V07_P02,policy
W029,P03,W029_V06_P03,W029_V07_P03,semantic
W029,P04,W029_V06_P04,W029_V07_P04,numeric
W029,P05,W029_V06_P05,W029_V07_P05,major_semantic
W029,P06,W029_V06_P06,W029_V07_P06,reordering
W029,P07,W029_V06_P07,W029_V07_P07,date_time
W029,P08,W029_V06_P08,W029_V07_P08,deletion
W029,P09,W029_V06_P09,W029_V07_P09,addition
W029,P10,W029_V06_P10,W029_V07_P10,requirement
W029,P01,W029_V07_P01,W029_V08_P01,deletion
W029,P02,W029_V07_P02,W029_V08_P02,addition
W029,P03,W029_V07_P03,W029_V08_P03,requirement
W029,P04,W029_V07_P04,W029_V08_P04,policy
W029,P05,W029_V07_P05,W029_V08_P05,semantic
W029,P06,W029_V07_P06,W029_V08_P06,numeric
W029,P07,W029_V07_P07,W029_V08_P07,major_semantic
W029,P08,W029_V07_P08,W029_V08_P08,reordering
W029,P09,W029_V07_P09,W029_V08_P09,date_time
W029,P10,W029_V07_P10,W029_V08_P10,deletion
W029,P01,W029_V08_P01,W029_V09_P01,reordering
W029,P02,W029_V08_P02,W029_V09_P02,date_time
W029,P03,W029_V08_P03,W029_V09_P03,deletion
W029,P04,W029_V08_P04,W029_V09_P04,addition
W029,P05,W029_V08_P05,W029_V09_P05,requirement
W029,P06,W029_V08_P06,W029_V09_P06,policy
W029,P07,W029_V08_P07,W029_V09_P07,semantic
W029,P08,W029_V08_P08,W029_V09_P08,numeric
W029,P09,W029_V08_P09,W029_V09_P09,major_semantic
W029,P10,W029_V08_P10,W029_V09_P10,reordering
W029,P01,W029_V09_P01,W029_V10_P01,numeric
W029,P02,W029_V09_P02,W029_V10_P02,major_semantic
W029,P03,W029_V09_P03,W029_V10_P03,reordering
W029,P04,W029_V09_P04,W029_V10_P04,date_time
W029,P05,W029_V09_P05,W029_V10_P05,deletion
W029,P06,W029_V09_P06,W029_V10_P06,addition
W029,P07,W029_V09_P07,W029_V10_P07,requirement
W029,P08,W029_V09_P08,W029_V10_P08,policy
W029,P09,W029_V09_P09,W029_V10_P09,semantic
W029,P10,W029_V09_P10,W029_V10_P10,numeric
W030,P01,W030_V01_P01,W030_V02_P01,semantic
W030,P02,W030_V01_P02,W030_V02_P02,numeric
W030,P03,W030_V01_P03,W030_V02_P03,major_semantic
W030,P04,W030_V01_P04,W030_V02_P04,reordering
W030,P05,W030_V01_P05,W030_V02_P05,date_time
W030,P06,W030_V01_P06,W030_V02_P06,deletion
W030,P07,W030_V01_P07,W030_V02_P07,addition
W030,P08,W030_V01_P08,W030_V02_P08,requirement
W030,P09,W030_V01_P09,W030_V02_P09,policy
W030,P10,W030_V01_P10,W030_V02_P10,semantic
W030,P01,W030_V02_P01,W030_V03_P01,requirement
W030,P02,W030_V02_P02,W030_V03_P02,policy
W030,P03,W030_V02_P03,W030_V03_P03,semantic
W030,P04,W030_V02_P04,W030_V03_P04,numeric
W030,P05,W030_V02_P05,W030_V03_P05,major_semantic
W030,P06,W030_V02_P06,W030_V03_P06,reordering
W030,P07,W030_V02_P07,W030_V03_P07,date_time
W030,P08,W030_V02_P08,W030_V03_P08,deletion
W030,P09,W030_V02_P09,W030_V03_P09,addition
W030,P10,W030_V02_P10,W030_V03_P10,requirement
W030,P01,W030_V03_P01,W030_V04_P01,deletion
W030,P02,W030_V03_P02,W030_V04_P02,addition
W030,P03,W030_V03_P03,W030_V04_P03,requirement
W030,P04,W030_V03_P04,W030_V04_P04,policy
W030,P05,W030_V03_P05,W030_V04_P05,semantic
W030,P06,W030_V03_P06,W030_V04_P06,numeric
W030,P07,W030_V03_P07,W030_V04_P07,major_semantic
W030,P08,W030_V03_P08,W030_V04_P08,reordering
W030,P09,W030_V03_P09,W030_V04_P09,date_time
W030,P10,W030_V03_P10,W030_V04_P10,deletion
W030,P01,W030_V04_P01,W030_V05_P01,reordering
W030,P02,W030_V04_P02,W030_V05_P02,date_time
W030,P03,W030_V04_P03,W030_V05_P03,deletion
W030,P04,W030_V04_P04,W030_V05_P04,addition
W030,P05,W030_V04_P05,W030_V05_P05,requirement
W030,P06,W030_V04_P06,W030_V05_P06,policy
W030,P07,W030_V04_P07,W030_V05_P07,semantic
W030,P08,W030_V04_P08,W030_V05_P08,numeric
W030,P09,W030_V04_P09,W030_V05_P09,major_semantic
W030,P10,W030_V04_P10,W030_V05_P10,reordering
W030,P01,W030_V05_P01,W030_V06_P01,numeric
W030,P02,W030_V05_P02,W030_V06_P02,major_semantic
W030,P03,W030_V05_P03,W030_V06_P03,reordering
W030,P04,W030_V05_P04,W030_V06_P04,date_time
W030,P05,W030_V05_P05,W030_V06_P05,deletion
W030,P06,W030_V05_P06,W030_V06_P06,addition
W030,P07,W030_V05_P07,W030_V06_P07,requirement
W030,P08,W030_V05_P08,W030_V06_P08,policy
W030,P09,W030_V05_P09,W030_V06_P09,semantic
W030,P10,W030_V05_P10,W030_V06_P10,numeric
W030,P01,W030_V06_P01,W030_V07_P01,policy
W030,P02,W030_V06_P02,W030_V07_P02,semantic
W030,P03,W030_V06_P03,W030_V07_P03,numeric
W030,P04,W030_V06_P04,W030_V07_P04,major_semantic
W030,P05,W030_V06_P05,W030_V07_P05,reordering
W030,P06,W030_V06_P06,W030_V07_P06,date_time
W030,P07,W030_V06_P07,W030_V07_P07,deletion
W030,P08,W030_V06_P08,W030_V07_P08,addition
W030,P09,W030_V06_P09,W030_V07_P09,requirement
W030,P10,W030_V06_P10,W030_V07_P10,policy
W030,P01,W030_V07_P01,W030_V08_P01,addition
W030,P02,W030_V07_P02,W030_V08_P02,requirement
W030,P03,W030_V07_P03,W030_V08_P03,policy
W030,P04,W030_V07_P04,W030_V08_P04,semantic
W030,P05,W030_V07_P05,W030_V08_P05,numeric
W030,P06,W030_V07_P06,W030_V08_P06,major_semantic
W030,P07,W030_V07_P07,W030_V08_P07,reordering
W030,P08,W030_V07_P08,W030_V08_P08,date_time
W030,P09,W030_V07_P09,W030_V08_P09,deletion
W030,P10,W030_V07_P10,W030_V08_P10,addition
W030,P01,W030_V08_P01,W030_V09_P01,date_time
W030,P02,W030_V08_P02,W030_V09_P02,deletion
W030,P03,W030_V08_P03,W030_V09_P03,addition
W030,P04,W030_V08_P04,W030_V09_P04,requirement
W030,P05,W030_V08_P05,W030_V09_P05,policy
W030,P06,W030_V08_P06,W030_V09_P06,semantic
W030,P07,W030_V08_P07,W030_V09_P07,numeric
W030,P08,W030_V08_P08,W030_V09_P08,major_semantic
W030,P09,W030_V08_P09,W030_V09_P09,reordering
W030,P10,W030_V08_P10,W030_V09_P10,date_time
W030,P01,W030_V09_P01,W030_V10_P01,major_semantic
W030,P02,W030_V09_P02,W030_V10_P02,reordering
W030,P03,W030_V09_P03,W030_V10_P03,date_time
W030,P04,W030_V09_P04,W030_V10_P04,deletion
W030,P05,W030_V09_P05,W030_V10_P05,addition
W030,P06,W030_V09_P06,W030_V10_P06,requirement
W030,P07,W030_V09_P07,W030_V10_P07,policy
W030,P08,W030_V09_P08,W030_V10_P08,semantic
W030,P09,W030_V09_P09,W030_V10_P09,numeric
W030,P10,W030_V09_P10,W030_V10_P10,major_semantic
W031,P01,W031_V01_P01,W031_V02_P01,numeric
W031,P02,W031_V01_P02,W031_V02_P02,major_semantic
W031,P03,W031_V01_P03,W031_V02_P03,reordering
W031,P04,W031_V01_P04,W031_V02_P04,date_time
W031,P05,W031_V01_P05,W031_V02_P05,deletion
W031,P06,W031_V01_P06,W031_V02_P06,addition
W031,P07,W031_V01_P07,W031_V02_P07,requirement
W031,P08,W031_V01_P08,W031_V02_P08,policy
W031,P09,W031_V01_P09,W031_V02_P09,semantic
W031,P10,W031_V01_P10,W031_V02_P10,numeric
W031,P01,W031_V02_P01,W031_V03_P01,policy
W031,P02,W031_V02_P02,W031_V03_P02,semantic
W031,P03,W031_V02_P03,W031_V03_P03,numeric
W031,P04,W031_V02_P04,W031_V03_P04,major_semantic
W031,P05,W031_V02_P05,W031_V03_P05,reordering
W031,P06,W031_V02_P06,W031_V03_P06,date_time
W031,P07,W031_V02_P07,W031_V03_P07,deletion
W031,P08,W031_V02_P08,W031_V03_P08,addition
W031,P09,W031_V02_P09,W031_V03_P09,requirement
W031,P10,W031_V02_P10,W031_V03_P10,policy
W031,P01,W031_V03_P01,W031_V04_P01,addition
W031,P02,W031_V03_P02,W031_V04_P02,requirement
W031,P03,W031_V03_P03,W031_V04_P03,policy
W031,P04,W031_V03_P04,W031_V04_P04,semantic
W031,P05,W031_V03_P05,W031_V04_P05,numeric
W031,P06,W031_V03_P06,W031_V04_P06,major_semantic
W031,P07,W031_V03_P07,W031_V04_P07,reordering
W031,P08,W031_V03_P08,W031_V04_P08,date_time
W031,P09,W031_V03_P09,W031_V04_P09,deletion
W031,P10,W031_V03_P10,W031_V04_P10,addition
W031,P01,W031_V04_P01,W031_V05_P01,date_time
W031,P02,W031_V04_P02,W031_V05_P02,deletion
W031,P03,W031_V04_P03,W031_V05_P03,addition
W031,P04,W031_V04_P04,W031_V05_P04,requirement
W031,P05,W031_V04_P05,W031_V05_P05,policy
W031,P06,W031_V04_P06,W031_V05_P06,semantic
W031,P07,W031_V04_P07,W031_V05_P07,numeric
W031,P08,W031_V04_P08,W031_V05_P08,major_semantic
W031,P09,W031_V04_P09,W031_V05_P09,reordering
W031,P10,W031_V04_P10,W031_V05_P10,date_time
W031,P01,W031_V05_P01,W031_V06_P01,major_semantic
W031,P02,W031_V05_P02,W031_V06_P02,reordering
W031,P03,W031_V05_P03,W031_V06_P03,date_time
W031,P04,W031_V05_P04,W031_V06_P04,deletion
W031,P05,W031_V05_P05,W031_V06_P05,addition
W031,P06,W031_V05_P06,W031_V06_P06,requirement
W031,P07,W031_V05_P07,W031_V06_P07,policy
W031,P08,W031_V05_P08,W031_V06_P08,semantic
W031,P09,W031_V05_P09,W031_V06_P09,numeric
W031,P10,W031_V05_P10,W031_V06_P10,major_semantic
W031,P01,W031_V06_P01,W031_V07_P01,semantic
W031,P02,W031_V06_P02,W031_V07_P02,numeric
W031,P03,W031_V06_P03,W031_V07_P03,major_semantic
W031,P04,W031_V06_P04,W031_V07_P04,reordering
W031,P05,W031_V06_P05,W031_V07_P05,date_time
W031,P06,W031_V06_P06,W031_V07_P06,deletion
W031,P07,W031_V06_P07,W031_V07_P07,addition
W031,P08,W031_V06_P08,W031_V07_P08,requirement
W031,P09,W031_V06_P09,W031_V07_P09,policy
W031,P10,W031_V06_P10,W031_V07_P10,semantic
W031,P01,W031_V07_P01,W031_V08_P01,requirement
W031,P02,W031_V07_P02,W031_V08_P02,policy
W031,P03,W031_V07_P03,W031_V08_P03,semantic
W031,P04,W031_V07_P04,W031_V08_P04,numeric
W031,P05,W031_V07_P05,W031_V08_P05,major_semantic
W031,P06,W031_V07_P06,W031_V08_P06,reordering
W031,P07,W031_V07_P07,W031_V08_P07,date_time
W031,P08,W031_V07_P08,W031_V08_P08,deletion
W031,P09,W031_V07_P09,W031_V08_P09,addition
W031,P10,W031_V07_P10,W031_V08_P10,requirement
W031,P01,W031_V08_P01,W031_V09_P01,deletion
W031,P02,W031_V08_P02,W031_V09_P02,addition
W031,P03,W031_V08_P03,W031_V09_P03,requirement
W031,P04,W031_V08_P04,W031_V09_P04,policy
W031,P05,W031_V08_P05,W031_V09_P05,semantic
W031,P06,W031_V08_P06,W031_V09_P06,numeric
W031,P07,W031_V08_P07,W031_V09_P07,major_semantic
W031,P08,W031_V08_P08,W031_V09_P08,reordering
W031,P09,W031_V08_P09,W031_V09_P09,date_time
W031,P10,W031_V08_P10,W031_V09_P10,deletion
W031,P01,W031_V09_P01,W031_V10_P01,reordering
W031,P02,W031_V09_P02,W031_V10_P02,date_time
W031,P03,W031_V09_P03,W031_V10_P03,deletion
W031,P04,W031_V09_P04,W031_V10_P04,addition
W031,P05,W031_V09_P05,W031_V10_P05,requirement
W031,P06,W031_V09_P06,W031_V10_P06,policy
W031,P07,W031_V09_P07,W031_V10_P07,semantic
W031,P08,W031_V09_P08,W031_V10_P08,numeric
W031,P09,W031_V09_P09,W031_V10_P09,major_semantic
W031,P10,W031_V09_P10,W031_V10_P10,reordering
W032,P01,W032_V01_P01,W032_V02_P01,major_semantic
W032,P02,W032_V01_P02,W032_V02_P02,reordering
W032,P03,W032_V01_P03,W032_V02_P03,date_time
W032,P04,W032_V01_P04,W032_V02_P04,deletion
W032,P05,W032_V01_P05,W032_V02_P05,addition
W032,P06,W032_V01_P06,W032_V02_P06,requirement
W032,P07,W032_V01_P07,W032_V02_P07,policy
W032,P08,W032_V01_P08,W032_V02_P08,semantic
W032,P09,W032_V01_P09,W032_V02_P09,numeric
W032,P10,W032_V01_P10,W032_V02_P10,major_semantic
W032,P01,W032_V02_P01,W032_V03_P01,semantic
W032,P02,W032_V02_P02,W032_V03_P02,numeric
W032,P03,W032_V02_P03,W032_V03_P03,major_semantic
W032,P04,W032_V02_P04,W032_V03_P04,reordering
W032,P05,W032_V02_P05,W032_V03_P05,date_time
W032,P06,W032_V02_P06,W032_V03_P06,deletion
W032,P07,W032_V02_P07,W032_V03_P07,addition
W032,P08,W032_V02_P08,W032_V03_P08,requirement
W032,P09,W032_V02_P09,W032_V03_P09,policy
W032,P10,W032_V02_P10,W032_V03_P10,semantic
W032,P01,W032_V03_P01,W032_V04_P01,requirement
W032,P02,W032_V03_P02,W032_V04_P02,policy
W032,P03,W032_V03_P03,W032_V04_P03,semantic
W032,P04,W032_V03_P04,W032_V04_P04,numeric
W032,P05,W032_V03_P05,W032_V04_P05,major_semantic
W032,P06,W032_V03_P06,W032_V04_P06,reordering
W032,P07,W032_V03_P07,W032_V04_P07,date_time
W032,P08,W032_V03_P08,W032_V04_P08,deletion
W032,P09,W032_V03_P09,W032_V04_P09,addition
W032,P10,W032_V03_P10,W032_V04_P10,requirement
W032,P01,W032_V04_P01,W032_V05_P01,deletion
W032,P02,W032_V04_P02,W032_V05_P02,addition
W032,P03,W032_V04_P03,W032_V05_P03,requirement
W032,P04,W032_V04_P04,W032_V05_P04,policy
W032,P05,W032_V04_P05,W032_V05_P05,semantic
W032,P06,W032_V04_P06,W032_V05_P06,numeric
W032,P07,W032_V04_P07,W032_V05_P07,major_semantic
W032,P08,W032_V04_P08,W032_V05_P08,reordering
W032,P09,W032_V04_P09,W032_V05_P09,date_time
W032,P10,W032_V04_P10,W032_V05_P10,deletion
W032,P01,W032_V05_P01,W032_V06_P01,reordering
W032,P02,W032_V05_P02,W032_V06_P02,date_time
W032,P03,W032_V05_P03,W032_V06_P03,deletion
W032,P04,W032_V05_P04,W032_V06_P04,addition
W032,P05,W032_V05_P05,W032_V06_P05,requirement
W032,P06,W032_V05_P06,W032_V06_P06,policy
W032,P07,W032_V05_P07,W032_V06_P07,semantic
W032,P08,W032_V05_P08,W032_V06_P08,numeric
W032,P09,W032_V05_P09,W032_V06_P09,major_semantic
W032,P10,W032_V05_P10,W032_V06_P10,reordering
W032,P01,W032_V06_P01,W032_V07_P01,numeric
W032,P02,W032_V06_P02,W032_V07_P02,major_semantic
W032,P03,W032_V06_P03,W032_V07_P03,reordering
W032,P04,W032_V06_P04,W032_V07_P04,date_time
W032,P05,W032_V06_P05,W032_V07_P05,deletion
W032,P06,W032_V06_P06,W032_V07_P06,addition
W032,P07,W032_V06_P07,W032_V07_P07,requirement
W032,P08,W032_V06_P08,W032_V07_P08,policy
W032,P09,W032_V06_P09,W032_V07_P09,semantic
W032,P10,W032_V06_P10,W032_V07_P10,numeric
W032,P01,W032_V07_P01,W032_V08_P01,policy
W032,P02,W032_V07_P02,W032_V08_P02,semantic
W032,P03,W032_V07_P03,W032_V08_P03,numeric
W032,P04,W032_V07_P04,W032_V08_P04,major_semantic
W032,P05,W032_V07_P05,W032_V08_P05,reordering
W032,P06,W032_V07_P06,W032_V08_P06,date_time
W032,P07,W032_V07_P07,W032_V08_P07,deletion
W032,P08,W032_V07_P08,W032_V08_P08,addition
W032,P09,W032_V07_P09,W032_V08_P09,requirement
W032,P10,W032_V07_P10,W032_V08_P10,policy
W032,P01,W032_V08_P01,W032_V09_P01,addition
W032,P02,W032_V08_P02,W032_V09_P02,requirement
W032,P03,W032_V08_P03,W032_V09_P03,policy
W032,P04,W032_V08_P04,W032_V09_P04,semantic
W032,P05,W032_V08_P05,W032_V09_P05,numeric
W032,P06,W032_V08_P06,W032_V09_P06,major_semantic
W032,P07,W032_V08_P07,W032_V09_P07,reordering
W032,P08,W032_V08_P08,W032_V09_P08,date_time
W032,P09,W032_V08_P09,W032_V09_P09,deletion
W032,P10,W032_V08_P10,W032_V09_P10,addition
W032,P01,W032_V09_P01,W032_V10_P01,date_time
W032,P02,W032_V09_P02,W032_V10_P02,deletion
W032,P03,W032_V09_P03,W032_V10_P03,addition
W032,P04,W032_V09_P04,W032_V10_P04,requirement
W032,P05,W032_V09_P05,W032_V10_P05,policy
W032,P06,W032_V09_P06,W032_V10_P06,semantic
W032,P07,W032_V09_P07,W032_V10_P07,numeric
W032,P08,W032_V09_P08,W032_V10_P08,major_semantic
W032,P09,W032_V09_P09,W032_V10_P09,reordering
W032,P10,W032_V09_P10,W032_V10_P10,date_time
W033,P01,W033_V01_P01,W033_V02_P01,reordering
W033,P02,W033_V01_P02,W033_V02_P02,date_time
W033,P03,W033_V01_P03,W033_V02_P03,deletion
W033,P04,W033_V01_P04,W033_V02_P04,addition
W033,P05,W033_V01_P05,W033_V02_P05,requirement
W033,P06,W033_V01_P06,W033_V02_P06,policy
W033,P07,W033_V01_P07,W033_V02_P07,semantic
W033,P08,W033_V01_P08,W033_V02_P08,numeric
W033,P09,W033_V01_P09,W033_V02_P09,major_semantic
W033,P10,W033_V01_P10,W033_V02_P10,reordering
W033,P01,W033_V02_P01,W033_V03_P01,numeric
W033,P02,W033_V02_P02,W033_V03_P02,major_semantic
W033,P03,W033_V02_P03,W033_V03_P03,reordering
W033,P04,W033_V02_P04,W033_V03_P04,date_time
W033,P05,W033_V02_P05,W033_V03_P05,deletion
W033,P06,W033_V02_P06,W033_V03_P06,addition
W033,P07,W033_V02_P07,W033_V03_P07,requirement
W033,P08,W033_V02_P08,W033_V03_P08,policy
W033,P09,W033_V02_P09,W033_V03_P09,semantic
W033,P10,W033_V02_P10,W033_V03_P10,numeric
W033,P01,W033_V03_P01,W033_V04_P01,policy
W033,P02,W033_V03_P02,W033_V04_P02,semantic
W033,P03,W033_V03_P03,W033_V04_P03,numeric
W033,P04,W033_V03_P04,W033_V04_P04,major_semantic
W033,P05,W033_V03_P05,W033_V04_P05,reordering
W033,P06,W033_V03_P06,W033_V04_P06,date_time
W033,P07,W033_V03_P07,W033_V04_P07,deletion
W033,P08,W033_V03_P08,W033_V04_P08,addition
W033,P09,W033_V03_P09,W033_V04_P09,requirement
W033,P10,W033_V03_P10,W033_V04_P10,policy
W033,P01,W033_V04_P01,W033_V05_P01,addition
W033,P02,W033_V04_P02,W033_V05_P02,requirement
W033,P03,W033_V04_P03,W033_V05_P03,policy
W033,P04,W033_V04_P04,W033_V05_P04,semantic
W033,P05,W033_V04_P05,W033_V05_P05,numeric
W033,P06,W033_V04_P06,W033_V05_P06,major_semantic
W033,P07,W033_V04_P07,W033_V05_P07,reordering
W033,P08,W033_V04_P08,W033_V05_P08,date_time
W033,P09,W033_V04_P09,W033_V05_P09,deletion
W033,P10,W033_V04_P10,W033_V05_P10,addition
W033,P01,W033_V05_P01,W033_V06_P01,date_time
W033,P02,W033_V05_P02,W033_V06_P02,deletion
W033,P03,W033_V05_P03,W033_V06_P03,addition
W033,P04,W033_V05_P04,W033_V06_P04,requirement
W033,P05,W033_V05_P05,W033_V06_P05,policy
W033,P06,W033_V05_P06,W033_V06_P06,semantic
W033,P07,W033_V05_P07,W033_V06_P07,numeric
W033,P08,W033_V05_P08,W033_V06_P08,major_semantic
W033,P09,W033_V05_P09,W033_V06_P09,reordering
W033,P10,W033_V05_P10,W033_V06_P10,date_time
W033,P01,W033_V06_P01,W033_V07_P01,major_semantic
W033,P02,W033_V06_P02,W033_V07_P02,reordering
W033,P03,W033_V06_P03,W033_V07_P03,date_time
W033,P04,W033_V06_P04,W033_V07_P04,deletion
W033,P05,W033_V06_P05,W033_V07_P05,addition
W033,P06,W033_V06_P06,W033_V07_P06,requirement
W033,P07,W033_V06_P07,W033_V07_P07,policy
W033,P08,W033_V06_P08,W033_V07_P08,semantic
W033,P09,W033_V06_P09,W033_V07_P09,numeric
W033,P10,W033_V06_P10,W033_V07_P10,major_semantic
W033,P01,W033_V07_P01,W033_V08_P01,semantic
W033,P02,W033_V07_P02,W033_V08_P02,numeric
W033,P03,W033_V07_P03,W033_V08_P03,major_semantic
W033,P04,W033_V07_P04,W033_V08_P04,reordering
W033,P05,W033_V07_P05,W033_V08_P05,date_time
W033,P06,W033_V07_P06,W033_V08_P06,deletion
W033,P07,W033_V07_P07,W033_V08_P07,addition
W033,P08,W033_V07_P08,W033_V08_P08,requirement
W033,P09,W033_V07_P09,W033_V08_P09,policy
W033,P10,W033_V07_P10,W033_V08_P10,semantic
W033,P01,W033_V08_P01,W033_V09_P01,requirement
W033,P02,W033_V08_P02,W033_V09_P02,policy
W033,P03,W033_V08_P03,W033_V09_P03,semantic
W033,P04,W033_V08_P04,W033_V09_P04,numeric
W033,P05,W033_V08_P05,W033_V09_P05,major_semantic
W033,P06,W033_V08_P06,W033_V09_P06,reordering
W033,P07,W033_V08_P07,W033_V09_P07,date_time
W033,P08,W033_V08_P08,W033_V09_P08,deletion
W033,P09,W033_V08_P09,W033_V09_P09,addition
W033,P10,W033_V08_P10,W033_V09_P10,requirement
W033,P01,W033_V09_P01,W033_V10_P01,deletion
W033,P02,W033_V09_P02,W033_V10_P02,addition
W033,P03,W033_V09_P03,W033_V10_P03,requirement
W033,P04,W033_V09_P04,W033_V10_P04,policy
W033,P05,W033_V09_P05,W033_V10_P05,semantic
W033,P06,W033_V09_P06,W033_V10_P06,numeric
W033,P07,W033_V09_P07,W033_V10_P07,major_semantic
W033,P08,W033_V09_P08,W033_V10_P08,reordering
W033,P09,W033_V09_P09,W033_V10_P09,date_time
W033,P10,W033_V09_P10,W033_V10_P10,deletion
W034,P01,W034_V01_P01,W034_V02_P01,date_time
W034,P02,W034_V01_P02,W034_V02_P02,deletion
W034,P03,W034_V01_P03,W034_V02_P03,addition
W034,P04,W034_V01_P04,W034_V02_P04,requirement
W034,P05,W034_V01_P05,W034_V02_P05,policy
W034,P06,W034_V01_P06,W034_V02_P06,semantic
W034,P07,W034_V01_P07,W034_V02_P07,numeric
W034,P08,W034_V01_P08,W034_V02_P08,major_semantic
W034,P09,W034_V01_P09,W034_V02_P09,reordering
W034,P10,W034_V01_P10,W034_V02_P10,date_time
W034,P01,W034_V02_P01,W034_V03_P01,major_semantic
W034,P02,W034_V02_P02,W034_V03_P02,reordering
W034,P03,W034_V02_P03,W034_V03_P03,date_time
W034,P04,W034_V02_P04,W034_V03_P04,deletion
W034,P05,W034_V02_P05,W034_V03_P05,addition
W034,P06,W034_V02_P06,W034_V03_P06,requirement
W034,P07,W034_V02_P07,W034_V03_P07,policy
W034,P08,W034_V02_P08,W034_V03_P08,semantic
W034,P09,W034_V02_P09,W034_V03_P09,numeric
W034,P10,W034_V02_P10,W034_V03_P10,major_semantic
W034,P01,W034_V03_P01,W034_V04_P01,semantic
W034,P02,W034_V03_P02,W034_V04_P02,numeric
W034,P03,W034_V03_P03,W034_V04_P03,major_semantic
W034,P04,W034_V03_P04,W034_V04_P04,reordering
W034,P05,W034_V03_P05,W034_V04_P05,date_time
W034,P06,W034_V03_P06,W034_V04_P06,deletion
W034,P07,W034_V03_P07,W034_V04_P07,addition
W034,P08,W034_V03_P08,W034_V04_P08,requirement
W034,P09,W034_V03_P09,W034_V04_P09,policy
W034,P10,W034_V03_P10,W034_V04_P10,semantic
W034,P01,W034_V04_P01,W034_V05_P01,requirement
W034,P02,W034_V04_P02,W034_V05_P02,policy
W034,P03,W034_V04_P03,W034_V05_P03,semantic
W034,P04,W034_V04_P04,W034_V05_P04,numeric
W034,P05,W034_V04_P05,W034_V05_P05,major_semantic
W034,P06,W034_V04_P06,W034_V05_P06,reordering
W034,P07,W034_V04_P07,W034_V05_P07,date_time
W034,P08,W034_V04_P08,W034_V05_P08,deletion
W034,P09,W034_V04_P09,W034_V05_P09,addition
W034,P10,W034_V04_P10,W034_V05_P10,requirement
W034,P01,W034_V05_P01,W034_V06_P01,deletion
W034,P02,W034_V05_P02,W034_V06_P02,addition
W034,P03,W034_V05_P03,W034_V06_P03,requirement
W034,P04,W034_V05_P04,W034_V06_P04,policy
W034,P05,W034_V05_P05,W034_V06_P05,semantic
W034,P06,W034_V05_P06,W034_V06_P06,numeric
W034,P07,W034_V05_P07,W034_V06_P07,major_semantic
W034,P08,W034_V05_P08,W034_V06_P08,reordering
W034,P09,W034_V05_P09,W034_V06_P09,date_time
W034,P10,W034_V05_P10,W034_V06_P10,deletion
W034,P01,W034_V06_P01,W034_V07_P01,reordering
W034,P02,W034_V06_P02,W034_V07_P02,date_time
W034,P03,W034_V06_P03,W034_V07_P03,deletion
W034,P04,W034_V06_P04,W034_V07_P04,addition
W034,P05,W034_V06_P05,W034_V07_P05,requirement
W034,P06,W034_V06_P06,W034_V07_P06,policy
W034,P07,W034_V06_P07,W034_V07_P07,semantic
W034,P08,W034_V06_P08,W034_V07_P08,numeric
W034,P09,W034_V06_P09,W034_V07_P09,major_semantic
W034,P10,W034_V06_P10,W034_V07_P10,reordering
W034,P01,W034_V07_P01,W034_V08_P01,numeric
W034,P02,W034_V07_P02,W034_V08_P02,major_semantic
W034,P03,W034_V07_P03,W034_V08_P03,reordering
W034,P04,W034_V07_P04,W034_V08_P04,date_time
W034,P05,W034_V07_P05,W034_V08_P05,deletion
W034,P06,W034_V07_P06,W034_V08_P06,addition
W034,P07,W034_V07_P07,W034_V08_P07,requirement
W034,P08,W034_V07_P08,W034_V08_P08,policy
W034,P09,W034_V07_P09,W034_V08_P09,semantic
W034,P10,W034_V07_P10,W034_V08_P10,numeric
W034,P01,W034_V08_P01,W034_V09_P01,policy
W034,P02,W034_V08_P02,W034_V09_P02,semantic
W034,P03,W034_V08_P03,W034_V09_P03,numeric
W034,P04,W034_V08_P04,W034_V09_P04,major_semantic
W034,P05,W034_V08_P05,W034_V09_P05,reordering
W034,P06,W034_V08_P06,W034_V09_P06,date_time
W034,P07,W034_V08_P07,W034_V09_P07,deletion
W034,P08,W034_V08_P08,W034_V09_P08,addition
W034,P09,W034_V08_P09,W034_V09_P09,requirement
W034,P10,W034_V08_P10,W034_V09_P10,policy
W034,P01,W034_V09_P01,W034_V10_P01,addition
W034,P02,W034_V09_P02,W034_V10_P02,requirement
W034,P03,W034_V09_P03,W034_V10_P03,policy
W034,P04,W034_V09_P04,W034_V10_P04,semantic
W034,P05,W034_V09_P05,W034_V10_P05,numeric
W034,P06,W034_V09_P06,W034_V10_P06,major_semantic
W034,P07,W034_V09_P07,W034_V10_P07,reordering
W034,P08,W034_V09_P08,W034_V10_P08,date_time
W034,P09,W034_V09_P09,W034_V10_P09,deletion
W034,P10,W034_V09_P10,W034_V10_P10,addition
W035,P01,W035_V01_P01,W035_V02_P01,deletion
W035,P02,W035_V01_P02,W035_V02_P02,addition
W035,P03,W035_V01_P03,W035_V02_P03,requirement
W035,P04,W035_V01_P04,W035_V02_P04,policy
W035,P05,W035_V01_P05,W035_V02_P05,semantic
W035,P06,W035_V01_P06,W035_V02_P06,numeric
W035,P07,W035_V01_P07,W035_V02_P07,major_semantic
W035,P08,W035_V01_P08,W035_V02_P08,reordering
W035,P09,W035_V01_P09,W035_V02_P09,date_time
W035,P10,W035_V01_P10,W035_V02_P10,deletion
W035,P01,W035_V02_P01,W035_V03_P01,reordering
W035,P02,W035_V02_P02,W035_V03_P02,date_time
W035,P03,W035_V02_P03,W035_V03_P03,deletion
W035,P04,W035_V02_P04,W035_V03_P04,addition
W035,P05,W035_V02_P05,W035_V03_P05,requirement
W035,P06,W035_V02_P06,W035_V03_P06,policy
W035,P07,W035_V02_P07,W035_V03_P07,semantic
W035,P08,W035_V02_P08,W035_V03_P08,numeric
W035,P09,W035_V02_P09,W035_V03_P09,major_semantic
W035,P10,W035_V02_P10,W035_V03_P10,reordering
W035,P01,W035_V03_P01,W035_V04_P01,numeric
W035,P02,W035_V03_P02,W035_V04_P02,major_semantic
W035,P03,W035_V03_P03,W035_V04_P03,reordering
W035,P04,W035_V03_P04,W035_V04_P04,date_time
W035,P05,W035_V03_P05,W035_V04_P05,deletion
W035,P06,W035_V03_P06,W035_V04_P06,addition
W035,P07,W035_V03_P07,W035_V04_P07,requirement
W035,P08,W035_V03_P08,W035_V04_P08,policy
W035,P09,W035_V03_P09,W035_V04_P09,semantic
W035,P10,W035_V03_P10,W035_V04_P10,numeric
W035,P01,W035_V04_P01,W035_V05_P01,policy
W035,P02,W035_V04_P02,W035_V05_P02,semantic
W035,P03,W035_V04_P03,W035_V05_P03,numeric
W035,P04,W035_V04_P04,W035_V05_P04,major_semantic
W035,P05,W035_V04_P05,W035_V05_P05,reordering
W035,P06,W035_V04_P06,W035_V05_P06,date_time
W035,P07,W035_V04_P07,W035_V05_P07,deletion
W035,P08,W035_V04_P08,W035_V05_P08,addition
W035,P09,W035_V04_P09,W035_V05_P09,requirement
W035,P10,W035_V04_P10,W035_V05_P10,policy
W035,P01,W035_V05_P01,W035_V06_P01,addition
W035,P02,W035_V05_P02,W035_V06_P02,requirement
W035,P03,W035_V05_P03,W035_V06_P03,policy
W035,P04,W035_V05_P04,W035_V06_P04,semantic
W035,P05,W035_V05_P05,W035_V06_P05,numeric
W035,P06,W035_V05_P06,W035_V06_P06,major_semantic
W035,P07,W035_V05_P07,W035_V06_P07,reordering
W035,P08,W035_V05_P08,W035_V06_P08,date_time
W035,P09,W035_V05_P09,W035_V06_P09,deletion
W035,P10,W035_V05_P10,W035_V06_P10,addition
W035,P01,W035_V06_P01,W035_V07_P01,date_time
W035,P02,W035_V06_P02,W035_V07_P02,deletion
W035,P03,W035_V06_P03,W035_V07_P03,addition
W035,P04,W035_V06_P04,W035_V07_P04,requirement
W035,P05,W035_V06_P05,W035_V07_P05,policy
W035,P06,W035_V06_P06,W035_V07_P06,semantic
W035,P07,W035_V06_P07,W035_V07_P07,numeric
W035,P08,W035_V06_P08,W035_V07_P08,major_semantic
W035,P09,W035_V06_P09,W035_V07_P09,reordering
W035,P10,W035_V06_P10,W035_V07_P10,date_time
W035,P01,W035_V07_P01,W035_V08_P01,major_semantic
W035,P02,W035_V07_P02,W035_V08_P02,reordering
W035,P03,W035_V07_P03,W035_V08_P03,date_time
W035,P04,W035_V07_P04,W035_V08_P04,deletion
W035,P05,W035_V07_P05,W035_V08_P05,addition
W035,P06,W035_V07_P06,W035_V08_P06,requirement
W035,P07,W035_V07_P07,W035_V08_P07,policy
W035,P08,W035_V07_P08,W035_V08_P08,semantic
W035,P09,W035_V07_P09,W035_V08_P09,numeric
W035,P10,W035_V07_P10,W035_V08_P10,major_semantic
W035,P01,W035_V08_P01,W035_V09_P01,semantic
W035,P02,W035_V08_P02,W035_V09_P02,numeric
W035,P03,W035_V08_P03,W035_V09_P03,major_semantic
W035,P04,W035_V08_P04,W035_V09_P04,reordering
W035,P05,W035_V08_P05,W035_V09_P05,date_time
W035,P06,W035_V08_P06,W035_V09_P06,deletion
W035,P07,W035_V08_P07,W035_V09_P07,addition
W035,P08,W035_V08_P08,W035_V09_P08,requirement
W035,P09,W035_V08_P09,W035_V09_P09,policy
W035,P10,W035_V08_P10,W035_V09_P10,semantic
W035,P01,W035_V09_P01,W035_V10_P01,requirement
W035,P02,W035_V09_P02,W035_V10_P02,policy
W035,P03,W035_V09_P03,W035_V10_P03,semantic
W035,P04,W035_V09_P04,W035_V10_P04,numeric
W035,P05,W035_V09_P05,W035_V10_P05,major_semantic
W035,P06,W035_V09_P06,W035_V10_P06,reordering
W035,P07,W035_V09_P07,W035_V10_P07,date_time
W035,P08,W035_V09_P08,W035_V10_P08,deletion
W035,P09,W035_V09_P09,W035_V10_P09,addition
W035,P10,W035_V09_P10,W035_V10_P10,requirement
W036,P01,W036_V01_P01,W036_V02_P01,addition
W036,P02,W036_V01_P02,W036_V02_P02,requirement
W036,P03,W036_V01_P03,W036_V02_P03,policy
W036,P04,W036_V01_P04,W036_V02_P04,semantic
W036,P05,W036_V01_P05,W036_V02_P05,numeric
W036,P06,W036_V01_P06,W036_V02_P06,major_semantic
W036,P07,W036_V01_P07,W036_V02_P07,reordering
W036,P08,W036_V01_P08,W036_V02_P08,date_time
W036,P09,W036_V01_P09,W036_V02_P09,deletion
W036,P10,W036_V01_P10,W036_V02_P10,addition
W036,P01,W036_V02_P01,W036_V03_P01,date_time
W036,P02,W036_V02_P02,W036_V03_P02,deletion
W036,P03,W036_V02_P03,W036_V03_P03,addition
W036,P04,W036_V02_P04,W036_V03_P04,requirement
W036,P05,W036_V02_P05,W036_V03_P05,policy
W036,P06,W036_V02_P06,W036_V03_P06,semantic
W036,P07,W036_V02_P07,W036_V03_P07,numeric
W036,P08,W036_V02_P08,W036_V03_P08,major_semantic
W036,P09,W036_V02_P09,W036_V03_P09,reordering
W036,P10,W036_V02_P10,W036_V03_P10,date_time
W036,P01,W036_V03_P01,W036_V04_P01,major_semantic
W036,P02,W036_V03_P02,W036_V04_P02,reordering
W036,P03,W036_V03_P03,W036_V04_P03,date_time
W036,P04,W036_V03_P04,W036_V04_P04,deletion
W036,P05,W036_V03_P05,W036_V04_P05,addition
W036,P06,W036_V03_P06,W036_V04_P06,requirement
W036,P07,W036_V03_P07,W036_V04_P07,policy
W036,P08,W036_V03_P08,W036_V04_P08,semantic
W036,P09,W036_V03_P09,W036_V04_P09,numeric
W036,P10,W036_V03_P10,W036_V04_P10,major_semantic
W036,P01,W036_V04_P01,W036_V05_P01,semantic
W036,P02,W036_V04_P02,W036_V05_P02,numeric
W036,P03,W036_V04_P03,W036_V05_P03,major_semantic
W036,P04,W036_V04_P04,W036_V05_P04,reordering
W036,P05,W036_V04_P05,W036_V05_P05,date_time
W036,P06,W036_V04_P06,W036_V05_P06,deletion
W036,P07,W036_V04_P07,W036_V05_P07,addition
W036,P08,W036_V04_P08,W036_V05_P08,requirement
W036,P09,W036_V04_P09,W036_V05_P09,policy
W036,P10,W036_V04_P10,W036_V05_P10,semantic
W036,P01,W036_V05_P01,W036_V06_P01,requirement
W036,P02,W036_V05_P02,W036_V06_P02,policy
W036,P03,W036_V05_P03,W036_V06_P03,semantic
W036,P04,W036_V05_P04,W036_V06_P04,numeric
W036,P05,W036_V05_P05,W036_V06_P05,major_semantic
W036,P06,W036_V05_P06,W036_V06_P06,reordering
W036,P07,W036_V05_P07,W036_V06_P07,date_time
W036,P08,W036_V05_P08,W036_V06_P08,deletion
W036,P09,W036_V05_P09,W036_V06_P09,addition
W036,P10,W036_V05_P10,W036_V06_P10,requirement
W036,P01,W036_V06_P01,W036_V07_P01,deletion
W036,P02,W036_V06_P02,W036_V07_P02,addition
W036,P03,W036_V06_P03,W036_V07_P03,requirement
W036,P04,W036_V06_P04,W036_V07_P04,policy
W036,P05,W036_V06_P05,W036_V07_P05,semantic
W036,P06,W036_V06_P06,W036_V07_P06,numeric
W036,P07,W036_V06_P07,W036_V07_P07,major_semantic
W036,P08,W036_V06_P08,W036_V07_P08,reordering
W036,P09,W036_V06_P09,W036_V07_P09,date_time
W036,P10,W036_V06_P10,W036_V07_P10,deletion
W036,P01,W036_V07_P01,W036_V08_P01,reordering
W036,P02,W036_V07_P02,W036_V08_P02,date_time
W036,P03,W036_V07_P03,W036_V08_P03,deletion
W036,P04,W036_V07_P04,W036_V08_P04,addition
W036,P05,W036_V07_P05,W036_V08_P05,requirement
W036,P06,W036_V07_P06,W036_V08_P06,policy
W036,P07,W036_V07_P07,W036_V08_P07,semantic
W036,P08,W036_V07_P08,W036_V08_P08,numeric
W036,P09,W036_V07_P09,W036_V08_P09,major_semantic
W036,P10,W036_V07_P10,W036_V08_P10,reordering
W036,P01,W036_V08_P01,W036_V09_P01,numeric
W036,P02,W036_V08_P02,W036_V09_P02,major_semantic
W036,P03,W036_V08_P03,W036_V09_P03,reordering
W036,P04,W036_V08_P04,W036_V09_P04,date_time
W036,P05,W036_V08_P05,W036_V09_P05,deletion
W036,P06,W036_V08_P06,W036_V09_P06,addition
W036,P07,W036_V08_P07,W036_V09_P07,requirement
W036,P08,W036_V08_P08,W036_V09_P08,policy
W036,P09,W036_V08_P09,W036_V09_P09,semantic
W036,P10,W036_V08_P10,W036_V09_P10,numeric
W036,P01,W036_V09_P01,W036_V10_P01,policy
W036,P02,W036_V09_P02,W036_V10_P02,semantic
W036,P03,W036_V09_P03,W036_V10_P03,numeric
W036,P04,W036_V09_P04,W036_V10_P04,major_semantic
W036,P05,W036_V09_P05,W036_V10_P05,reordering
W036,P06,W036_V09_P06,W036_V10_P06,date_time
W036,P07,W036_V09_P07,W036_V10_P07,deletion
W036,P08,W036_V09_P08,W036_V10_P08,addition
W036,P09,W036_V09_P09,W036_V10_P09,requirement
W036,P10,W036_V09_P10,W036_V10_P10,policy
W037,P01,W037_V01_P01,W037_V02_P01,requirement
W037,P02,W037_V01_P02,W037_V02_P02,policy
W037,P03,W037_V01_P03,W037_V02_P03,semantic
W037,P04,W037_V01_P04,W037_V02_P04,numeric
W037,P05,W037_V01_P05,W037_V02_P05,major_semantic
W037,P06,W037_V01_P06,W037_V02_P06,reordering
W037,P07,W037_V01_P07,W037_V02_P07,date_time
W037,P08,W037_V01_P08,W037_V02_P08,deletion
W037,P09,W037_V01_P09,W037_V02_P09,addition
W037,P10,W037_V01_P10,W037_V02_P10,requirement
W037,P01,W037_V02_P01,W037_V03_P01,deletion
W037,P02,W037_V02_P02,W037_V03_P02,addition
W037,P03,W037_V02_P03,W037_V03_P03,requirement
W037,P04,W037_V02_P04,W037_V03_P04,policy
W037,P05,W037_V02_P05,W037_V03_P05,semantic
W037,P06,W037_V02_P06,W037_V03_P06,numeric
W037,P07,W037_V02_P07,W037_V03_P07,major_semantic
W037,P08,W037_V02_P08,W037_V03_P08,reordering
W037,P09,W037_V02_P09,W037_V03_P09,date_time
W037,P10,W037_V02_P10,W037_V03_P10,deletion
W037,P01,W037_V03_P01,W037_V04_P01,reordering
W037,P02,W037_V03_P02,W037_V04_P02,date_time
W037,P03,W037_V03_P03,W037_V04_P03,deletion
W037,P04,W037_V03_P04,W037_V04_P04,addition
W037,P05,W037_V03_P05,W037_V04_P05,requirement
W037,P06,W037_V03_P06,W037_V04_P06,policy
W037,P07,W037_V03_P07,W037_V04_P07,semantic
W037,P08,W037_V03_P08,W037_V04_P08,numeric
W037,P09,W037_V03_P09,W037_V04_P09,major_semantic
W037,P10,W037_V03_P10,W037_V04_P10,reordering
W037,P01,W037_V04_P01,W037_V05_P01,numeric
W037,P02,W037_V04_P02,W037_V05_P02,major_semantic
W037,P03,W037_V04_P03,W037_V05_P03,reordering
W037,P04,W037_V04_P04,W037_V05_P04,date_time
W037,P05,W037_V04_P05,W037_V05_P05,deletion
W037,P06,W037_V04_P06,W037_V05_P06,addition
W037,P07,W037_V04_P07,W037_V05_P07,requirement
W037,P08,W037_V04_P08,W037_V05_P08,policy
W037,P09,W037_V04_P09,W037_V05_P09,semantic
W037,P10,W037_V04_P10,W037_V05_P10,numeric
W037,P01,W037_V05_P01,W037_V06_P01,policy
W037,P02,W037_V05_P02,W037_V06_P02,semantic
W037,P03,W037_V05_P03,W037_V06_P03,numeric
W037,P04,W037_V05_P04,W037_V06_P04,major_semantic
W037,P05,W037_V05_P05,W037_V06_P05,reordering
W037,P06,W037_V05_P06,W037_V06_P06,date_time
W037,P07,W037_V05_P07,W037_V06_P07,deletion
W037,P08,W037_V05_P08,W037_V06_P08,addition
W037,P09,W037_V05_P09,W037_V06_P09,requirement
W037,P10,W037_V05_P10,W037_V06_P10,policy
W037,P01,W037_V06_P01,W037_V07_P01,addition
W037,P02,W037_V06_P02,W037_V07_P02,requirement
W037,P03,W037_V06_P03,W037_V07_P03,policy
W037,P04,W037_V06_P04,W037_V07_P04,semantic
W037,P05,W037_V06_P05,W037_V07_P05,numeric
W037,P06,W037_V06_P06,W037_V07_P06,major_semantic
W037,P07,W037_V06_P07,W037_V07_P07,reordering
W037,P08,W037_V06_P08,W037_V07_P08,date_time
W037,P09,W037_V06_P09,W037_V07_P09,deletion
W037,P10,W037_V06_P10,W037_V07_P10,addition
W037,P01,W037_V07_P01,W037_V08_P01,date_time
W037,P02,W037_V07_P02,W037_V08_P02,deletion
W037,P03,W037_V07_P03,W037_V08_P03,addition
W037,P04,W037_V07_P04,W037_V08_P04,requirement
W037,P05,W037_V07_P05,W037_V08_P05,policy
W037,P06,W037_V07_P06,W037_V08_P06,semantic
W037,P07,W037_V07_P07,W037_V08_P07,numeric
W037,P08,W037_V07_P08,W037_V08_P08,major_semantic
W037,P09,W037_V07_P09,W037_V08_P09,reordering
W037,P10,W037_V07_P10,W037_V08_P10,date_time
W037,P01,W037_V08_P01,W037_V09_P01,major_semantic
W037,P02,W037_V08_P02,W037_V09_P02,reordering
W037,P03,W037_V08_P03,W037_V09_P03,date_time
W037,P04,W037_V08_P04,W037_V09_P04,deletion
W037,P05,W037_V08_P05,W037_V09_P05,addition
W037,P06,W037_V08_P06,W037_V09_P06,requirement
W037,P07,W037_V08_P07,W037_V09_P07,policy
W037,P08,W037_V08_P08,W037_V09_P08,semantic
W037,P09,W037_V08_P09,W037_V09_P09,numeric
W037,P10,W037_V08_P10,W037_V09_P10,major_semantic
W037,P01,W037_V09_P01,W037_V10_P01,semantic
W037,P02,W037_V09_P02,W037_V10_P02,numeric
W037,P03,W037_V09_P03,W037_V10_P03,major_semantic
W037,P04,W037_V09_P04,W037_V10_P04,reordering
W037,P05,W037_V09_P05,W037_V10_P05,date_time
W037,P06,W037_V09_P06,W037_V10_P06,deletion
W037,P07,W037_V09_P07,W037_V10_P07,addition
W037,P08,W037_V09_P08,W037_V10_P08,requirement
W037,P09,W037_V09_P09,W037_V10_P09,policy
W037,P10,W037_V09_P10,W037_V10_P10,semantic
W038,P01,W038_V01_P01,W038_V02_P01,policy
W038,P02,W038_V01_P02,W038_V02_P02,semantic
W038,P03,W038_V01_P03,W038_V02_P03,numeric
W038,P04,W038_V01_P04,W038_V02_P04,major_semantic
W038,P05,W038_V01_P05,W038_V02_P05,reordering
W038,P06,W038_V01_P06,W038_V02_P06,date_time
W038,P07,W038_V01_P07,W038_V02_P07,deletion
W038,P08,W038_V01_P08,W038_V02_P08,addition
W038,P09,W038_V01_P09,W038_V02_P09,requirement
W038,P10,W038_V01_P10,W038_V02_P10,policy
W038,P01,W038_V02_P01,W038_V03_P01,addition
W038,P02,W038_V02_P02,W038_V03_P02,requirement
W038,P03,W038_V02_P03,W038_V03_P03,policy
W038,P04,W038_V02_P04,W038_V03_P04,semantic
W038,P05,W038_V02_P05,W038_V03_P05,numeric
W038,P06,W038_V02_P06,W038_V03_P06,major_semantic
W038,P07,W038_V02_P07,W038_V03_P07,reordering
W038,P08,W038_V02_P08,W038_V03_P08,date_time
W038,P09,W038_V02_P09,W038_V03_P09,deletion
W038,P10,W038_V02_P10,W038_V03_P10,addition
W038,P01,W038_V03_P01,W038_V04_P01,date_time
W038,P02,W038_V03_P02,W038_V04_P02,deletion
W038,P03,W038_V03_P03,W038_V04_P03,addition
W038,P04,W038_V03_P04,W038_V04_P04,requirement
W038,P05,W038_V03_P05,W038_V04_P05,policy
W038,P06,W038_V03_P06,W038_V04_P06,semantic
W038,P07,W038_V03_P07,W038_V04_P07,numeric
W038,P08,W038_V03_P08,W038_V04_P08,major_semantic
W038,P09,W038_V03_P09,W038_V04_P09,reordering
W038,P10,W038_V03_P10,W038_V04_P10,date_time
W038,P01,W038_V04_P01,W038_V05_P01,major_semantic
W038,P02,W038_V04_P02,W038_V05_P02,reordering
W038,P03,W038_V04_P03,W038_V05_P03,date_time
W038,P04,W038_V04_P04,W038_V05_P04,deletion
W038,P05,W038_V04_P05,W038_V05_P05,addition
W038,P06,W038_V04_P06,W038_V05_P06,requirement
W038,P07,W038_V04_P07,W038_V05_P07,policy
W038,P08,W038_V04_P08,W038_V05_P08,semantic
W038,P09,W038_V04_P09,W038_V05_P09,numeric
W038,P10,W038_V04_P10,W038_V05_P10,major_semantic
W038,P01,W038_V05_P01,W038_V06_P01,semantic
W038,P02,W038_V05_P02,W038_V06_P02,numeric
W038,P03,W038_V05_P03,W038_V06_P03,major_semantic
W038,P04,W038_V05_P04,W038_V06_P04,reordering
W038,P05,W038_V05_P05,W038_V06_P05,date_time
W038,P06,W038_V05_P06,W038_V06_P06,deletion
W038,P07,W038_V05_P07,W038_V06_P07,addition
W038,P08,W038_V05_P08,W038_V06_P08,requirement
W038,P09,W038_V05_P09,W038_V06_P09,policy
W038,P10,W038_V05_P10,W038_V06_P10,semantic
W038,P01,W038_V06_P01,W038_V07_P01,requirement
W038,P02,W038_V06_P02,W038_V07_P02,policy
W038,P03,W038_V06_P03,W038_V07_P03,semantic
W038,P04,W038_V06_P04,W038_V07_P04,numeric
W038,P05,W038_V06_P05,W038_V07_P05,major_semantic
W038,P06,W038_V06_P06,W038_V07_P06,reordering
W038,P07,W038_V06_P07,W038_V07_P07,date_time
W038,P08,W038_V06_P08,W038_V07_P08,deletion
W038,P09,W038_V06_P09,W038_V07_P09,addition
W038,P10,W038_V06_P10,W038_V07_P10,requirement
W038,P01,W038_V07_P01,W038_V08_P01,deletion
W038,P02,W038_V07_P02,W038_V08_P02,addition
W038,P03,W038_V07_P03,W038_V08_P03,requirement
W038,P04,W038_V07_P04,W038_V08_P04,policy
W038,P05,W038_V07_P05,W038_V08_P05,semantic
W038,P06,W038_V07_P06,W038_V08_P06,numeric
W038,P07,W038_V07_P07,W038_V08_P07,major_semantic
W038,P08,W038_V07_P08,W038_V08_P08,reordering
W038,P09,W038_V07_P09,W038_V08_P09,date_time
W038,P10,W038_V07_P10,W038_V08_P10,deletion
W038,P01,W038_V08_P01,W038_V09_P01,reordering
W038,P02,W038_V08_P02,W038_V09_P02,date_time
W038,P03,W038_V08_P03,W038_V09_P03,deletion
W038,P04,W038_V08_P04,W038_V09_P04,addition
W038,P05,W038_V08_P05,W038_V09_P05,requirement
W038,P06,W038_V08_P06,W038_V09_P06,policy
W038,P07,W038_V08_P07,W038_V09_P07,semantic
W038,P08,W038_V08_P08,W038_V09_P08,numeric
W038,P09,W038_V08_P09,W038_V09_P09,major_semantic
W038,P10,W038_V08_P10,W038_V09_P10,reordering
W038,P01,W038_V09_P01,W038_V10_P01,numeric
W038,P02,W038_V09_P02,W038_V10_P02,major_semantic
W038,P03,W038_V09_P03,W038_V10_P03,reordering
W038,P04,W038_V09_P04,W038_V10_P04,date_time
W038,P05,W038_V09_P05,W038_V10_P05,deletion
W038,P06,W038_V09_P06,W038_V10_P06,addition
W038,P07,W038_V09_P07,W038_V10_P07,requirement
W038,P08,W038_V09_P08,W038_V10_P08,policy
W038,P09,W038_V09_P09,W038_V10_P09,semantic
W038,P10,W038_V09_P10,W038_V10_P10,numeric
W039,P01,W039_V01_P01,W039_V02_P01,semantic
W039,P02,W039_V01_P02,W039_V02_P02,numeric
W039,P03,W039_V01_P03,W039_V02_P03,major_semantic
W039,P04,W039_V01_P04,W039_V02_P04,reordering
W039,P05,W039_V01_P05,W039_V02_P05,date_time
W039,P06,W039_V01_P06,W039_V02_P06,deletion
W039,P07,W039_V01_P07,W039_V02_P07,addition
W039,P08,W039_V01_P08,W039_V02_P08,requirement
W039,P09,W039_V01_P09,W039_V02_P09,policy
W039,P10,W039_V01_P10,W039_V02_P10,semantic
W039,P01,W039_V02_P01,W039_V03_P01,requirement
W039,P02,W039_V02_P02,W039_V03_P02,policy
W039,P03,W039_V02_P03,W039_V03_P03,semantic
W039,P04,W039_V02_P04,W039_V03_P04,numeric
W039,P05,W039_V02_P05,W039_V03_P05,major_semantic
W039,P06,W039_V02_P06,W039_V03_P06,reordering
W039,P07,W039_V02_P07,W039_V03_P07,date_time
W039,P08,W039_V02_P08,W039_V03_P08,deletion
W039,P09,W039_V02_P09,W039_V03_P09,addition
W039,P10,W039_V02_P10,W039_V03_P10,requirement
W039,P01,W039_V03_P01,W039_V04_P01,deletion
W039,P02,W039_V03_P02,W039_V04_P02,addition
W039,P03,W039_V03_P03,W039_V04_P03,requirement
W039,P04,W039_V03_P04,W039_V04_P04,policy
W039,P05,W039_V03_P05,W039_V04_P05,semantic
W039,P06,W039_V03_P06,W039_V04_P06,numeric
W039,P07,W039_V03_P07,W039_V04_P07,major_semantic
W039,P08,W039_V03_P08,W039_V04_P08,reordering
W039,P09,W039_V03_P09,W039_V04_P09,date_time
W039,P10,W039_V03_P10,W039_V04_P10,deletion
W039,P01,W039_V04_P01,W039_V05_P01,reordering
W039,P02,W039_V04_P02,W039_V05_P02,date_time
W039,P03,W039_V04_P03,W039_V05_P03,deletion
W039,P04,W039_V04_P04,W039_V05_P04,addition
W039,P05,W039_V04_P05,W039_V05_P05,requirement
W039,P06,W039_V04_P06,W039_V05_P06,policy
W039,P07,W039_V04_P07,W039_V05_P07,semantic
W039,P08,W039_V04_P08,W039_V05_P08,numeric
W039,P09,W039_V04_P09,W039_V05_P09,major_semantic
W039,P10,W039_V04_P10,W039_V05_P10,reordering
W039,P01,W039_V05_P01,W039_V06_P01,numeric
W039,P02,W039_V05_P02,W039_V06_P02,major_semantic
W039,P03,W039_V05_P03,W039_V06_P03,reordering
W039,P04,W039_V05_P04,W039_V06_P04,date_time
W039,P05,W039_V05_P05,W039_V06_P05,deletion
W039,P06,W039_V05_P06,W039_V06_P06,addition
W039,P07,W039_V05_P07,W039_V06_P07,requirement
W039,P08,W039_V05_P08,W039_V06_P08,policy
W039,P09,W039_V05_P09,W039_V06_P09,semantic
W039,P10,W039_V05_P10,W039_V06_P10,numeric
W039,P01,W039_V06_P01,W039_V07_P01,policy
W039,P02,W039_V06_P02,W039_V07_P02,semantic
W039,P03,W039_V06_P03,W039_V07_P03,numeric
W039,P04,W039_V06_P04,W039_V07_P04,major_semantic
W039,P05,W039_V06_P05,W039_V07_P05,reordering
W039,P06,W039_V06_P06,W039_V07_P06,date_time
W039,P07,W039_V06_P07,W039_V07_P07,deletion
W039,P08,W039_V06_P08,W039_V07_P08,addition
W039,P09,W039_V06_P09,W039_V07_P09,requirement
W039,P10,W039_V06_P10,W039_V07_P10,policy
W039,P01,W039_V07_P01,W039_V08_P01,addition
W039,P02,W039_V07_P02,W039_V08_P02,requirement
W039,P03,W039_V07_P03,W039_V08_P03,policy
W039,P04,W039_V07_P04,W039_V08_P04,semantic
W039,P05,W039_V07_P05,W039_V08_P05,numeric
W039,P06,W039_V07_P06,W039_V08_P06,major_semantic
W039,P07,W039_V07_P07,W039_V08_P07,reordering
W039,P08,W039_V07_P08,W039_V08_P08,date_time
W039,P09,W039_V07_P09,W039_V08_P09,deletion
W039,P10,W039_V07_P10,W039_V08_P10,addition
W039,P01,W039_V08_P01,W039_V09_P01,date_time
W039,P02,W039_V08_P02,W039_V09_P02,deletion
W039,P03,W039_V08_P03,W039_V09_P03,addition
W039,P04,W039_V08_P04,W039_V09_P04,requirement
W039,P05,W039_V08_P05,W039_V09_P05,policy
W039,P06,W039_V08_P06,W039_V09_P06,semantic
W039,P07,W039_V08_P07,W039_V09_P07,numeric
W039,P08,W039_V08_P08,W039_V09_P08,major_semantic
W039,P09,W039_V08_P09,W039_V09_P09,reordering
W039,P10,W039_V08_P10,W039_V09_P10,date_time
W039,P01,W039_V09_P01,W039_V10_P01,major_semantic
W039,P02,W039_V09_P02,W039_V10_P02,reordering
W039,P03,W039_V09_P03,W039_V10_P03,date_time
W039,P04,W039_V09_P04,W039_V10_P04,deletion
W039,P05,W039_V09_P05,W039_V10_P05,addition
W039,P06,W039_V09_P06,W039_V10_P06,requirement
W039,P07,W039_V09_P07,W039_V10_P07,policy
W039,P08,W039_V09_P08,W039_V10_P08,semantic
W039,P09,W039_V09_P09,W039_V10_P09,numeric
W039,P10,W039_V09_P10,W039_V10_P10,major_semantic
W040,P01,W040_V01_P01,W040_V02_P01,numeric
W040,P02,W040_V01_P02,W040_V02_P02,major_semantic
W040,P03,W040_V01_P03,W040_V02_P03,reordering
W040,P04,W040_V01_P04,W040_V02_P04,date_time
W040,P05,W040_V01_P05,W040_V02_P05,deletion
W040,P06,W040_V01_P06,W040_V02_P06,addition
W040,P07,W040_V01_P07,W040_V02_P07,requirement
W040,P08,W040_V01_P08,W040_V02_P08,policy
W040,P09,W040_V01_P09,W040_V02_P09,semantic
W040,P10,W040_V01_P10,W040_V02_P10,numeric
W040,P01,W040_V02_P01,W040_V03_P01,policy
W040,P02,W040_V02_P02,W040_V03_P02,semantic
W040,P03,W040_V02_P03,W040_V03_P03,numeric
W040,P04,W040_V02_P04,W040_V03_P04,major_semantic
W040,P05,W040_V02_P05,W040_V03_P05,reordering
W040,P06,W040_V02_P06,W040_V03_P06,date_time
W040,P07,W040_V02_P07,W040_V03_P07,deletion
W040,P08,W040_V02_P08,W040_V03_P08,addition
W040,P09,W040_V02_P09,W040_V03_P09,requirement
W040,P10,W040_V02_P10,W040_V03_P10,policy
W040,P01,W040_V03_P01,W040_V04_P01,addition
W040,P02,W040_V03_P02,W040_V04_P02,requirement
W040,P03,W040_V03_P03,W040_V04_P03,policy
W040,P04,W040_V03_P04,W040_V04_P04,semantic
W040,P05,W040_V03_P05,W040_V04_P05,numeric
W040,P06,W040_V03_P06,W040_V04_P06,major_semantic
W040,P07,W040_V03_P07,W040_V04_P07,reordering
W040,P08,W040_V03_P08,W040_V04_P08,date_time
W040,P09,W040_V03_P09,W040_V04_P09,deletion
W040,P10,W040_V03_P10,W040_V04_P10,addition
W040,P01,W040_V04_P01,W040_V05_P01,date_time
W040,P02,W040_V04_P02,W040_V05_P02,deletion
W040,P03,W040_V04_P03,W040_V05_P03,addition
W040,P04,W040_V04_P04,W040_V05_P04,requirement
W040,P05,W040_V04_P05,W040_V05_P05,policy
W040,P06,W040_V04_P06,W040_V05_P06,semantic
W040,P07,W040_V04_P07,W040_V05_P07,numeric
W040,P08,W040_V04_P08,W040_V05_P08,major_semantic
W040,P09,W040_V04_P09,W040_V05_P09,reordering
W040,P10,W040_V04_P10,W040_V05_P10,date_time
W040,P01,W040_V05_P01,W040_V06_P01,major_semantic
W040,P02,W040_V05_P02,W040_V06_P02,reordering
W040,P03,W040_V05_P03,W040_V06_P03,date_time
W040,P04,W040_V05_P04,W040_V06_P04,deletion
W040,P05,W040_V05_P05,W040_V06_P05,addition
W040,P06,W040_V05_P06,W040_V06_P06,requirement
W040,P07,W040_V05_P07,W040_V06_P07,policy
W040,P08,W040_V05_P08,W040_V06_P08,semantic
W040,P09,W040_V05_P09,W040_V06_P09,numeric
W040,P10,W040_V05_P10,W040_V06_P10,major_semantic
W040,P01,W040_V06_P01,W040_V07_P01,semantic
W040,P02,W040_V06_P02,W040_V07_P02,numeric
W040,P03,W040_V06_P03,W040_V07_P03,major_semantic
W040,P04,W040_V06_P04,W040_V07_P04,reordering
W040,P05,W040_V06_P05,W040_V07_P05,date_time
W040,P06,W040_V06_P06,W040_V07_P06,deletion
W040,P07,W040_V06_P07,W040_V07_P07,addition
W040,P08,W040_V06_P08,W040_V07_P08,requirement
W040,P09,W040_V06_P09,W040_V07_P09,policy
W040,P10,W040_V06_P10,W040_V07_P10,semantic
W040,P01,W040_V07_P01,W040_V08_P01,requirement
W040,P02,W040_V07_P02,W040_V08_P02,policy
W040,P03,W040_V07_P03,W040_V08_P03,semantic
W040,P04,W040_V07_P04,W040_V08_P04,numeric
W040,P05,W040_V07_P05,W040_V08_P05,major_semantic
W040,P06,W040_V07_P06,W040_V08_P06,reordering
W040,P07,W040_V07_P07,W040_V08_P07,date_time
W040,P08,W040_V07_P08,W040_V08_P08,deletion
W040,P09,W040_V07_P09,W040_V08_P09,addition
W040,P10,W040_V07_P10,W040_V08_P10,requirement
W040,P01,W040_V08_P01,W040_V09_P01,deletion
W040,P02,W040_V08_P02,W040_V09_P02,addition
W040,P03,W040_V08_P03,W040_V09_P03,requirement
W040,P04,W040_V08_P04,W040_V09_P04,policy
W040,P05,W040_V08_P05,W040_V09_P05,semantic
W040,P06,W040_V08_P06,W040_V09_P06,numeric
W040,P07,W040_V08_P07,W040_V09_P07,major_semantic
W040,P08,W040_V08_P08,W040_V09_P08,reordering
W040,P09,W040_V08_P09,W040_V09_P09,date_time
W040,P10,W040_V08_P10,W040_V09_P10,deletion
W040,P01,W040_V09_P01,W040_V10_P01,reordering
W040,P02,W040_V09_P02,W040_V10_P02,date_time
W040,P03,W040_V09_P03,W040_V10_P03,deletion
W040,P04,W040_V09_P04,W040_V10_P04,addition
W040,P05,W040_V09_P05,W040_V10_P05,requirement
W040,P06,W040_V09_P06,W040_V10_P06,policy
W040,P07,W040_V09_P07,W040_V10_P07,semantic
W040,P08,W040_V09_P08,W040_V10_P08,numeric
W040,P09,W040_V09_P09,W040_V10_P09,major_semantic
W040,P10,W040_V09_P10,W040_V10_P10,reordering
W041,P01,W041_V01_P01,W041_V02_P01,major_semantic
W041,P02,W041_V01_P02,W041_V02_P02,reordering
W041,P03,W041_V01_P03,W041_V02_P03,date_time
W041,P04,W041_V01_P04,W041_V02_P04,deletion
W041,P05,W041_V01_P05,W041_V02_P05,addition
W041,P06,W041_V01_P06,W041_V02_P06,requirement
W041,P07,W041_V01_P07,W041_V02_P07,policy
W041,P08,W041_V01_P08,W041_V02_P08,semantic
W041,P09,W041_V01_P09,W041_V02_P09,numeric
W041,P10,W041_V01_P10,W041_V02_P10,major_semantic
W041,P01,W041_V02_P01,W041_V03_P01,semantic
W041,P02,W041_V02_P02,W041_V03_P02,numeric
W041,P03,W041_V02_P03,W041_V03_P03,major_semantic
W041,P04,W041_V02_P04,W041_V03_P04,reordering
W041,P05,W041_V02_P05,W041_V03_P05,date_time
W041,P06,W041_V02_P06,W041_V03_P06,deletion
W041,P07,W041_V02_P07,W041_V03_P07,addition
W041,P08,W041_V02_P08,W041_V03_P08,requirement
W041,P09,W041_V02_P09,W041_V03_P09,policy
W041,P10,W041_V02_P10,W041_V03_P10,semantic
W041,P01,W041_V03_P01,W041_V04_P01,requirement
W041,P02,W041_V03_P02,W041_V04_P02,policy
W041,P03,W041_V03_P03,W041_V04_P03,semantic
W041,P04,W041_V03_P04,W041_V04_P04,numeric
W041,P05,W041_V03_P05,W041_V04_P05,major_semantic
W041,P06,W041_V03_P06,W041_V04_P06,reordering
W041,P07,W041_V03_P07,W041_V04_P07,date_time
W041,P08,W041_V03_P08,W041_V04_P08,deletion
W041,P09,W041_V03_P09,W041_V04_P09,addition
W041,P10,W041_V03_P10,W041_V04_P10,requirement
W041,P01,W041_V04_P01,W041_V05_P01,deletion
W041,P02,W041_V04_P02,W041_V05_P02,addition
W041,P03,W041_V04_P03,W041_V05_P03,requirement
W041,P04,W041_V04_P04,W041_V05_P04,policy
W041,P05,W041_V04_P05,W041_V05_P05,semantic
W041,P06,W041_V04_P06,W041_V05_P06,numeric
W041,P07,W041_V04_P07,W041_V05_P07,major_semantic
W041,P08,W041_V04_P08,W041_V05_P08,reordering
W041,P09,W041_V04_P09,W041_V05_P09,date_time
W041,P10,W041_V04_P10,W041_V05_P10,deletion
W041,P01,W041_V05_P01,W041_V06_P01,reordering
W041,P02,W041_V05_P02,W041_V06_P02,date_time
W041,P03,W041_V05_P03,W041_V06_P03,deletion
W041,P04,W041_V05_P04,W041_V06_P04,addition
W041,P05,W041_V05_P05,W041_V06_P05,requirement
W041,P06,W041_V05_P06,W041_V06_P06,policy
W041,P07,W041_V05_P07,W041_V06_P07,semantic
W041,P08,W041_V05_P08,W041_V06_P08,numeric
W041,P09,W041_V05_P09,W041_V06_P09,major_semantic
W041,P10,W041_V05_P10,W041_V06_P10,reordering
W041,P01,W041_V06_P01,W041_V07_P01,numeric
W041,P02,W041_V06_P02,W041_V07_P02,major_semantic
W041,P03,W041_V06_P03,W041_V07_P03,reordering
W041,P04,W041_V06_P04,W041_V07_P04,date_time
W041,P05,W041_V06_P05,W041_V07_P05,deletion
W041,P06,W041_V06_P06,W041_V07_P06,addition
W041,P07,W041_V06_P07,W041_V07_P07,requirement
W041,P08,W041_V06_P08,W041_V07_P08,policy
W041,P09,W041_V06_P09,W041_V07_P09,semantic
W041,P10,W041_V06_P10,W041_V07_P10,numeric
W041,P01,W041_V07_P01,W041_V08_P01,policy
W041,P02,W041_V07_P02,W041_V08_P02,semantic
W041,P03,W041_V07_P03,W041_V08_P03,numeric
W041,P04,W041_V07_P04,W041_V08_P04,major_semantic
W041,P05,W041_V07_P05,W041_V08_P05,reordering
W041,P06,W041_V07_P06,W041_V08_P06,date_time
W041,P07,W041_V07_P07,W041_V08_P07,deletion
W041,P08,W041_V07_P08,W041_V08_P08,addition
W041,P09,W041_V07_P09,W041_V08_P09,requirement
W041,P10,W041_V07_P10,W041_V08_P10,policy
W041,P01,W041_V08_P01,W041_V09_P01,addition
W041,P02,W041_V08_P02,W041_V09_P02,requirement
W041,P03,W041_V08_P03,W041_V09_P03,policy
W041,P04,W041_V08_P04,W041_V09_P04,semantic
W041,P05,W041_V08_P05,W041_V09_P05,numeric
W041,P06,W041_V08_P06,W041_V09_P06,major_semantic
W041,P07,W041_V08_P07,W041_V09_P07,reordering
W041,P08,W041_V08_P08,W041_V09_P08,date_time
W041,P09,W041_V08_P09,W041_V09_P09,deletion
W041,P10,W041_V08_P10,W041_V09_P10,addition
W041,P01,W041_V09_P01,W041_V10_P01,date_time
W041,P02,W041_V09_P02,W041_V10_P02,deletion
W041,P03,W041_V09_P03,W041_V10_P03,addition
W041,P04,W041_V09_P04,W041_V10_P04,requirement
W041,P05,W041_V09_P05,W041_V10_P05,policy
W041,P06,W041_V09_P06,W041_V10_P06,semantic
W041,P07,W041_V09_P07,W041_V10_P07,numeric
W041,P08,W041_V09_P08,W041_V10_P08,major_semantic
W041,P09,W041_V09_P09,W041_V10_P09,reordering
W041,P10,W041_V09_P10,W041_V10_P10,date_time
W042,P01,W042_V01_P01,W042_V02_P01,reordering
W042,P02,W042_V01_P02,W042_V02_P02,date_time
W042,P03,W042_V01_P03,W042_V02_P03,deletion
W042,P04,W042_V01_P04,W042_V02_P04,addition
W042,P05,W042_V01_P05,W042_V02_P05,requirement
W042,P06,W042_V01_P06,W042_V02_P06,policy
W042,P07,W042_V01_P07,W042_V02_P07,semantic
W042,P08,W042_V01_P08,W042_V02_P08,numeric
W042,P09,W042_V01_P09,W042_V02_P09,major_semantic
W042,P10,W042_V01_P10,W042_V02_P10,reordering
W042,P01,W042_V02_P01,W042_V03_P01,numeric
W042,P02,W042_V02_P02,W042_V03_P02,major_semantic
W042,P03,W042_V02_P03,W042_V03_P03,reordering
W042,P04,W042_V02_P04,W042_V03_P04,date_time
W042,P05,W042_V02_P05,W042_V03_P05,deletion
W042,P06,W042_V02_P06,W042_V03_P06,addition
W042,P07,W042_V02_P07,W042_V03_P07,requirement
W042,P08,W042_V02_P08,W042_V03_P08,policy
W042,P09,W042_V02_P09,W042_V03_P09,semantic
W042,P10,W042_V02_P10,W042_V03_P10,numeric
W042,P01,W042_V03_P01,W042_V04_P01,policy
W042,P02,W042_V03_P02,W042_V04_P02,semantic
W042,P03,W042_V03_P03,W042_V04_P03,numeric
W042,P04,W042_V03_P04,W042_V04_P04,major_semantic
W042,P05,W042_V03_P05,W042_V04_P05,reordering
W042,P06,W042_V03_P06,W042_V04_P06,date_time
W042,P07,W042_V03_P07,W042_V04_P07,deletion
W042,P08,W042_V03_P08,W042_V04_P08,addition
W042,P09,W042_V03_P09,W042_V04_P09,requirement
W042,P10,W042_V03_P10,W042_V04_P10,policy
W042,P01,W042_V04_P01,W042_V05_P01,addition
W042,P02,W042_V04_P02,W042_V05_P02,requirement
W042,P03,W042_V04_P03,W042_V05_P03,policy
W042,P04,W042_V04_P04,W042_V05_P04,semantic
W042,P05,W042_V04_P05,W042_V05_P05,numeric
W042,P06,W042_V04_P06,W042_V05_P06,major_semantic
W042,P07,W042_V04_P07,W042_V05_P07,reordering
W042,P08,W042_V04_P08,W042_V05_P08,date_time
W042,P09,W042_V04_P09,W042_V05_P09,deletion
W042,P10,W042_V04_P10,W042_V05_P10,addition
W042,P01,W042_V05_P01,W042_V06_P01,date_time
W042,P02,W042_V05_P02,W042_V06_P02,deletion
W042,P03,W042_V05_P03,W042_V06_P03,addition
W042,P04,W042_V05_P04,W042_V06_P04,requirement
W042,P05,W042_V05_P05,W042_V06_P05,policy
W042,P06,W042_V05_P06,W042_V06_P06,semantic
W042,P07,W042_V05_P07,W042_V06_P07,numeric
W042,P08,W042_V05_P08,W042_V06_P08,major_semantic
W042,P09,W042_V05_P09,W042_V06_P09,reordering
W042,P10,W042_V05_P10,W042_V06_P10,date_time
W042,P01,W042_V06_P01,W042_V07_P01,major_semantic
W042,P02,W042_V06_P02,W042_V07_P02,reordering
W042,P03,W042_V06_P03,W042_V07_P03,date_time
W042,P04,W042_V06_P04,W042_V07_P04,deletion
W042,P05,W042_V06_P05,W042_V07_P05,addition
W042,P06,W042_V06_P06,W042_V07_P06,requirement
W042,P07,W042_V06_P07,W042_V07_P07,policy
W042,P08,W042_V06_P08,W042_V07_P08,semantic
W042,P09,W042_V06_P09,W042_V07_P09,numeric
W042,P10,W042_V06_P10,W042_V07_P10,major_semantic
W042,P01,W042_V07_P01,W042_V08_P01,semantic
W042,P02,W042_V07_P02,W042_V08_P02,numeric
W042,P03,W042_V07_P03,W042_V08_P03,major_semantic
W042,P04,W042_V07_P04,W042_V08_P04,reordering
W042,P05,W042_V07_P05,W042_V08_P05,date_time
W042,P06,W042_V07_P06,W042_V08_P06,deletion
W042,P07,W042_V07_P07,W042_V08_P07,addition
W042,P08,W042_V07_P08,W042_V08_P08,requirement
W042,P09,W042_V07_P09,W042_V08_P09,policy
W042,P10,W042_V07_P10,W042_V08_P10,semantic
W042,P01,W042_V08_P01,W042_V09_P01,requirement
W042,P02,W042_V08_P02,W042_V09_P02,policy
W042,P03,W042_V08_P03,W042_V09_P03,semantic
W042,P04,W042_V08_P04,W042_V09_P04,numeric
W042,P05,W042_V08_P05,W042_V09_P05,major_semantic
W042,P06,W042_V08_P06,W042_V09_P06,reordering
W042,P07,W042_V08_P07,W042_V09_P07,date_time
W042,P08,W042_V08_P08,W042_V09_P08,deletion
W042,P09,W042_V08_P09,W042_V09_P09,addition
W042,P10,W042_V08_P10,W042_V09_P10,requirement
W042,P01,W042_V09_P01,W042_V10_P01,deletion
W042,P02,W042_V09_P02,W042_V10_P02,addition
W042,P03,W042_V09_P03,W042_V10_P03,requirement
W042,P04,W042_V09_P04,W042_V10_P04,policy
W042,P05,W042_V09_P05,W042_V10_P05,semantic
W042,P06,W042_V09_P06,W042_V10_P06,numeric
W042,P07,W042_V09_P07,W042_V10_P07,major_semantic
W042,P08,W042_V09_P08,W042_V10_P08,reordering
W042,P09,W042_V09_P09,W042_V10_P09,date_time
W042,P10,W042_V09_P10,W042_V10_P10,deletion
W043,P01,W043_V01_P01,W043_V02_P01,date_time
W043,P02,W043_V01_P02,W043_V02_P02,deletion
W043,P03,W043_V01_P03,W043_V02_P03,addition
W043,P04,W043_V01_P04,W043_V02_P04,requirement
W043,P05,W043_V01_P05,W043_V02_P05,policy
W043,P06,W043_V01_P06,W043_V02_P06,semantic
W043,P07,W043_V01_P07,W043_V02_P07,numeric
W043,P08,W043_V01_P08,W043_V02_P08,major_semantic
W043,P09,W043_V01_P09,W043_V02_P09,reordering
W043,P10,W043_V01_P10,W043_V02_P10,date_time
W043,P01,W043_V02_P01,W043_V03_P01,major_semantic
W043,P02,W043_V02_P02,W043_V03_P02,reordering
W043,P03,W043_V02_P03,W043_V03_P03,date_time
W043,P04,W043_V02_P04,W043_V03_P04,deletion
W043,P05,W043_V02_P05,W043_V03_P05,addition
W043,P06,W043_V02_P06,W043_V03_P06,requirement
W043,P07,W043_V02_P07,W043_V03_P07,policy
W043,P08,W043_V02_P08,W043_V03_P08,semantic
W043,P09,W043_V02_P09,W043_V03_P09,numeric
W043,P10,W043_V02_P10,W043_V03_P10,major_semantic
W043,P01,W043_V03_P01,W043_V04_P01,semantic
W043,P02,W043_V03_P02,W043_V04_P02,numeric
W043,P03,W043_V03_P03,W043_V04_P03,major_semantic
W043,P04,W043_V03_P04,W043_V04_P04,reordering
W043,P05,W043_V03_P05,W043_V04_P05,date_time
W043,P06,W043_V03_P06,W043_V04_P06,deletion
W043,P07,W043_V03_P07,W043_V04_P07,addition
W043,P08,W043_V03_P08,W043_V04_P08,requirement
W043,P09,W043_V03_P09,W043_V04_P09,policy
W043,P10,W043_V03_P10,W043_V04_P10,semantic
W043,P01,W043_V04_P01,W043_V05_P01,requirement
W043,P02,W043_V04_P02,W043_V05_P02,policy
W043,P03,W043_V04_P03,W043_V05_P03,semantic
W043,P04,W043_V04_P04,W043_V05_P04,numeric
W043,P05,W043_V04_P05,W043_V05_P05,major_semantic
W043,P06,W043_V04_P06,W043_V05_P06,reordering
W043,P07,W043_V04_P07,W043_V05_P07,date_time
W043,P08,W043_V04_P08,W043_V05_P08,deletion
W043,P09,W043_V04_P09,W043_V05_P09,addition
W043,P10,W043_V04_P10,W043_V05_P10,requirement
W043,P01,W043_V05_P01,W043_V06_P01,deletion
W043,P02,W043_V05_P02,W043_V06_P02,addition
W043,P03,W043_V05_P03,W043_V06_P03,requirement
W043,P04,W043_V05_P04,W043_V06_P04,policy
W043,P05,W043_V05_P05,W043_V06_P05,semantic
W043,P06,W043_V05_P06,W043_V06_P06,numeric
W043,P07,W043_V05_P07,W043_V06_P07,major_semantic
W043,P08,W043_V05_P08,W043_V06_P08,reordering
W043,P09,W043_V05_P09,W043_V06_P09,date_time
W043,P10,W043_V05_P10,W043_V06_P10,deletion
W043,P01,W043_V06_P01,W043_V07_P01,reordering
W043,P02,W043_V06_P02,W043_V07_P02,date_time
W043,P03,W043_V06_P03,W043_V07_P03,deletion
W043,P04,W043_V06_P04,W043_V07_P04,addition
W043,P05,W043_V06_P05,W043_V07_P05,requirement
W043,P06,W043_V06_P06,W043_V07_P06,policy
W043,P07,W043_V06_P07,W043_V07_P07,semantic
W043,P08,W043_V06_P08,W043_V07_P08,numeric
W043,P09,W043_V06_P09,W043_V07_P09,major_semantic
W043,P10,W043_V06_P10,W043_V07_P10,reordering
W043,P01,W043_V07_P01,W043_V08_P01,numeric
W043,P02,W043_V07_P02,W043_V08_P02,major_semantic
W043,P03,W043_V07_P03,W043_V08_P03,reordering
W043,P04,W043_V07_P04,W043_V08_P04,date_time
W043,P05,W043_V07_P05,W043_V08_P05,deletion
W043,P06,W043_V07_P06,W043_V08_P06,addition
W043,P07,W043_V07_P07,W043_V08_P07,requirement
W043,P08,W043_V07_P08,W043_V08_P08,policy
W043,P09,W043_V07_P09,W043_V08_P09,semantic
W043,P10,W043_V07_P10,W043_V08_P10,numeric
W043,P01,W043_V08_P01,W043_V09_P01,policy
W043,P02,W043_V08_P02,W043_V09_P02,semantic
W043,P03,W043_V08_P03,W043_V09_P03,numeric
W043,P04,W043_V08_P04,W043_V09_P04,major_semantic
W043,P05,W043_V08_P05,W043_V09_P05,reordering
W043,P06,W043_V08_P06,W043_V09_P06,date_time
W043,P07,W043_V08_P07,W043_V09_P07,deletion
W043,P08,W043_V08_P08,W043_V09_P08,addition
W043,P09,W043_V08_P09,W043_V09_P09,requirement
W043,P10,W043_V08_P10,W043_V09_P10,policy
W043,P01,W043_V09_P01,W043_V10_P01,addition
W043,P02,W043_V09_P02,W043_V10_P02,requirement
W043,P03,W043_V09_P03,W043_V10_P03,policy
W043,P04,W043_V09_P04,W043_V10_P04,semantic
W043,P05,W043_V09_P05,W043_V10_P05,numeric
W043,P06,W043_V09_P06,W043_V10_P06,major_semantic
W043,P07,W043_V09_P07,W043_V10_P07,reordering
W043,P08,W043_V09_P08,W043_V10_P08,date_time
W043,P09,W043_V09_P09,W043_V10_P09,deletion
W043,P10,W043_V09_P10,W043_V10_P10,addition
W044,P01,W044_V01_P01,W044_V02_P01,deletion
W044,P02,W044_V01_P02,W044_V02_P02,addition
W044,P03,W044_V01_P03,W044_V02_P03,requirement
W044,P04,W044_V01_P04,W044_V02_P04,policy
W044,P05,W044_V01_P05,W044_V02_P05,semantic
W044,P06,W044_V01_P06,W044_V02_P06,numeric
W044,P07,W044_V01_P07,W044_V02_P07,major_semantic
W044,P08,W044_V01_P08,W044_V02_P08,reordering
W044,P09,W044_V01_P09,W044_V02_P09,date_time
W044,P10,W044_V01_P10,W044_V02_P10,deletion
W044,P01,W044_V02_P01,W044_V03_P01,reordering
W044,P02,W044_V02_P02,W044_V03_P02,date_time
W044,P03,W044_V02_P03,W044_V03_P03,deletion
W044,P04,W044_V02_P04,W044_V03_P04,addition
W044,P05,W044_V02_P05,W044_V03_P05,requirement
W044,P06,W044_V02_P06,W044_V03_P06,policy
W044,P07,W044_V02_P07,W044_V03_P07,semantic
W044,P08,W044_V02_P08,W044_V03_P08,numeric
W044,P09,W044_V02_P09,W044_V03_P09,major_semantic
W044,P10,W044_V02_P10,W044_V03_P10,reordering
W044,P01,W044_V03_P01,W044_V04_P01,numeric
W044,P02,W044_V03_P02,W044_V04_P02,major_semantic
W044,P03,W044_V03_P03,W044_V04_P03,reordering
W044,P04,W044_V03_P04,W044_V04_P04,date_time
W044,P05,W044_V03_P05,W044_V04_P05,deletion
W044,P06,W044_V03_P06,W044_V04_P06,addition
W044,P07,W044_V03_P07,W044_V04_P07,requirement
W044,P08,W044_V03_P08,W044_V04_P08,policy
W044,P09,W044_V03_P09,W044_V04_P09,semantic
W044,P10,W044_V03_P10,W044_V04_P10,numeric
W044,P01,W044_V04_P01,W044_V05_P01,policy
W044,P02,W044_V04_P02,W044_V05_P02,semantic
W044,P03,W044_V04_P03,W044_V05_P03,numeric
W044,P04,W044_V04_P04,W044_V05_P04,major_semantic
W044,P05,W044_V04_P05,W044_V05_P05,reordering
W044,P06,W044_V04_P06,W044_V05_P06,date_time
W044,P07,W044_V04_P07,W044_V05_P07,deletion
W044,P08,W044_V04_P08,W044_V05_P08,addition
W044,P09,W044_V04_P09,W044_V05_P09,requirement
W044,P10,W044_V04_P10,W044_V05_P10,policy
W044,P01,W044_V05_P01,W044_V06_P01,addition
W044,P02,W044_V05_P02,W044_V06_P02,requirement
W044,P03,W044_V05_P03,W044_V06_P03,policy
W044,P04,W044_V05_P04,W044_V06_P04,semantic
W044,P05,W044_V05_P05,W044_V06_P05,numeric
W044,P06,W044_V05_P06,W044_V06_P06,major_semantic
W044,P07,W044_V05_P07,W044_V06_P07,reordering
W044,P08,W044_V05_P08,W044_V06_P08,date_time
W044,P09,W044_V05_P09,W044_V06_P09,deletion
W044,P10,W044_V05_P10,W044_V06_P10,addition
W044,P01,W044_V06_P01,W044_V07_P01,date_time
W044,P02,W044_V06_P02,W044_V07_P02,deletion
W044,P03,W044_V06_P03,W044_V07_P03,addition
W044,P04,W044_V06_P04,W044_V07_P04,requirement
W044,P05,W044_V06_P05,W044_V07_P05,policy
W044,P06,W044_V06_P06,W044_V07_P06,semantic
W044,P07,W044_V06_P07,W044_V07_P07,numeric
W044,P08,W044_V06_P08,W044_V07_P08,major_semantic
W044,P09,W044_V06_P09,W044_V07_P09,reordering
W044,P10,W044_V06_P10,W044_V07_P10,date_time
W044,P01,W044_V07_P01,W044_V08_P01,major_semantic
W044,P02,W044_V07_P02,W044_V08_P02,reordering
W044,P03,W044_V07_P03,W044_V08_P03,date_time
W044,P04,W044_V07_P04,W044_V08_P04,deletion
W044,P05,W044_V07_P05,W044_V08_P05,addition
W044,P06,W044_V07_P06,W044_V08_P06,requirement
W044,P07,W044_V07_P07,W044_V08_P07,policy
W044,P08,W044_V07_P08,W044_V08_P08,semantic
W044,P09,W044_V07_P09,W044_V08_P09,numeric
W044,P10,W044_V07_P10,W044_V08_P10,major_semantic
W044,P01,W044_V08_P01,W044_V09_P01,semantic
W044,P02,W044_V08_P02,W044_V09_P02,numeric
W044,P03,W044_V08_P03,W044_V09_P03,major_semantic
W044,P04,W044_V08_P04,W044_V09_P04,reordering
W044,P05,W044_V08_P05,W044_V09_P05,date_time
W044,P06,W044_V08_P06,W044_V09_P06,deletion
W044,P07,W044_V08_P07,W044_V09_P07,addition
W044,P08,W044_V08_P08,W044_V09_P08,requirement
W044,P09,W044_V08_P09,W044_V09_P09,policy
W044,P10,W044_V08_P10,W044_V09_P10,semantic
W044,P01,W044_V09_P01,W044_V10_P01,requirement
W044,P02,W044_V09_P02,W044_V10_P02,policy
W044,P03,W044_V09_P03,W044_V10_P03,semantic
W044,P04,W044_V09_P04,W044_V10_P04,numeric
W044,P05,W044_V09_P05,W044_V10_P05,major_semantic
W044,P06,W044_V09_P06,W044_V10_P06,reordering
W044,P07,W044_V09_P07,W044_V10_P07,date_time
W044,P08,W044_V09_P08,W044_V10_P08,deletion
W044,P09,W044_V09_P09,W044_V10_P09,addition
W044,P10,W044_V09_P10,W044_V10_P10,requirement
W045,P01,W045_V01_P01,W045_V02_P01,addition
W045,P02,W045_V01_P02,W045_V02_P02,requirement
W045,P03,W045_V01_P03,W045_V02_P03,policy
W045,P04,W045_V01_P04,W045_V02_P04,semantic
W045,P05,W045_V01_P05,W045_V02_P05,numeric
W045,P06,W045_V01_P06,W045_V02_P06,major_semantic
W045,P07,W045_V01_P07,W045_V02_P07,reordering
W045,P08,W045_V01_P08,W045_V02_P08,date_time
W045,P09,W045_V01_P09,W045_V02_P09,deletion
W045,P10,W045_V01_P10,W045_V02_P10,addition
W045,P01,W045_V02_P01,W045_V03_P01,date_time
W045,P02,W045_V02_P02,W045_V03_P02,deletion
W045,P03,W045_V02_P03,W045_V03_P03,addition
W045,P04,W045_V02_P04,W045_V03_P04,requirement
W045,P05,W045_V02_P05,W045_V03_P05,policy
W045,P06,W045_V02_P06,W045_V03_P06,semantic
W045,P07,W045_V02_P07,W045_V03_P07,numeric
W045,P08,W045_V02_P08,W045_V03_P08,major_semantic
W045,P09,W045_V02_P09,W045_V03_P09,reordering
W045,P10,W045_V02_P10,W045_V03_P10,date_time
W045,P01,W045_V03_P01,W045_V04_P01,major_semantic
W045,P02,W045_V03_P02,W045_V04_P02,reordering
W045,P03,W045_V03_P03,W045_V04_P03,date_time
W045,P04,W045_V03_P04,W045_V04_P04,deletion
W045,P05,W045_V03_P05,W045_V04_P05,addition
W045,P06,W045_V03_P06,W045_V04_P06,requirement
W045,P07,W045_V03_P07,W045_V04_P07,policy
W045,P08,W045_V03_P08,W045_V04_P08,semantic
W045,P09,W045_V03_P09,W045_V04_P09,numeric
W045,P10,W045_V03_P10,W045_V04_P10,major_semantic
W045,P01,W045_V04_P01,W045_V05_P01,semantic
W045,P02,W045_V04_P02,W045_V05_P02,numeric
W045,P03,W045_V04_P03,W045_V05_P03,major_semantic
W045,P04,W045_V04_P04,W045_V05_P04,reordering
W045,P05,W045_V04_P05,W045_V05_P05,date_time
W045,P06,W045_V04_P06,W045_V05_P06,deletion
W045,P07,W045_V04_P07,W045_V05_P07,addition
W045,P08,W045_V04_P08,W045_V05_P08,requirement
W045,P09,W045_V04_P09,W045_V05_P09,policy
W045,P10,W045_V04_P10,W045_V05_P10,semantic
W045,P01,W045_V05_P01,W045_V06_P01,requirement
W045,P02,W045_V05_P02,W045_V06_P02,policy
W045,P03,W045_V05_P03,W045_V06_P03,semantic
W045,P04,W045_V05_P04,W045_V06_P04,numeric
W045,P05,W045_V05_P05,W045_V06_P05,major_semantic
W045,P06,W045_V05_P06,W045_V06_P06,reordering
W045,P07,W045_V05_P07,W045_V06_P07,date_time
W045,P08,W045_V05_P08,W045_V06_P08,deletion
W045,P09,W045_V05_P09,W045_V06_P09,addition
W045,P10,W045_V05_P10,W045_V06_P10,requirement
W045,P01,W045_V06_P01,W045_V07_P01,deletion
W045,P02,W045_V06_P02,W045_V07_P02,addition
W045,P03,W045_V06_P03,W045_V07_P03,requirement
W045,P04,W045_V06_P04,W045_V07_P04,policy
W045,P05,W045_V06_P05,W045_V07_P05,semantic
W045,P06,W045_V06_P06,W045_V07_P06,numeric
W045,P07,W045_V06_P07,W045_V07_P07,major_semantic
W045,P08,W045_V06_P08,W045_V07_P08,reordering
W045,P09,W045_V06_P09,W045_V07_P09,date_time
W045,P10,W045_V06_P10,W045_V07_P10,deletion
W045,P01,W045_V07_P01,W045_V08_P01,reordering
W045,P02,W045_V07_P02,W045_V08_P02,date_time
W045,P03,W045_V07_P03,W045_V08_P03,deletion
W045,P04,W045_V07_P04,W045_V08_P04,addition
W045,P05,W045_V07_P05,W045_V08_P05,requirement
W045,P06,W045_V07_P06,W045_V08_P06,policy
W045,P07,W045_V07_P07,W045_V08_P07,semantic
W045,P08,W045_V07_P08,W045_V08_P08,numeric
W045,P09,W045_V07_P09,W045_V08_P09,major_semantic
W045,P10,W045_V07_P10,W045_V08_P10,reordering
W045,P01,W045_V08_P01,W045_V09_P01,numeric
W045,P02,W045_V08_P02,W045_V09_P02,major_semantic
W045,P03,W045_V08_P03,W045_V09_P03,reordering
W045,P04,W045_V08_P04,W045_V09_P04,date_time
W045,P05,W045_V08_P05,W045_V09_P05,deletion
W045,P06,W045_V08_P06,W045_V09_P06,addition
W045,P07,W045_V08_P07,W045_V09_P07,requirement
W045,P08,W045_V08_P08,W045_V09_P08,policy
W045,P09,W045_V08_P09,W045_V09_P09,semantic
W045,P10,W045_V08_P10,W045_V09_P10,numeric
W045,P01,W045_V09_P01,W045_V10_P01,policy
W045,P02,W045_V09_P02,W045_V10_P02,semantic
W045,P03,W045_V09_P03,W045_V10_P03,numeric
W045,P04,W045_V09_P04,W045_V10_P04,major_semantic
W045,P05,W045_V09_P05,W045_V10_P05,reordering
W045,P06,W045_V09_P06,W045_V10_P06,date_time
W045,P07,W045_V09_P07,W045_V10_P07,deletion
W045,P08,W045_V09_P08,W045_V10_P08,addition
W045,P09,W045_V09_P09,W045_V10_P09,requirement
W045,P10,W045_V09_P10,W045_V10_P10,policy
W046,P01,W046_V01_P01,W046_V02_P01,requirement
W046,P02,W046_V01_P02,W046_V02_P02,policy
W046,P03,W046_V01_P03,W046_V02_P03,semantic
W046,P04,W046_V01_P04,W046_V02_P04,numeric
W046,P05,W046_V01_P05,W046_V02_P05,major_semantic
W046,P06,W046_V01_P06,W046_V02_P06,reordering
W046,P07,W046_V01_P07,W046_V02_P07,date_time
W046,P08,W046_V01_P08,W046_V02_P08,deletion
W046,P09,W046_V01_P09,W046_V02_P09,addition
W046,P10,W046_V01_P10,W046_V02_P10,requirement
W046,P01,W046_V02_P01,W046_V03_P01,deletion
W046,P02,W046_V02_P02,W046_V03_P02,addition
W046,P03,W046_V02_P03,W046_V03_P03,requirement
W046,P04,W046_V02_P04,W046_V03_P04,policy
W046,P05,W046_V02_P05,W046_V03_P05,semantic
W046,P06,W046_V02_P06,W046_V03_P06,numeric
W046,P07,W046_V02_P07,W046_V03_P07,major_semantic
W046,P08,W046_V02_P08,W046_V03_P08,reordering
W046,P09,W046_V02_P09,W046_V03_P09,date_time
W046,P10,W046_V02_P10,W046_V03_P10,deletion
W046,P01,W046_V03_P01,W046_V04_P01,reordering
W046,P02,W046_V03_P02,W046_V04_P02,date_time
W046,P03,W046_V03_P03,W046_V04_P03,deletion
W046,P04,W046_V03_P04,W046_V04_P04,addition
W046,P05,W046_V03_P05,W046_V04_P05,requirement
W046,P06,W046_V03_P06,W046_V04_P06,policy
W046,P07,W046_V03_P07,W046_V04_P07,semantic
W046,P08,W046_V03_P08,W046_V04_P08,numeric
W046,P09,W046_V03_P09,W046_V04_P09,major_semantic
W046,P10,W046_V03_P10,W046_V04_P10,reordering
W046,P01,W046_V04_P01,W046_V05_P01,numeric
W046,P02,W046_V04_P02,W046_V05_P02,major_semantic
W046,P03,W046_V04_P03,W046_V05_P03,reordering
W046,P04,W046_V04_P04,W046_V05_P04,date_time
W046,P05,W046_V04_P05,W046_V05_P05,deletion
W046,P06,W046_V04_P06,W046_V05_P06,addition
W046,P07,W046_V04_P07,W046_V05_P07,requirement
W046,P08,W046_V04_P08,W046_V05_P08,policy
W046,P09,W046_V04_P09,W046_V05_P09,semantic
W046,P10,W046_V04_P10,W046_V05_P10,numeric
W046,P01,W046_V05_P01,W046_V06_P01,policy
W046,P02,W046_V05_P02,W046_V06_P02,semantic
W046,P03,W046_V05_P03,W046_V06_P03,numeric
W046,P04,W046_V05_P04,W046_V06_P04,major_semantic
W046,P05,W046_V05_P05,W046_V06_P05,reordering
W046,P06,W046_V05_P06,W046_V06_P06,date_time
W046,P07,W046_V05_P07,W046_V06_P07,deletion
W046,P08,W046_V05_P08,W046_V06_P08,addition
W046,P09,W046_V05_P09,W046_V06_P09,requirement
W046,P10,W046_V05_P10,W046_V06_P10,policy
W046,P01,W046_V06_P01,W046_V07_P01,addition
W046,P02,W046_V06_P02,W046_V07_P02,requirement
W046,P03,W046_V06_P03,W046_V07_P03,policy
W046,P04,W046_V06_P04,W046_V07_P04,semantic
W046,P05,W046_V06_P05,W046_V07_P05,numeric
W046,P06,W046_V06_P06,W046_V07_P06,major_semantic
W046,P07,W046_V06_P07,W046_V07_P07,reordering
W046,P08,W046_V06_P08,W046_V07_P08,date_time
W046,P09,W046_V06_P09,W046_V07_P09,deletion
W046,P10,W046_V06_P10,W046_V07_P10,addition
W046,P01,W046_V07_P01,W046_V08_P01,date_time
W046,P02,W046_V07_P02,W046_V08_P02,deletion
W046,P03,W046_V07_P03,W046_V08_P03,addition
W046,P04,W046_V07_P04,W046_V08_P04,requirement
W046,P05,W046_V07_P05,W046_V08_P05,policy
W046,P06,W046_V07_P06,W046_V08_P06,semantic
W046,P07,W046_V07_P07,W046_V08_P07,numeric
W046,P08,W046_V07_P08,W046_V08_P08,major_semantic
W046,P09,W046_V07_P09,W046_V08_P09,reordering
W046,P10,W046_V07_P10,W046_V08_P10,date_time
W046,P01,W046_V08_P01,W046_V09_P01,major_semantic
W046,P02,W046_V08_P02,W046_V09_P02,reordering
W046,P03,W046_V08_P03,W046_V09_P03,date_time
W046,P04,W046_V08_P04,W046_V09_P04,deletion
W046,P05,W046_V08_P05,W046_V09_P05,addition
W046,P06,W046_V08_P06,W046_V09_P06,requirement
W046,P07,W046_V08_P07,W046_V09_P07,policy
W046,P08,W046_V08_P08,W046_V09_P08,semantic
W046,P09,W046_V08_P09,W046_V09_P09,numeric
W046,P10,W046_V08_P10,W046_V09_P10,major_semantic
W046,P01,W046_V09_P01,W046_V10_P01,semantic
W046,P02,W046_V09_P02,W046_V10_P02,numeric
W046,P03,W046_V09_P03,W046_V10_P03,major_semantic
W046,P04,W046_V09_P04,W046_V10_P04,reordering
W046,P05,W046_V09_P05,W046_V10_P05,date_time
W046,P06,W046_V09_P06,W046_V10_P06,deletion
W046,P07,W046_V09_P07,W046_V10_P07,addition
W046,P08,W046_V09_P08,W046_V10_P08,requirement
W046,P09,W046_V09_P09,W046_V10_P09,policy
W046,P10,W046_V09_P10,W046_V10_P10,semantic
W047,P01,W047_V01_P01,W047_V02_P01,policy
W047,P02,W047_V01_P02,W047_V02_P02,semantic
W047,P03,W047_V01_P03,W047_V02_P03,numeric
W047,P04,W047_V01_P04,W047_V02_P04,major_semantic
W047,P05,W047_V01_P05,W047_V02_P05,reordering
W047,P06,W047_V01_P06,W047_V02_P06,date_time
W047,P07,W047_V01_P07,W047_V02_P07,deletion
W047,P08,W047_V01_P08,W047_V02_P08,addition
W047,P09,W047_V01_P09,W047_V02_P09,requirement
W047,P10,W047_V01_P10,W047_V02_P10,policy
W047,P01,W047_V02_P01,W047_V03_P01,addition
W047,P02,W047_V02_P02,W047_V03_P02,requirement
W047,P03,W047_V02_P03,W047_V03_P03,policy
W047,P04,W047_V02_P04,W047_V03_P04,semantic
W047,P05,W047_V02_P05,W047_V03_P05,numeric
W047,P06,W047_V02_P06,W047_V03_P06,major_semantic
W047,P07,W047_V02_P07,W047_V03_P07,reordering
W047,P08,W047_V02_P08,W047_V03_P08,date_time
W047,P09,W047_V02_P09,W047_V03_P09,deletion
W047,P10,W047_V02_P10,W047_V03_P10,addition
W047,P01,W047_V03_P01,W047_V04_P01,date_time
W047,P02,W047_V03_P02,W047_V04_P02,deletion
W047,P03,W047_V03_P03,W047_V04_P03,addition
W047,P04,W047_V03_P04,W047_V04_P04,requirement
W047,P05,W047_V03_P05,W047_V04_P05,policy
W047,P06,W047_V03_P06,W047_V04_P06,semantic
W047,P07,W047_V03_P07,W047_V04_P07,numeric
W047,P08,W047_V03_P08,W047_V04_P08,major_semantic
W047,P09,W047_V03_P09,W047_V04_P09,reordering
W047,P10,W047_V03_P10,W047_V04_P10,date_time
W047,P01,W047_V04_P01,W047_V05_P01,major_semantic
W047,P02,W047_V04_P02,W047_V05_P02,reordering
W047,P03,W047_V04_P03,W047_V05_P03,date_time
W047,P04,W047_V04_P04,W047_V05_P04,deletion
W047,P05,W047_V04_P05,W047_V05_P05,addition
W047,P06,W047_V04_P06,W047_V05_P06,requirement
W047,P07,W047_V04_P07,W047_V05_P07,policy
W047,P08,W047_V04_P08,W047_V05_P08,semantic
W047,P09,W047_V04_P09,W047_V05_P09,numeric
W047,P10,W047_V04_P10,W047_V05_P10,major_semantic
W047,P01,W047_V05_P01,W047_V06_P01,semantic
W047,P02,W047_V05_P02,W047_V06_P02,numeric
W047,P03,W047_V05_P03,W047_V06_P03,major_semantic
W047,P04,W047_V05_P04,W047_V06_P04,reordering
W047,P05,W047_V05_P05,W047_V06_P05,date_time
W047,P06,W047_V05_P06,W047_V06_P06,deletion
W047,P07,W047_V05_P07,W047_V06_P07,addition
W047,P08,W047_V05_P08,W047_V06_P08,requirement
W047,P09,W047_V05_P09,W047_V06_P09,policy
W047,P10,W047_V05_P10,W047_V06_P10,semantic
W047,P01,W047_V06_P01,W047_V07_P01,requirement
W047,P02,W047_V06_P02,W047_V07_P02,policy
W047,P03,W047_V06_P03,W047_V07_P03,semantic
W047,P04,W047_V06_P04,W047_V07_P04,numeric
W047,P05,W047_V06_P05,W047_V07_P05,major_semantic
W047,P06,W047_V06_P06,W047_V07_P06,reordering
W047,P07,W047_V06_P07,W047_V07_P07,date_time
W047,P08,W047_V06_P08,W047_V07_P08,deletion
W047,P09,W047_V06_P09,W047_V07_P09,addition
W047,P10,W047_V06_P10,W047_V07_P10,requirement
W047,P01,W047_V07_P01,W047_V08_P01,deletion
W047,P02,W047_V07_P02,W047_V08_P02,addition
W047,P03,W047_V07_P03,W047_V08_P03,requirement
W047,P04,W047_V07_P04,W047_V08_P04,policy
W047,P05,W047_V07_P05,W047_V08_P05,semantic
W047,P06,W047_V07_P06,W047_V08_P06,numeric
W047,P07,W047_V07_P07,W047_V08_P07,major_semantic
W047,P08,W047_V07_P08,W047_V08_P08,reordering
W047,P09,W047_V07_P09,W047_V08_P09,date_time
W047,P10,W047_V07_P10,W047_V08_P10,deletion
W047,P01,W047_V08_P01,W047_V09_P01,reordering
W047,P02,W047_V08_P02,W047_V09_P02,date_time
W047,P03,W047_V08_P03,W047_V09_P03,deletion
W047,P04,W047_V08_P04,W047_V09_P04,addition
W047,P05,W047_V08_P05,W047_V09_P05,requirement
W047,P06,W047_V08_P06,W047_V09_P06,policy
W047,P07,W047_V08_P07,W047_V09_P07,semantic
W047,P08,W047_V08_P08,W047_V09_P08,numeric
W047,P09,W047_V08_P09,W047_V09_P09,major_semantic
W047,P10,W047_V08_P10,W047_V09_P10,reordering
W047,P01,W047_V09_P01,W047_V10_P01,numeric
W047,P02,W047_V09_P02,W047_V10_P02,major_semantic
W047,P03,W047_V09_P03,W047_V10_P03,reordering
W047,P04,W047_V09_P04,W047_V10_P04,date_time
W047,P05,W047_V09_P05,W047_V10_P05,deletion
W047,P06,W047_V09_P06,W047_V10_P06,addition
W047,P07,W047_V09_P07,W047_V10_P07,requirement
W047,P08,W047_V09_P08,W047_V10_P08,policy
W047,P09,W047_V09_P09,W047_V10_P09,semantic
W047,P10,W047_V09_P10,W047_V10_P10,numeric
W048,P01,W048_V01_P01,W048_V02_P01,semantic
W048,P02,W048_V01_P02,W048_V02_P02,numeric
W048,P03,W048_V01_P03,W048_V02_P03,major_semantic
W048,P04,W048_V01_P04,W048_V02_P04,reordering
W048,P05,W048_V01_P05,W048_V02_P05,date_time
W048,P06,W048_V01_P06,W048_V02_P06,deletion
W048,P07,W048_V01_P07,W048_V02_P07,addition
W048,P08,W048_V01_P08,W048_V02_P08,requirement
W048,P09,W048_V01_P09,W048_V02_P09,policy
W048,P10,W048_V01_P10,W048_V02_P10,semantic
W048,P01,W048_V02_P01,W048_V03_P01,requirement
W048,P02,W048_V02_P02,W048_V03_P02,policy
W048,P03,W048_V02_P03,W048_V03_P03,semantic
W048,P04,W048_V02_P04,W048_V03_P04,numeric
W048,P05,W048_V02_P05,W048_V03_P05,major_semantic
W048,P06,W048_V02_P06,W048_V03_P06,reordering
W048,P07,W048_V02_P07,W048_V03_P07,date_time
W048,P08,W048_V02_P08,W048_V03_P08,deletion
W048,P09,W048_V02_P09,W048_V03_P09,addition
W048,P10,W048_V02_P10,W048_V03_P10,requirement
W048,P01,W048_V03_P01,W048_V04_P01,deletion
W048,P02,W048_V03_P02,W048_V04_P02,addition
W048,P03,W048_V03_P03,W048_V04_P03,requirement
W048,P04,W048_V03_P04,W048_V04_P04,policy
W048,P05,W048_V03_P05,W048_V04_P05,semantic
W048,P06,W048_V03_P06,W048_V04_P06,numeric
W048,P07,W048_V03_P07,W048_V04_P07,major_semantic
W048,P08,W048_V03_P08,W048_V04_P08,reordering
W048,P09,W048_V03_P09,W048_V04_P09,date_time
W048,P10,W048_V03_P10,W048_V04_P10,deletion
W048,P01,W048_V04_P01,W048_V05_P01,reordering
W048,P02,W048_V04_P02,W048_V05_P02,date_time
W048,P03,W048_V04_P03,W048_V05_P03,deletion
W048,P04,W048_V04_P04,W048_V05_P04,addition
W048,P05,W048_V04_P05,W048_V05_P05,requirement
W048,P06,W048_V04_P06,W048_V05_P06,policy
W048,P07,W048_V04_P07,W048_V05_P07,semantic
W048,P08,W048_V04_P08,W048_V05_P08,numeric
W048,P09,W048_V04_P09,W048_V05_P09,major_semantic
W048,P10,W048_V04_P10,W048_V05_P10,reordering
W048,P01,W048_V05_P01,W048_V06_P01,numeric
W048,P02,W048_V05_P02,W048_V06_P02,major_semantic
W048,P03,W048_V05_P03,W048_V06_P03,reordering
W048,P04,W048_V05_P04,W048_V06_P04,date_time
W048,P05,W048_V05_P05,W048_V06_P05,deletion
W048,P06,W048_V05_P06,W048_V06_P06,addition
W048,P07,W048_V05_P07,W048_V06_P07,requirement
W048,P08,W048_V05_P08,W048_V06_P08,policy
W048,P09,W048_V05_P09,W048_V06_P09,semantic
W048,P10,W048_V05_P10,W048_V06_P10,numeric
W048,P01,W048_V06_P01,W048_V07_P01,policy
W048,P02,W048_V06_P02,W048_V07_P02,semantic
W048,P03,W048_V06_P03,W048_V07_P03,numeric
W048,P04,W048_V06_P04,W048_V07_P04,major_semantic
W048,P05,W048_V06_P05,W048_V07_P05,reordering
W048,P06,W048_V06_P06,W048_V07_P06,date_time
W048,P07,W048_V06_P07,W048_V07_P07,deletion
W048,P08,W048_V06_P08,W048_V07_P08,addition
W048,P09,W048_V06_P09,W048_V07_P09,requirement
W048,P10,W048_V06_P10,W048_V07_P10,policy
W048,P01,W048_V07_P01,W048_V08_P01,addition
W048,P02,W048_V07_P02,W048_V08_P02,requirement
W048,P03,W048_V07_P03,W048_V08_P03,policy
W048,P04,W048_V07_P04,W048_V08_P04,semantic
W048,P05,W048_V07_P05,W048_V08_P05,numeric
W048,P06,W048_V07_P06,W048_V08_P06,major_semantic
W048,P07,W048_V07_P07,W048_V08_P07,reordering
W048,P08,W048_V07_P08,W048_V08_P08,date_time
W048,P09,W048_V07_P09,W048_V08_P09,deletion
W048,P10,W048_V07_P10,W048_V08_P10,addition
W048,P01,W048_V08_P01,W048_V09_P01,date_time
W048,P02,W048_V08_P02,W048_V09_P02,deletion
W048,P03,W048_V08_P03,W048_V09_P03,addition
W048,P04,W048_V08_P04,W048_V09_P04,requirement
W048,P05,W048_V08_P05,W048_V09_P05,policy
W048,P06,W048_V08_P06,W048_V09_P06,semantic
W048,P07,W048_V08_P07,W048_V09_P07,numeric
W048,P08,W048_V08_P08,W048_V09_P08,major_semantic
W048,P09,W048_V08_P09,W048_V09_P09,reordering
W048,P10,W048_V08_P10,W048_V09_P10,date_time
W048,P01,W048_V09_P01,W048_V10_P01,major_semantic
W048,P02,W048_V09_P02,W048_V10_P02,reordering
W048,P03,W048_V09_P03,W048_V10_P03,date_time
W048,P04,W048_V09_P04,W048_V10_P04,deletion
W048,P05,W048_V09_P05,W048_V10_P05,addition
W048,P06,W048_V09_P06,W048_V10_P06,requirement
W048,P07,W048_V09_P07,W048_V10_P07,policy
W048,P08,W048_V09_P08,W048_V10_P08,semantic
W048,P09,W048_V09_P09,W048_V10_P09,numeric
W048,P10,W048_V09_P10,W048_V10_P10,major_semantic
W049,P01,W049_V01_P01,W049_V02_P01,numeric
W049,P02,W049_V01_P02,W049_V02_P02,major_semantic
W049,P03,W049_V01_P03,W049_V02_P03,reordering
W049,P04,W049_V01_P04,W049_V02_P04,date_time
W049,P05,W049_V01_P05,W049_V02_P05,deletion
W049,P06,W049_V01_P06,W049_V02_P06,addition
W049,P07,W049_V01_P07,W049_V02_P07,requirement
W049,P08,W049_V01_P08,W049_V02_P08,policy
W049,P09,W049_V01_P09,W049_V02_P09,semantic
W049,P10,W049_V01_P10,W049_V02_P10,numeric
W049,P01,W049_V02_P01,W049_V03_P01,policy
W049,P02,W049_V02_P02,W049_V03_P02,semantic
W049,P03,W049_V02_P03,W049_V03_P03,numeric
W049,P04,W049_V02_P04,W049_V03_P04,major_semantic
W049,P05,W049_V02_P05,W049_V03_P05,reordering
W049,P06,W049_V02_P06,W049_V03_P06,date_time
W049,P07,W049_V02_P07,W049_V03_P07,deletion
W049,P08,W049_V02_P08,W049_V03_P08,addition
W049,P09,W049_V02_P09,W049_V03_P09,requirement
W049,P10,W049_V02_P10,W049_V03_P10,policy
W049,P01,W049_V03_P01,W049_V04_P01,addition
W049,P02,W049_V03_P02,W049_V04_P02,requirement
W049,P03,W049_V03_P03,W049_V04_P03,policy
W049,P04,W049_V03_P04,W049_V04_P04,semantic
W049,P05,W049_V03_P05,W049_V04_P05,numeric
W049,P06,W049_V03_P06,W049_V04_P06,major_semantic
W049,P07,W049_V03_P07,W049_V04_P07,reordering
W049,P08,W049_V03_P08,W049_V04_P08,date_time
W049,P09,W049_V03_P09,W049_V04_P09,deletion
W049,P10,W049_V03_P10,W049_V04_P10,addition
W049,P01,W049_V04_P01,W049_V05_P01,date_time
W049,P02,W049_V04_P02,W049_V05_P02,deletion
W049,P03,W049_V04_P03,W049_V05_P03,addition
W049,P04,W049_V04_P04,W049_V05_P04,requirement
W049,P05,W049_V04_P05,W049_V05_P05,policy
W049,P06,W049_V04_P06,W049_V05_P06,semantic
W049,P07,W049_V04_P07,W049_V05_P07,numeric
W049,P08,W049_V04_P08,W049_V05_P08,major_semantic
W049,P09,W049_V04_P09,W049_V05_P09,reordering
W049,P10,W049_V04_P10,W049_V05_P10,date_time
W049,P01,W049_V05_P01,W049_V06_P01,major_semantic
W049,P02,W049_V05_P02,W049_V06_P02,reordering
W049,P03,W049_V05_P03,W049_V06_P03,date_time
W049,P04,W049_V05_P04,W049_V06_P04,deletion
W049,P05,W049_V05_P05,W049_V06_P05,addition
W049,P06,W049_V05_P06,W049_V06_P06,requirement
W049,P07,W049_V05_P07,W049_V06_P07,policy
W049,P08,W049_V05_P08,W049_V06_P08,semantic
W049,P09,W049_V05_P09,W049_V06_P09,numeric
W049,P10,W049_V05_P10,W049_V06_P10,major_semantic
W049,P01,W049_V06_P01,W049_V07_P01,semantic
W049,P02,W049_V06_P02,W049_V07_P02,numeric
W049,P03,W049_V06_P03,W049_V07_P03,major_semantic
W049,P04,W049_V06_P04,W049_V07_P04,reordering
W049,P05,W049_V06_P05,W049_V07_P05,date_time
W049,P06,W049_V06_P06,W049_V07_P06,deletion
W049,P07,W049_V06_P07,W049_V07_P07,addition
W049,P08,W049_V06_P08,W049_V07_P08,requirement
W049,P09,W049_V06_P09,W049_V07_P09,policy
W049,P10,W049_V06_P10,W049_V07_P10,semantic
W049,P01,W049_V07_P01,W049_V08_P01,requirement
W049,P02,W049_V07_P02,W049_V08_P02,policy
W049,P03,W049_V07_P03,W049_V08_P03,semantic
W049,P04,W049_V07_P04,W049_V08_P04,numeric
W049,P05,W049_V07_P05,W049_V08_P05,major_semantic
W049,P06,W049_V07_P06,W049_V08_P06,reordering
W049,P07,W049_V07_P07,W049_V08_P07,date_time
W049,P08,W049_V07_P08,W049_V08_P08,deletion
W049,P09,W049_V07_P09,W049_V08_P09,addition
W049,P10,W049_V07_P10,W049_V08_P10,requirement
W049,P01,W049_V08_P01,W049_V09_P01,deletion
W049,P02,W049_V08_P02,W049_V09_P02,addition
W049,P03,W049_V08_P03,W049_V09_P03,requirement
W049,P04,W049_V08_P04,W049_V09_P04,policy
W049,P05,W049_V08_P05,W049_V09_P05,semantic
W049,P06,W049_V08_P06,W049_V09_P06,numeric
W049,P07,W049_V08_P07,W049_V09_P07,major_semantic
W049,P08,W049_V08_P08,W049_V09_P08,reordering
W049,P09,W049_V08_P09,W049_V09_P09,date_time
W049,P10,W049_V08_P10,W049_V09_P10,deletion
W049,P01,W049_V09_P01,W049_V10_P01,reordering
W049,P02,W049_V09_P02,W049_V10_P02,date_time
W049,P03,W049_V09_P03,W049_V10_P03,deletion
W049,P04,W049_V09_P04,W049_V10_P04,addition
W049,P05,W049_V09_P05,W049_V10_P05,requirement
W049,P06,W049_V09_P06,W049_V10_P06,policy
W049,P07,W049_V09_P07,W049_V10_P07,semantic
W049,P08,W049_V09_P08,W049_V10_P08,numeric
W049,P09,W049_V09_P09,W049_V10_P09,major_semantic
W049,P10,W049_V09_P10,W049_V10_P10,reordering
W050,P01,W050_V01_P01,W050_V02_P01,major_semantic
W050,P02,W050_V01_P02,W050_V02_P02,reordering
W050,P03,W050_V01_P03,W050_V02_P03,date_time
W050,P04,W050_V01_P04,W050_V02_P04,deletion
W050,P05,W050_V01_P05,W050_V02_P05,addition
W050,P06,W050_V01_P06,W050_V02_P06,requirement
W050,P07,W050_V01_P07,W050_V02_P07,policy
W050,P08,W050_V01_P08,W050_V02_P08,semantic
W050,P09,W050_V01_P09,W050_V02_P09,numeric
W050,P10,W050_V01_P10,W050_V02_P10,major_semantic
W050,P01,W050_V02_P01,W050_V03_P01,semantic
W050,P02,W050_V02_P02,W050_V03_P02,numeric
W050,P03,W050_V02_P03,W050_V03_P03,major_semantic
W050,P04,W050_V02_P04,W050_V03_P04,reordering
W050,P05,W050_V02_P05,W050_V03_P05,date_time
W050,P06,W050_V02_P06,W050_V03_P06,deletion
W050,P07,W050_V02_P07,W050_V03_P07,addition
W050,P08,W050_V02_P08,W050_V03_P08,requirement
W050,P09,W050_V02_P09,W050_V03_P09,policy
W050,P10,W050_V02_P10,W050_V03_P10,semantic
W050,P01,W050_V03_P01,W050_V04_P01,requirement
W050,P02,W050_V03_P02,W050_V04_P02,policy
W050,P03,W050_V03_P03,W050_V04_P03,semantic
W050,P04,W050_V03_P04,W050_V04_P04,numeric
W050,P05,W050_V03_P05,W050_V04_P05,major_semantic
W050,P06,W050_V03_P06,W050_V04_P06,reordering
W050,P07,W050_V03_P07,W050_V04_P07,date_time
W050,P08,W050_V03_P08,W050_V04_P08,deletion
W050,P09,W050_V03_P09,W050_V04_P09,addition
W050,P10,W050_V03_P10,W050_V04_P10,requirement
W050,P01,W050_V04_P01,W050_V05_P01,deletion
W050,P02,W050_V04_P02,W050_V05_P02,addition
W050,P03,W050_V04_P03,W050_V05_P03,requirement
W050,P04,W050_V04_P04,W050_V05_P04,policy
W050,P05,W050_V04_P05,W050_V05_P05,semantic
W050,P06,W050_V04_P06,W050_V05_P06,numeric
W050,P07,W050_V04_P07,W050_V05_P07,major_semantic
W050,P08,W050_V04_P08,W050_V05_P08,reordering
W050,P09,W050_V04_P09,W050_V05_P09,date_time
W050,P10,W050_V04_P10,W050_V05_P10,deletion
W050,P01,W050_V05_P01,W050_V06_P01,reordering
W050,P02,W050_V05_P02,W050_V06_P02,date_time
W050,P03,W050_V05_P03,W050_V06_P03,deletion
W050,P04,W050_V05_P04,W050_V06_P04,addition
W050,P05,W050_V05_P05,W050_V06_P05,requirement
W050,P06,W050_V05_P06,W050_V06_P06,policy
W050,P07,W050_V05_P07,W050_V06_P07,semantic
W050,P08,W050_V05_P08,W050_V06_P08,numeric
W050,P09,W050_V05_P09,W050_V06_P09,major_semantic
W050,P10,W050_V05_P10,W050_V06_P10,reordering
W050,P01,W050_V06_P01,W050_V07_P01,numeric
W050,P02,W050_V06_P02,W050_V07_P02,major_semantic
W050,P03,W050_V06_P03,W050_V07_P03,reordering
W050,P04,W050_V06_P04,W050_V07_P04,date_time
W050,P05,W050_V06_P05,W050_V07_P05,deletion
W050,P06,W050_V06_P06,W050_V07_P06,addition
W050,P07,W050_V06_P07,W050_V07_P07,requirement
W050,P08,W050_V06_P08,W050_V07_P08,policy
W050,P09,W050_V06_P09,W050_V07_P09,semantic
W050,P10,W050_V06_P10,W050_V07_P10,numeric
W050,P01,W050_V07_P01,W050_V08_P01,policy
W050,P02,W050_V07_P02,W050_V08_P02,semantic
W050,P03,W050_V07_P03,W050_V08_P03,numeric
W050,P04,W050_V07_P04,W050_V08_P04,major_semantic
W050,P05,W050_V07_P05,W050_V08_P05,reordering
W050,P06,W050_V07_P06,W050_V08_P06,date_time
W050,P07,W050_V07_P07,W050_V08_P07,deletion
W050,P08,W050_V07_P08,W050_V08_P08,addition
W050,P09,W050_V07_P09,W050_V08_P09,requirement
W050,P10,W050_V07_P10,W050_V08_P10,policy
W050,P01,W050_V08_P01,W050_V09_P01,addition
W050,P02,W050_V08_P02,W050_V09_P02,requirement
W050,P03,W050_V08_P03,W050_V09_P03,policy
W050,P04,W050_V08_P04,W050_V09_P04,semantic
W050,P05,W050_V08_P05,W050_V09_P05,numeric
W050,P06,W050_V08_P06,W050_V09_P06,major_semantic
W050,P07,W050_V08_P07,W050_V09_P07,reordering
W050,P08,W050_V08_P08,W050_V09_P08,date_time
W050,P09,W050_V08_P09,W050_V09_P09,deletion
W050,P10,W050_V08_P10,W050_V09_P10,addition
W050,P01,W050_V09_P01,W050_V10_P01,date_time
W050,P02,W050_V09_P02,W050_V10_P02,deletion
W050,P03,W050_V09_P03,W050_V10_P03,addition
W050,P04,W050_V09_P04,W050_V10_P04,requirement
W050,P05,W050_V09_P05,W050_V10_P05,policy
W050,P06,W050_V09_P06,W050_V10_P06,semantic
W050,P07,W050_V09_P07,W050_V10_P07,numeric
W050,P08,W050_V09_P08,W050_V10_P08,major_semantic
W050,P09,W050_V09_P09,W050_V10_P09,reordering
W050,P10,W050_V09_P10,W050_V10_P10,date_time
W051,P01,W051_V01_P01,W051_V02_P01,reordering
W051,P02,W051_V01_P02,W051_V02_P02,date_time
W051,P03,W051_V01_P03,W051_V02_P03,deletion
W051,P04,W051_V01_P04,W051_V02_P04,addition
W051,P05,W051_V01_P05,W051_V02_P05,requirement
W051,P06,W051_V01_P06,W051_V02_P06,policy
W051,P07,W051_V01_P07,W051_V02_P07,semantic
W051,P08,W051_V01_P08,W051_V02_P08,numeric
W051,P09,W051_V01_P09,W051_V02_P09,major_semantic
W051,P10,W051_V01_P10,W051_V02_P10,reordering
W051,P01,W051_V02_P01,W051_V03_P01,numeric
W051,P02,W051_V02_P02,W051_V03_P02,major_semantic
W051,P03,W051_V02_P03,W051_V03_P03,reordering
W051,P04,W051_V02_P04,W051_V03_P04,date_time
W051,P05,W051_V02_P05,W051_V03_P05,deletion
W051,P06,W051_V02_P06,W051_V03_P06,addition
W051,P07,W051_V02_P07,W051_V03_P07,requirement
W051,P08,W051_V02_P08,W051_V03_P08,policy
W051,P09,W051_V02_P09,W051_V03_P09,semantic
W051,P10,W051_V02_P10,W051_V03_P10,numeric
W051,P01,W051_V03_P01,W051_V04_P01,policy
W051,P02,W051_V03_P02,W051_V04_P02,semantic
W051,P03,W051_V03_P03,W051_V04_P03,numeric
W051,P04,W051_V03_P04,W051_V04_P04,major_semantic
W051,P05,W051_V03_P05,W051_V04_P05,reordering
W051,P06,W051_V03_P06,W051_V04_P06,date_time
W051,P07,W051_V03_P07,W051_V04_P07,deletion
W051,P08,W051_V03_P08,W051_V04_P08,addition
W051,P09,W051_V03_P09,W051_V04_P09,requirement
W051,P10,W051_V03_P10,W051_V04_P10,policy
W051,P01,W051_V04_P01,W051_V05_P01,addition
W051,P02,W051_V04_P02,W051_V05_P02,requirement
W051,P03,W051_V04_P03,W051_V05_P03,policy
W051,P04,W051_V04_P04,W051_V05_P04,semantic
W051,P05,W051_V04_P05,W051_V05_P05,numeric
W051,P06,W051_V04_P06,W051_V05_P06,major_semantic
W051,P07,W051_V04_P07,W051_V05_P07,reordering
W051,P08,W051_V04_P08,W051_V05_P08,date_time
W051,P09,W051_V04_P09,W051_V05_P09,deletion
W051,P10,W051_V04_P10,W051_V05_P10,addition
W051,P01,W051_V05_P01,W051_V06_P01,date_time
W051,P02,W051_V05_P02,W051_V06_P02,deletion
W051,P03,W051_V05_P03,W051_V06_P03,addition
W051,P04,W051_V05_P04,W051_V06_P04,requirement
W051,P05,W051_V05_P05,W051_V06_P05,policy
W051,P06,W051_V05_P06,W051_V06_P06,semantic
W051,P07,W051_V05_P07,W051_V06_P07,numeric
W051,P08,W051_V05_P08,W051_V06_P08,major_semantic
W051,P09,W051_V05_P09,W051_V06_P09,reordering
W051,P10,W051_V05_P10,W051_V06_P10,date_time
W051,P01,W051_V06_P01,W051_V07_P01,major_semantic
W051,P02,W051_V06_P02,W051_V07_P02,reordering
W051,P03,W051_V06_P03,W051_V07_P03,date_time
W051,P04,W051_V06_P04,W051_V07_P04,deletion
W051,P05,W051_V06_P05,W051_V07_P05,addition
W051,P06,W051_V06_P06,W051_V07_P06,requirement
W051,P07,W051_V06_P07,W051_V07_P07,policy
W051,P08,W051_V06_P08,W051_V07_P08,semantic
W051,P09,W051_V06_P09,W051_V07_P09,numeric
W051,P10,W051_V06_P10,W051_V07_P10,major_semantic
W051,P01,W051_V07_P01,W051_V08_P01,semantic
W051,P02,W051_V07_P02,W051_V08_P02,numeric
W051,P03,W051_V07_P03,W051_V08_P03,major_semantic
W051,P04,W051_V07_P04,W051_V08_P04,reordering
W051,P05,W051_V07_P05,W051_V08_P05,date_time
W051,P06,W051_V07_P06,W051_V08_P06,deletion
W051,P07,W051_V07_P07,W051_V08_P07,addition
W051,P08,W051_V07_P08,W051_V08_P08,requirement
W051,P09,W051_V07_P09,W051_V08_P09,policy
W051,P10,W051_V07_P10,W051_V08_P10,semantic
W051,P01,W051_V08_P01,W051_V09_P01,requirement
W051,P02,W051_V08_P02,W051_V09_P02,policy
W051,P03,W051_V08_P03,W051_V09_P03,semantic
W051,P04,W051_V08_P04,W051_V09_P04,numeric
W051,P05,W051_V08_P05,W051_V09_P05,major_semantic
W051,P06,W051_V08_P06,W051_V09_P06,reordering
W051,P07,W051_V08_P07,W051_V09_P07,date_time
W051,P08,W051_V08_P08,W051_V09_P08,deletion
W051,P09,W051_V08_P09,W051_V09_P09,addition
W051,P10,W051_V08_P10,W051_V09_P10,requirement
W051,P01,W051_V09_P01,W051_V10_P01,deletion
W051,P02,W051_V09_P02,W051_V10_P02,addition
W051,P03,W051_V09_P03,W051_V10_P03,requirement
W051,P04,W051_V09_P04,W051_V10_P04,policy
W051,P05,W051_V09_P05,W051_V10_P05,semantic
W051,P06,W051_V09_P06,W051_V10_P06,numeric
W051,P07,W051_V09_P07,W051_V10_P07,major_semantic
W051,P08,W051_V09_P08,W051_V10_P08,reordering
W051,P09,W051_V09_P09,W051_V10_P09,date_time
W051,P10,W051_V09_P10,W051_V10_P10,deletion
W052,P01,W052_V01_P01,W052_V02_P01,date_time
W052,P02,W052_V01_P02,W052_V02_P02,deletion
W052,P03,W052_V01_P03,W052_V02_P03,addition
W052,P04,W052_V01_P04,W052_V02_P04,requirement
W052,P05,W052_V01_P05,W052_V02_P05,policy
W052,P06,W052_V01_P06,W052_V02_P06,semantic
W052,P07,W052_V01_P07,W052_V02_P07,numeric
W052,P08,W052_V01_P08,W052_V02_P08,major_semantic
W052,P09,W052_V01_P09,W052_V02_P09,reordering
W052,P10,W052_V01_P10,W052_V02_P10,date_time
W052,P01,W052_V02_P01,W052_V03_P01,major_semantic
W052,P02,W052_V02_P02,W052_V03_P02,reordering
W052,P03,W052_V02_P03,W052_V03_P03,date_time
W052,P04,W052_V02_P04,W052_V03_P04,deletion
W052,P05,W052_V02_P05,W052_V03_P05,addition
W052,P06,W052_V02_P06,W052_V03_P06,requirement
W052,P07,W052_V02_P07,W052_V03_P07,policy
W052,P08,W052_V02_P08,W052_V03_P08,semantic
W052,P09,W052_V02_P09,W052_V03_P09,numeric
W052,P10,W052_V02_P10,W052_V03_P10,major_semantic
W052,P01,W052_V03_P01,W052_V04_P01,semantic
W052,P02,W052_V03_P02,W052_V04_P02,numeric
W052,P03,W052_V03_P03,W052_V04_P03,major_semantic
W052,P04,W052_V03_P04,W052_V04_P04,reordering
W052,P05,W052_V03_P05,W052_V04_P05,date_time
W052,P06,W052_V03_P06,W052_V04_P06,deletion
W052,P07,W052_V03_P07,W052_V04_P07,addition
W052,P08,W052_V03_P08,W052_V04_P08,requirement
W052,P09,W052_V03_P09,W052_V04_P09,policy
W052,P10,W052_V03_P10,W052_V04_P10,semantic
W052,P01,W052_V04_P01,W052_V05_P01,requirement
W052,P02,W052_V04_P02,W052_V05_P02,policy
W052,P03,W052_V04_P03,W052_V05_P03,semantic
W052,P04,W052_V04_P04,W052_V05_P04,numeric
W052,P05,W052_V04_P05,W052_V05_P05,major_semantic
W052,P06,W052_V04_P06,W052_V05_P06,reordering
W052,P07,W052_V04_P07,W052_V05_P07,date_time
W052,P08,W052_V04_P08,W052_V05_P08,deletion
W052,P09,W052_V04_P09,W052_V05_P09,addition
W052,P10,W052_V04_P10,W052_V05_P10,requirement
W052,P01,W052_V05_P01,W052_V06_P01,deletion
W052,P02,W052_V05_P02,W052_V06_P02,addition
W052,P03,W052_V05_P03,W052_V06_P03,requirement
W052,P04,W052_V05_P04,W052_V06_P04,policy
W052,P05,W052_V05_P05,W052_V06_P05,semantic
W052,P06,W052_V05_P06,W052_V06_P06,numeric
W052,P07,W052_V05_P07,W052_V06_P07,major_semantic
W052,P08,W052_V05_P08,W052_V06_P08,reordering
W052,P09,W052_V05_P09,W052_V06_P09,date_time
W052,P10,W052_V05_P10,W052_V06_P10,deletion
W052,P01,W052_V06_P01,W052_V07_P01,reordering
W052,P02,W052_V06_P02,W052_V07_P02,date_time
W052,P03,W052_V06_P03,W052_V07_P03,deletion
W052,P04,W052_V06_P04,W052_V07_P04,addition
W052,P05,W052_V06_P05,W052_V07_P05,requirement
W052,P06,W052_V06_P06,W052_V07_P06,policy
W052,P07,W052_V06_P07,W052_V07_P07,semantic
W052,P08,W052_V06_P08,W052_V07_P08,numeric
W052,P09,W052_V06_P09,W052_V07_P09,major_semantic
W052,P10,W052_V06_P10,W052_V07_P10,reordering
W052,P01,W052_V07_P01,W052_V08_P01,numeric
W052,P02,W052_V07_P02,W052_V08_P02,major_semantic
W052,P03,W052_V07_P03,W052_V08_P03,reordering
W052,P04,W052_V07_P04,W052_V08_P04,date_time
W052,P05,W052_V07_P05,W052_V08_P05,deletion
W052,P06,W052_V07_P06,W052_V08_P06,addition
W052,P07,W052_V07_P07,W052_V08_P07,requirement
W052,P08,W052_V07_P08,W052_V08_P08,policy
W052,P09,W052_V07_P09,W052_V08_P09,semantic
W052,P10,W052_V07_P10,W052_V08_P10,numeric
W052,P01,W052_V08_P01,W052_V09_P01,policy
W052,P02,W052_V08_P02,W052_V09_P02,semantic
W052,P03,W052_V08_P03,W052_V09_P03,numeric
W052,P04,W052_V08_P04,W052_V09_P04,major_semantic
W052,P05,W052_V08_P05,W052_V09_P05,reordering
W052,P06,W052_V08_P06,W052_V09_P06,date_time
W052,P07,W052_V08_P07,W052_V09_P07,deletion
W052,P08,W052_V08_P08,W052_V09_P08,addition
W052,P09,W052_V08_P09,W052_V09_P09,requirement
W052,P10,W052_V08_P10,W052_V09_P10,policy
W052,P01,W052_V09_P01,W052_V10_P01,addition
W052,P02,W052_V09_P02,W052_V10_P02,requirement
W052,P03,W052_V09_P03,W052_V10_P03,policy
W052,P04,W052_V09_P04,W052_V10_P04,semantic
W052,P05,W052_V09_P05,W052_V10_P05,numeric
W052,P06,W052_V09_P06,W052_V10_P06,major_semantic
W052,P07,W052_V09_P07,W052_V10_P07,reordering
W052,P08,W052_V09_P08,W052_V10_P08,date_time
W052,P09,W052_V09_P09,W052_V10_P09,deletion
W052,P10,W052_V09_P10,W052_V10_P10,addition
W053,P01,W053_V01_P01,W053_V02_P01,deletion
W053,P02,W053_V01_P02,W053_V02_P02,addition
W053,P03,W053_V01_P03,W053_V02_P03,requirement
W053,P04,W053_V01_P04,W053_V02_P04,policy
W053,P05,W053_V01_P05,W053_V02_P05,semantic
W053,P06,W053_V01_P06,W053_V02_P06,numeric
W053,P07,W053_V01_P07,W053_V02_P07,major_semantic
W053,P08,W053_V01_P08,W053_V02_P08,reordering
W053,P09,W053_V01_P09,W053_V02_P09,date_time
W053,P10,W053_V01_P10,W053_V02_P10,deletion
W053,P01,W053_V02_P01,W053_V03_P01,reordering
W053,P02,W053_V02_P02,W053_V03_P02,date_time
W053,P03,W053_V02_P03,W053_V03_P03,deletion
W053,P04,W053_V02_P04,W053_V03_P04,addition
W053,P05,W053_V02_P05,W053_V03_P05,requirement
W053,P06,W053_V02_P06,W053_V03_P06,policy
W053,P07,W053_V02_P07,W053_V03_P07,semantic
W053,P08,W053_V02_P08,W053_V03_P08,numeric
W053,P09,W053_V02_P09,W053_V03_P09,major_semantic
W053,P10,W053_V02_P10,W053_V03_P10,reordering
W053,P01,W053_V03_P01,W053_V04_P01,numeric
W053,P02,W053_V03_P02,W053_V04_P02,major_semantic
W053,P03,W053_V03_P03,W053_V04_P03,reordering
W053,P04,W053_V03_P04,W053_V04_P04,date_time
W053,P05,W053_V03_P05,W053_V04_P05,deletion
W053,P06,W053_V03_P06,W053_V04_P06,addition
W053,P07,W053_V03_P07,W053_V04_P07,requirement
W053,P08,W053_V03_P08,W053_V04_P08,policy
W053,P09,W053_V03_P09,W053_V04_P09,semantic
W053,P10,W053_V03_P10,W053_V04_P10,numeric
W053,P01,W053_V04_P01,W053_V05_P01,policy
W053,P02,W053_V04_P02,W053_V05_P02,semantic
W053,P03,W053_V04_P03,W053_V05_P03,numeric
W053,P04,W053_V04_P04,W053_V05_P04,major_semantic
W053,P05,W053_V04_P05,W053_V05_P05,reordering
W053,P06,W053_V04_P06,W053_V05_P06,date_time
W053,P07,W053_V04_P07,W053_V05_P07,deletion
W053,P08,W053_V04_P08,W053_V05_P08,addition
W053,P09,W053_V04_P09,W053_V05_P09,requirement
W053,P10,W053_V04_P10,W053_V05_P10,policy
W053,P01,W053_V05_P01,W053_V06_P01,addition
W053,P02,W053_V05_P02,W053_V06_P02,requirement
W053,P03,W053_V05_P03,W053_V06_P03,policy
W053,P04,W053_V05_P04,W053_V06_P04,semantic
W053,P05,W053_V05_P05,W053_V06_P05,numeric
W053,P06,W053_V05_P06,W053_V06_P06,major_semantic
W053,P07,W053_V05_P07,W053_V06_P07,reordering
W053,P08,W053_V05_P08,W053_V06_P08,date_time
W053,P09,W053_V05_P09,W053_V06_P09,deletion
W053,P10,W053_V05_P10,W053_V06_P10,addition
W053,P01,W053_V06_P01,W053_V07_P01,date_time
W053,P02,W053_V06_P02,W053_V07_P02,deletion
W053,P03,W053_V06_P03,W053_V07_P03,addition
W053,P04,W053_V06_P04,W053_V07_P04,requirement
W053,P05,W053_V06_P05,W053_V07_P05,policy
W053,P06,W053_V06_P06,W053_V07_P06,semantic
W053,P07,W053_V06_P07,W053_V07_P07,numeric
W053,P08,W053_V06_P08,W053_V07_P08,major_semantic
W053,P09,W053_V06_P09,W053_V07_P09,reordering
W053,P10,W053_V06_P10,W053_V07_P10,date_time
W053,P01,W053_V07_P01,W053_V08_P01,major_semantic
W053,P02,W053_V07_P02,W053_V08_P02,reordering
W053,P03,W053_V07_P03,W053_V08_P03,date_time
W053,P04,W053_V07_P04,W053_V08_P04,deletion
W053,P05,W053_V07_P05,W053_V08_P05,addition
W053,P06,W053_V07_P06,W053_V08_P06,requirement
W053,P07,W053_V07_P07,W053_V08_P07,policy
W053,P08,W053_V07_P08,W053_V08_P08,semantic
W053,P09,W053_V07_P09,W053_V08_P09,numeric
W053,P10,W053_V07_P10,W053_V08_P10,major_semantic
W053,P01,W053_V08_P01,W053_V09_P01,semantic
W053,P02,W053_V08_P02,W053_V09_P02,numeric
W053,P03,W053_V08_P03,W053_V09_P03,major_semantic
W053,P04,W053_V08_P04,W053_V09_P04,reordering
W053,P05,W053_V08_P05,W053_V09_P05,date_time
W053,P06,W053_V08_P06,W053_V09_P06,deletion
W053,P07,W053_V08_P07,W053_V09_P07,addition
W053,P08,W053_V08_P08,W053_V09_P08,requirement
W053,P09,W053_V08_P09,W053_V09_P09,policy
W053,P10,W053_V08_P10,W053_V09_P10,semantic
W053,P01,W053_V09_P01,W053_V10_P01,requirement
W053,P02,W053_V09_P02,W053_V10_P02,policy
W053,P03,W053_V09_P03,W053_V10_P03,semantic
W053,P04,W053_V09_P04,W053_V10_P04,numeric
W053,P05,W053_V09_P05,W053_V10_P05,major_semantic
W053,P06,W053_V09_P06,W053_V10_P06,reordering
W053,P07,W053_V09_P07,W053_V10_P07,date_time
W053,P08,W053_V09_P08,W053_V10_P08,deletion
W053,P09,W053_V09_P09,W053_V10_P09,addition
W053,P10,W053_V09_P10,W053_V10_P10,requirement
W054,P01,W054_V01_P01,W054_V02_P01,addition
W054,P02,W054_V01_P02,W054_V02_P02,requirement
W054,P03,W054_V01_P03,W054_V02_P03,policy
W054,P04,W054_V01_P04,W054_V02_P04,semantic
W054,P05,W054_V01_P05,W054_V02_P05,numeric
W054,P06,W054_V01_P06,W054_V02_P06,major_semantic
W054,P07,W054_V01_P07,W054_V02_P07,reordering
W054,P08,W054_V01_P08,W054_V02_P08,date_time
W054,P09,W054_V01_P09,W054_V02_P09,deletion
W054,P10,W054_V01_P10,W054_V02_P10,addition
W054,P01,W054_V02_P01,W054_V03_P01,date_time
W054,P02,W054_V02_P02,W054_V03_P02,deletion
W054,P03,W054_V02_P03,W054_V03_P03,addition
W054,P04,W054_V02_P04,W054_V03_P04,requirement
W054,P05,W054_V02_P05,W054_V03_P05,policy
W054,P06,W054_V02_P06,W054_V03_P06,semantic
W054,P07,W054_V02_P07,W054_V03_P07,numeric
W054,P08,W054_V02_P08,W054_V03_P08,major_semantic
W054,P09,W054_V02_P09,W054_V03_P09,reordering
W054,P10,W054_V02_P10,W054_V03_P10,date_time
W054,P01,W054_V03_P01,W054_V04_P01,major_semantic
W054,P02,W054_V03_P02,W054_V04_P02,reordering
W054,P03,W054_V03_P03,W054_V04_P03,date_time
W054,P04,W054_V03_P04,W054_V04_P04,deletion
W054,P05,W054_V03_P05,W054_V04_P05,addition
W054,P06,W054_V03_P06,W054_V04_P06,requirement
W054,P07,W054_V03_P07,W054_V04_P07,policy
W054,P08,W054_V03_P08,W054_V04_P08,semantic
W054,P09,W054_V03_P09,W054_V04_P09,numeric
W054,P10,W054_V03_P10,W054_V04_P10,major_semantic
W054,P01,W054_V04_P01,W054_V05_P01,semantic
W054,P02,W054_V04_P02,W054_V05_P02,numeric
W054,P03,W054_V04_P03,W054_V05_P03,major_semantic
W054,P04,W054_V04_P04,W054_V05_P04,reordering
W054,P05,W054_V04_P05,W054_V05_P05,date_time
W054,P06,W054_V04_P06,W054_V05_P06,deletion
W054,P07,W054_V04_P07,W054_V05_P07,addition
W054,P08,W054_V04_P08,W054_V05_P08,requirement
W054,P09,W054_V04_P09,W054_V05_P09,policy
W054,P10,W054_V04_P10,W054_V05_P10,semantic
W054,P01,W054_V05_P01,W054_V06_P01,requirement
W054,P02,W054_V05_P02,W054_V06_P02,policy
W054,P03,W054_V05_P03,W054_V06_P03,semantic
W054,P04,W054_V05_P04,W054_V06_P04,numeric
W054,P05,W054_V05_P05,W054_V06_P05,major_semantic
W054,P06,W054_V05_P06,W054_V06_P06,reordering
W054,P07,W054_V05_P07,W054_V06_P07,date_time
W054,P08,W054_V05_P08,W054_V06_P08,deletion
W054,P09,W054_V05_P09,W054_V06_P09,addition
W054,P10,W054_V05_P10,W054_V06_P10,requirement
W054,P01,W054_V06_P01,W054_V07_P01,deletion
W054,P02,W054_V06_P02,W054_V07_P02,addition
W054,P03,W054_V06_P03,W054_V07_P03,requirement
W054,P04,W054_V06_P04,W054_V07_P04,policy
W054,P05,W054_V06_P05,W054_V07_P05,semantic
W054,P06,W054_V06_P06,W054_V07_P06,numeric
W054,P07,W054_V06_P07,W054_V07_P07,major_semantic
W054,P08,W054_V06_P08,W054_V07_P08,reordering
W054,P09,W054_V06_P09,W054_V07_P09,date_time
W054,P10,W054_V06_P10,W054_V07_P10,deletion
W054,P01,W054_V07_P01,W054_V08_P01,reordering
W054,P02,W054_V07_P02,W054_V08_P02,date_time
W054,P03,W054_V07_P03,W054_V08_P03,deletion
W054,P04,W054_V07_P04,W054_V08_P04,addition
W054,P05,W054_V07_P05,W054_V08_P05,requirement
W054,P06,W054_V07_P06,W054_V08_P06,policy
W054,P07,W054_V07_P07,W054_V08_P07,semantic
W054,P08,W054_V07_P08,W054_V08_P08,numeric
W054,P09,W054_V07_P09,W054_V08_P09,major_semantic
W054,P10,W054_V07_P10,W054_V08_P10,reordering
W054,P01,W054_V08_P01,W054_V09_P01,numeric
W054,P02,W054_V08_P02,W054_V09_P02,major_semantic
W054,P03,W054_V08_P03,W054_V09_P03,reordering
W054,P04,W054_V08_P04,W054_V09_P04,date_time
W054,P05,W054_V08_P05,W054_V09_P05,deletion
W054,P06,W054_V08_P06,W054_V09_P06,addition
W054,P07,W054_V08_P07,W054_V09_P07,requirement
W054,P08,W054_V08_P08,W054_V09_P08,policy
W054,P09,W054_V08_P09,W054_V09_P09,semantic
W054,P10,W054_V08_P10,W054_V09_P10,numeric
W054,P01,W054_V09_P01,W054_V10_P01,policy
W054,P02,W054_V09_P02,W054_V10_P02,semantic
W054,P03,W054_V09_P03,W054_V10_P03,numeric
W054,P04,W054_V09_P04,W054_V10_P04,major_semantic
W054,P05,W054_V09_P05,W054_V10_P05,reordering
W054,P06,W054_V09_P06,W054_V10_P06,date_time
W054,P07,W054_V09_P07,W054_V10_P07,deletion
W054,P08,W054_V09_P08,W054_V10_P08,addition
W054,P09,W054_V09_P09,W054_V10_P09,requirement
W054,P10,W054_V09_P10,W054_V10_P10,policy
W055,P01,W055_V01_P01,W055_V02_P01,requirement
W055,P02,W055_V01_P02,W055_V02_P02,policy
W055,P03,W055_V01_P03,W055_V02_P03,semantic
W055,P04,W055_V01_P04,W055_V02_P04,numeric
W055,P05,W055_V01_P05,W055_V02_P05,major_semantic
W055,P06,W055_V01_P06,W055_V02_P06,reordering
W055,P07,W055_V01_P07,W055_V02_P07,date_time
W055,P08,W055_V01_P08,W055_V02_P08,deletion
W055,P09,W055_V01_P09,W055_V02_P09,addition
W055,P10,W055_V01_P10,W055_V02_P10,requirement
W055,P01,W055_V02_P01,W055_V03_P01,deletion
W055,P02,W055_V02_P02,W055_V03_P02,addition
W055,P03,W055_V02_P03,W055_V03_P03,requirement
W055,P04,W055_V02_P04,W055_V03_P04,policy
W055,P05,W055_V02_P05,W055_V03_P05,semantic
W055,P06,W055_V02_P06,W055_V03_P06,numeric
W055,P07,W055_V02_P07,W055_V03_P07,major_semantic
W055,P08,W055_V02_P08,W055_V03_P08,reordering
W055,P09,W055_V02_P09,W055_V03_P09,date_time
W055,P10,W055_V02_P10,W055_V03_P10,deletion
W055,P01,W055_V03_P01,W055_V04_P01,reordering
W055,P02,W055_V03_P02,W055_V04_P02,date_time
W055,P03,W055_V03_P03,W055_V04_P03,deletion
W055,P04,W055_V03_P04,W055_V04_P04,addition
W055,P05,W055_V03_P05,W055_V04_P05,requirement
W055,P06,W055_V03_P06,W055_V04_P06,policy
W055,P07,W055_V03_P07,W055_V04_P07,semantic
W055,P08,W055_V03_P08,W055_V04_P08,numeric
W055,P09,W055_V03_P09,W055_V04_P09,major_semantic
W055,P10,W055_V03_P10,W055_V04_P10,reordering
W055,P01,W055_V04_P01,W055_V05_P01,numeric
W055,P02,W055_V04_P02,W055_V05_P02,major_semantic
W055,P03,W055_V04_P03,W055_V05_P03,reordering
W055,P04,W055_V04_P04,W055_V05_P04,date_time
W055,P05,W055_V04_P05,W055_V05_P05,deletion
W055,P06,W055_V04_P06,W055_V05_P06,addition
W055,P07,W055_V04_P07,W055_V05_P07,requirement
W055,P08,W055_V04_P08,W055_V05_P08,policy
W055,P09,W055_V04_P09,W055_V05_P09,semantic
W055,P10,W055_V04_P10,W055_V05_P10,numeric
W055,P01,W055_V05_P01,W055_V06_P01,policy
W055,P02,W055_V05_P02,W055_V06_P02,semantic
W055,P03,W055_V05_P03,W055_V06_P03,numeric
W055,P04,W055_V05_P04,W055_V06_P04,major_semantic
W055,P05,W055_V05_P05,W055_V06_P05,reordering
W055,P06,W055_V05_P06,W055_V06_P06,date_time
W055,P07,W055_V05_P07,W055_V06_P07,deletion
W055,P08,W055_V05_P08,W055_V06_P08,addition
W055,P09,W055_V05_P09,W055_V06_P09,requirement
W055,P10,W055_V05_P10,W055_V06_P10,policy
W055,P01,W055_V06_P01,W055_V07_P01,addition
W055,P02,W055_V06_P02,W055_V07_P02,requirement
W055,P03,W055_V06_P03,W055_V07_P03,policy
W055,P04,W055_V06_P04,W055_V07_P04,semantic
W055,P05,W055_V06_P05,W055_V07_P05,numeric
W055,P06,W055_V06_P06,W055_V07_P06,major_semantic
W055,P07,W055_V06_P07,W055_V07_P07,reordering
W055,P08,W055_V06_P08,W055_V07_P08,date_time
W055,P09,W055_V06_P09,W055_V07_P09,deletion
W055,P10,W055_V06_P10,W055_V07_P10,addition
W055,P01,W055_V07_P01,W055_V08_P01,date_time
W055,P02,W055_V07_P02,W055_V08_P02,deletion
W055,P03,W055_V07_P03,W055_V08_P03,addition
W055,P04,W055_V07_P04,W055_V08_P04,requirement
W055,P05,W055_V07_P05,W055_V08_P05,policy
W055,P06,W055_V07_P06,W055_V08_P06,semantic
W055,P07,W055_V07_P07,W055_V08_P07,numeric
W055,P08,W055_V07_P08,W055_V08_P08,major_semantic
W055,P09,W055_V07_P09,W055_V08_P09,reordering
W055,P10,W055_V07_P10,W055_V08_P10,date_time
W055,P01,W055_V08_P01,W055_V09_P01,major_semantic
W055,P02,W055_V08_P02,W055_V09_P02,reordering
W055,P03,W055_V08_P03,W055_V09_P03,date_time
W055,P04,W055_V08_P04,W055_V09_P04,deletion
W055,P05,W055_V08_P05,W055_V09_P05,addition
W055,P06,W055_V08_P06,W055_V09_P06,requirement
W055,P07,W055_V08_P07,W055_V09_P07,policy
W055,P08,W055_V08_P08,W055_V09_P08,semantic
W055,P09,W055_V08_P09,W055_V09_P09,numeric
W055,P10,W055_V08_P10,W055_V09_P10,major_semantic
W055,P01,W055_V09_P01,W055_V10_P01,semantic
W055,P02,W055_V09_P02,W055_V10_P02,numeric
W055,P03,W055_V09_P03,W055_V10_P03,major_semantic
W055,P04,W055_V09_P04,W055_V10_P04,reordering
W055,P05,W055_V09_P05,W055_V10_P05,date_time
W055,P06,W055_V09_P06,W055_V10_P06,deletion
W055,P07,W055_V09_P07,W055_V10_P07,addition
W055,P08,W055_V09_P08,W055_V10_P08,requirement
W055,P09,W055_V09_P09,W055_V10_P09,policy
W055,P10,W055_V09_P10,W055_V10_P10,semantic
W056,P01,W056_V01_P01,W056_V02_P01,policy
W056,P02,W056_V01_P02,W056_V02_P02,semantic
W056,P03,W056_V01_P03,W056_V02_P03,numeric
W056,P04,W056_V01_P04,W056_V02_P04,major_semantic
W056,P05,W056_V01_P05,W056_V02_P05,reordering
W056,P06,W056_V01_P06,W056_V02_P06,date_time
W056,P07,W056_V01_P07,W056_V02_P07,deletion
W056,P08,W056_V01_P08,W056_V02_P08,addition
W056,P09,W056_V01_P09,W056_V02_P09,requirement
W056,P10,W056_V01_P10,W056_V02_P10,policy
W056,P01,W056_V02_P01,W056_V03_P01,addition
W056,P02,W056_V02_P02,W056_V03_P02,requirement
W056,P03,W056_V02_P03,W056_V03_P03,policy
W056,P04,W056_V02_P04,W056_V03_P04,semantic
W056,P05,W056_V02_P05,W056_V03_P05,numeric
W056,P06,W056_V02_P06,W056_V03_P06,major_semantic
W056,P07,W056_V02_P07,W056_V03_P07,reordering
W056,P08,W056_V02_P08,W056_V03_P08,date_time
W056,P09,W056_V02_P09,W056_V03_P09,deletion
W056,P10,W056_V02_P10,W056_V03_P10,addition
W056,P01,W056_V03_P01,W056_V04_P01,date_time
W056,P02,W056_V03_P02,W056_V04_P02,deletion
W056,P03,W056_V03_P03,W056_V04_P03,addition
W056,P04,W056_V03_P04,W056_V04_P04,requirement
W056,P05,W056_V03_P05,W056_V04_P05,policy
W056,P06,W056_V03_P06,W056_V04_P06,semantic
W056,P07,W056_V03_P07,W056_V04_P07,numeric
W056,P08,W056_V03_P08,W056_V04_P08,major_semantic
W056,P09,W056_V03_P09,W056_V04_P09,reordering
W056,P10,W056_V03_P10,W056_V04_P10,date_time
W056,P01,W056_V04_P01,W056_V05_P01,major_semantic
W056,P02,W056_V04_P02,W056_V05_P02,reordering
W056,P03,W056_V04_P03,W056_V05_P03,date_time
W056,P04,W056_V04_P04,W056_V05_P04,deletion
W056,P05,W056_V04_P05,W056_V05_P05,addition
W056,P06,W056_V04_P06,W056_V05_P06,requirement
W056,P07,W056_V04_P07,W056_V05_P07,policy
W056,P08,W056_V04_P08,W056_V05_P08,semantic
W056,P09,W056_V04_P09,W056_V05_P09,numeric
W056,P10,W056_V04_P10,W056_V05_P10,major_semantic
W056,P01,W056_V05_P01,W056_V06_P01,semantic
W056,P02,W056_V05_P02,W056_V06_P02,numeric
W056,P03,W056_V05_P03,W056_V06_P03,major_semantic
W056,P04,W056_V05_P04,W056_V06_P04,reordering
W056,P05,W056_V05_P05,W056_V06_P05,date_time
W056,P06,W056_V05_P06,W056_V06_P06,deletion
W056,P07,W056_V05_P07,W056_V06_P07,addition
W056,P08,W056_V05_P08,W056_V06_P08,requirement
W056,P09,W056_V05_P09,W056_V06_P09,policy
W056,P10,W056_V05_P10,W056_V06_P10,semantic
W056,P01,W056_V06_P01,W056_V07_P01,requirement
W056,P02,W056_V06_P02,W056_V07_P02,policy
W056,P03,W056_V06_P03,W056_V07_P03,semantic
W056,P04,W056_V06_P04,W056_V07_P04,numeric
W056,P05,W056_V06_P05,W056_V07_P05,major_semantic
W056,P06,W056_V06_P06,W056_V07_P06,reordering
W056,P07,W056_V06_P07,W056_V07_P07,date_time
W056,P08,W056_V06_P08,W056_V07_P08,deletion
W056,P09,W056_V06_P09,W056_V07_P09,addition
W056,P10,W056_V06_P10,W056_V07_P10,requirement
W056,P01,W056_V07_P01,W056_V08_P01,deletion
W056,P02,W056_V07_P02,W056_V08_P02,addition
W056,P03,W056_V07_P03,W056_V08_P03,requirement
W056,P04,W056_V07_P04,W056_V08_P04,policy
W056,P05,W056_V07_P05,W056_V08_P05,semantic
W056,P06,W056_V07_P06,W056_V08_P06,numeric
W056,P07,W056_V07_P07,W056_V08_P07,major_semantic
W056,P08,W056_V07_P08,W056_V08_P08,reordering
W056,P09,W056_V07_P09,W056_V08_P09,date_time
W056,P10,W056_V07_P10,W056_V08_P10,deletion
W056,P01,W056_V08_P01,W056_V09_P01,reordering
W056,P02,W056_V08_P02,W056_V09_P02,date_time
W056,P03,W056_V08_P03,W056_V09_P03,deletion
W056,P04,W056_V08_P04,W056_V09_P04,addition
W056,P05,W056_V08_P05,W056_V09_P05,requirement
W056,P06,W056_V08_P06,W056_V09_P06,policy
W056,P07,W056_V08_P07,W056_V09_P07,semantic
W056,P08,W056_V08_P08,W056_V09_P08,numeric
W056,P09,W056_V08_P09,W056_V09_P09,major_semantic
W056,P10,W056_V08_P10,W056_V09_P10,reordering
W056,P01,W056_V09_P01,W056_V10_P01,numeric
W056,P02,W056_V09_P02,W056_V10_P02,major_semantic
W056,P03,W056_V09_P03,W056_V10_P03,reordering
W056,P04,W056_V09_P04,W056_V10_P04,date_time
W056,P05,W056_V09_P05,W056_V10_P05,deletion
W056,P06,W056_V09_P06,W056_V10_P06,addition
W056,P07,W056_V09_P07,W056_V10_P07,requirement
W056,P08,W056_V09_P08,W056_V10_P08,policy
W056,P09,W056_V09_P09,W056_V10_P09,semantic
W056,P10,W056_V09_P10,W056_V10_P10,numeric
W057,P01,W057_V01_P01,W057_V02_P01,semantic
W057,P02,W057_V01_P02,W057_V02_P02,numeric
W057,P03,W057_V01_P03,W057_V02_P03,major_semantic
W057,P04,W057_V01_P04,W057_V02_P04,reordering
W057,P05,W057_V01_P05,W057_V02_P05,date_time
W057,P06,W057_V01_P06,W057_V02_P06,deletion
W057,P07,W057_V01_P07,W057_V02_P07,addition
W057,P08,W057_V01_P08,W057_V02_P08,requirement
W057,P09,W057_V01_P09,W057_V02_P09,policy
W057,P10,W057_V01_P10,W057_V02_P10,semantic
W057,P01,W057_V02_P01,W057_V03_P01,requirement
W057,P02,W057_V02_P02,W057_V03_P02,policy
W057,P03,W057_V02_P03,W057_V03_P03,semantic
W057,P04,W057_V02_P04,W057_V03_P04,numeric
W057,P05,W057_V02_P05,W057_V03_P05,major_semantic
W057,P06,W057_V02_P06,W057_V03_P06,reordering
W057,P07,W057_V02_P07,W057_V03_P07,date_time
W057,P08,W057_V02_P08,W057_V03_P08,deletion
W057,P09,W057_V02_P09,W057_V03_P09,addition
W057,P10,W057_V02_P10,W057_V03_P10,requirement
W057,P01,W057_V03_P01,W057_V04_P01,deletion
W057,P02,W057_V03_P02,W057_V04_P02,addition
W057,P03,W057_V03_P03,W057_V04_P03,requirement
W057,P04,W057_V03_P04,W057_V04_P04,policy
W057,P05,W057_V03_P05,W057_V04_P05,semantic
W057,P06,W057_V03_P06,W057_V04_P06,numeric
W057,P07,W057_V03_P07,W057_V04_P07,major_semantic
W057,P08,W057_V03_P08,W057_V04_P08,reordering
W057,P09,W057_V03_P09,W057_V04_P09,date_time
W057,P10,W057_V03_P10,W057_V04_P10,deletion
W057,P01,W057_V04_P01,W057_V05_P01,reordering
W057,P02,W057_V04_P02,W057_V05_P02,date_time
W057,P03,W057_V04_P03,W057_V05_P03,deletion
W057,P04,W057_V04_P04,W057_V05_P04,addition
W057,P05,W057_V04_P05,W057_V05_P05,requirement
W057,P06,W057_V04_P06,W057_V05_P06,policy
W057,P07,W057_V04_P07,W057_V05_P07,semantic
W057,P08,W057_V04_P08,W057_V05_P08,numeric
W057,P09,W057_V04_P09,W057_V05_P09,major_semantic
W057,P10,W057_V04_P10,W057_V05_P10,reordering
W057,P01,W057_V05_P01,W057_V06_P01,numeric
W057,P02,W057_V05_P02,W057_V06_P02,major_semantic
W057,P03,W057_V05_P03,W057_V06_P03,reordering
W057,P04,W057_V05_P04,W057_V06_P04,date_time
W057,P05,W057_V05_P05,W057_V06_P05,deletion
W057,P06,W057_V05_P06,W057_V06_P06,addition
W057,P07,W057_V05_P07,W057_V06_P07,requirement
W057,P08,W057_V05_P08,W057_V06_P08,policy
W057,P09,W057_V05_P09,W057_V06_P09,semantic
W057,P10,W057_V05_P10,W057_V06_P10,numeric
W057,P01,W057_V06_P01,W057_V07_P01,policy
W057,P02,W057_V06_P02,W057_V07_P02,semantic
W057,P03,W057_V06_P03,W057_V07_P03,numeric
W057,P04,W057_V06_P04,W057_V07_P04,major_semantic
W057,P05,W057_V06_P05,W057_V07_P05,reordering
W057,P06,W057_V06_P06,W057_V07_P06,date_time
W057,P07,W057_V06_P07,W057_V07_P07,deletion
W057,P08,W057_V06_P08,W057_V07_P08,addition
W057,P09,W057_V06_P09,W057_V07_P09,requirement
W057,P10,W057_V06_P10,W057_V07_P10,policy
W057,P01,W057_V07_P01,W057_V08_P01,addition
W057,P02,W057_V07_P02,W057_V08_P02,requirement
W057,P03,W057_V07_P03,W057_V08_P03,policy
W057,P04,W057_V07_P04,W057_V08_P04,semantic
W057,P05,W057_V07_P05,W057_V08_P05,numeric
W057,P06,W057_V07_P06,W057_V08_P06,major_semantic
W057,P07,W057_V07_P07,W057_V08_P07,reordering
W057,P08,W057_V07_P08,W057_V08_P08,date_time
W057,P09,W057_V07_P09,W057_V08_P09,deletion
W057,P10,W057_V07_P10,W057_V08_P10,addition
W057,P01,W057_V08_P01,W057_V09_P01,date_time
W057,P02,W057_V08_P02,W057_V09_P02,deletion
W057,P03,W057_V08_P03,W057_V09_P03,addition
W057,P04,W057_V08_P04,W057_V09_P04,requirement
W057,P05,W057_V08_P05,W057_V09_P05,policy
W057,P06,W057_V08_P06,W057_V09_P06,semantic
W057,P07,W057_V08_P07,W057_V09_P07,numeric
W057,P08,W057_V08_P08,W057_V09_P08,major_semantic
W057,P09,W057_V08_P09,W057_V09_P09,reordering
W057,P10,W057_V08_P10,W057_V09_P10,date_time
W057,P01,W057_V09_P01,W057_V10_P01,major_semantic
W057,P02,W057_V09_P02,W057_V10_P02,reordering
W057,P03,W057_V09_P03,W057_V10_P03,date_time
W057,P04,W057_V09_P04,W057_V10_P04,deletion
W057,P05,W057_V09_P05,W057_V10_P05,addition
W057,P06,W057_V09_P06,W057_V10_P06,requirement
W057,P07,W057_V09_P07,W057_V10_P07,policy
W057,P08,W057_V09_P08,W057_V10_P08,semantic
W057,P09,W057_V09_P09,W057_V10_P09,numeric
W057,P10,W057_V09_P10,W057_V10_P10,major_semantic
W058,P01,W058_V01_P01,W058_V02_P01,numeric
W058,P02,W058_V01_P02,W058_V02_P02,major_semantic
W058,P03,W058_V01_P03,W058_V02_P03,reordering
W058,P04,W058_V01_P04,W058_V02_P04,date_time
W058,P05,W058_V01_P05,W058_V02_P05,deletion
W058,P06,W058_V01_P06,W058_V02_P06,addition
W058,P07,W058_V01_P07,W058_V02_P07,requirement
W058,P08,W058_V01_P08,W058_V02_P08,policy
W058,P09,W058_V01_P09,W058_V02_P09,semantic
W058,P10,W058_V01_P10,W058_V02_P10,numeric
W058,P01,W058_V02_P01,W058_V03_P01,policy
W058,P02,W058_V02_P02,W058_V03_P02,semantic
W058,P03,W058_V02_P03,W058_V03_P03,numeric
W058,P04,W058_V02_P04,W058_V03_P04,major_semantic
W058,P05,W058_V02_P05,W058_V03_P05,reordering
W058,P06,W058_V02_P06,W058_V03_P06,date_time
W058,P07,W058_V02_P07,W058_V03_P07,deletion
W058,P08,W058_V02_P08,W058_V03_P08,addition
W058,P09,W058_V02_P09,W058_V03_P09,requirement
W058,P10,W058_V02_P10,W058_V03_P10,policy
W058,P01,W058_V03_P01,W058_V04_P01,addition
W058,P02,W058_V03_P02,W058_V04_P02,requirement
W058,P03,W058_V03_P03,W058_V04_P03,policy
W058,P04,W058_V03_P04,W058_V04_P04,semantic
W058,P05,W058_V03_P05,W058_V04_P05,numeric
W058,P06,W058_V03_P06,W058_V04_P06,major_semantic
W058,P07,W058_V03_P07,W058_V04_P07,reordering
W058,P08,W058_V03_P08,W058_V04_P08,date_time
W058,P09,W058_V03_P09,W058_V04_P09,deletion
W058,P10,W058_V03_P10,W058_V04_P10,addition
W058,P01,W058_V04_P01,W058_V05_P01,date_time
W058,P02,W058_V04_P02,W058_V05_P02,deletion
W058,P03,W058_V04_P03,W058_V05_P03,addition
W058,P04,W058_V04_P04,W058_V05_P04,requirement
W058,P05,W058_V04_P05,W058_V05_P05,policy
W058,P06,W058_V04_P06,W058_V05_P06,semantic
W058,P07,W058_V04_P07,W058_V05_P07,numeric
W058,P08,W058_V04_P08,W058_V05_P08,major_semantic
W058,P09,W058_V04_P09,W058_V05_P09,reordering
W058,P10,W058_V04_P10,W058_V05_P10,date_time
W058,P01,W058_V05_P01,W058_V06_P01,major_semantic
W058,P02,W058_V05_P02,W058_V06_P02,reordering
W058,P03,W058_V05_P03,W058_V06_P03,date_time
W058,P04,W058_V05_P04,W058_V06_P04,deletion
W058,P05,W058_V05_P05,W058_V06_P05,addition
W058,P06,W058_V05_P06,W058_V06_P06,requirement
W058,P07,W058_V05_P07,W058_V06_P07,policy
W058,P08,W058_V05_P08,W058_V06_P08,semantic
W058,P09,W058_V05_P09,W058_V06_P09,numeric
W058,P10,W058_V05_P10,W058_V06_P10,major_semantic
W058,P01,W058_V06_P01,W058_V07_P01,semantic
W058,P02,W058_V06_P02,W058_V07_P02,numeric
W058,P03,W058_V06_P03,W058_V07_P03,major_semantic
W058,P04,W058_V06_P04,W058_V07_P04,reordering
W058,P05,W058_V06_P05,W058_V07_P05,date_time
W058,P06,W058_V06_P06,W058_V07_P06,deletion
W058,P07,W058_V06_P07,W058_V07_P07,addition
W058,P08,W058_V06_P08,W058_V07_P08,requirement
W058,P09,W058_V06_P09,W058_V07_P09,policy
W058,P10,W058_V06_P10,W058_V07_P10,semantic
W058,P01,W058_V07_P01,W058_V08_P01,requirement
W058,P02,W058_V07_P02,W058_V08_P02,policy
W058,P03,W058_V07_P03,W058_V08_P03,semantic
W058,P04,W058_V07_P04,W058_V08_P04,numeric
W058,P05,W058_V07_P05,W058_V08_P05,major_semantic
W058,P06,W058_V07_P06,W058_V08_P06,reordering
W058,P07,W058_V07_P07,W058_V08_P07,date_time
W058,P08,W058_V07_P08,W058_V08_P08,deletion
W058,P09,W058_V07_P09,W058_V08_P09,addition
W058,P10,W058_V07_P10,W058_V08_P10,requirement
W058,P01,W058_V08_P01,W058_V09_P01,deletion
W058,P02,W058_V08_P02,W058_V09_P02,addition
W058,P03,W058_V08_P03,W058_V09_P03,requirement
W058,P04,W058_V08_P04,W058_V09_P04,policy
W058,P05,W058_V08_P05,W058_V09_P05,semantic
W058,P06,W058_V08_P06,W058_V09_P06,numeric
W058,P07,W058_V08_P07,W058_V09_P07,major_semantic
W058,P08,W058_V08_P08,W058_V09_P08,reordering
W058,P09,W058_V08_P09,W058_V09_P09,date_time
W058,P10,W058_V08_P10,W058_V09_P10,deletion
W058,P01,W058_V09_P01,W058_V10_P01,reordering
W058,P02,W058_V09_P02,W058_V10_P02,date_time
W058,P03,W058_V09_P03,W058_V10_P03,deletion
W058,P04,W058_V09_P04,W058_V10_P04,addition
W058,P05,W058_V09_P05,W058_V10_P05,requirement
W058,P06,W058_V09_P06,W058_V10_P06,policy
W058,P07,W058_V09_P07,W058_V10_P07,semantic
W058,P08,W058_V09_P08,W058_V10_P08,numeric
W058,P09,W058_V09_P09,W058_V10_P09,major_semantic
W058,P10,W058_V09_P10,W058_V10_P10,reordering
W059,P01,W059_V01_P01,W059_V02_P01,major_semantic
W059,P02,W059_V01_P02,W059_V02_P02,reordering
W059,P03,W059_V01_P03,W059_V02_P03,date_time
W059,P04,W059_V01_P04,W059_V02_P04,deletion
W059,P05,W059_V01_P05,W059_V02_P05,addition
W059,P06,W059_V01_P06,W059_V02_P06,requirement
W059,P07,W059_V01_P07,W059_V02_P07,policy
W059,P08,W059_V01_P08,W059_V02_P08,semantic
W059,P09,W059_V01_P09,W059_V02_P09,numeric
W059,P10,W059_V01_P10,W059_V02_P10,major_semantic
W059,P01,W059_V02_P01,W059_V03_P01,semantic
W059,P02,W059_V02_P02,W059_V03_P02,numeric
W059,P03,W059_V02_P03,W059_V03_P03,major_semantic
W059,P04,W059_V02_P04,W059_V03_P04,reordering
W059,P05,W059_V02_P05,W059_V03_P05,date_time
W059,P06,W059_V02_P06,W059_V03_P06,deletion
W059,P07,W059_V02_P07,W059_V03_P07,addition
W059,P08,W059_V02_P08,W059_V03_P08,requirement
W059,P09,W059_V02_P09,W059_V03_P09,policy
W059,P10,W059_V02_P10,W059_V03_P10,semantic
W059,P01,W059_V03_P01,W059_V04_P01,requirement
W059,P02,W059_V03_P02,W059_V04_P02,policy
W059,P03,W059_V03_P03,W059_V04_P03,semantic
W059,P04,W059_V03_P04,W059_V04_P04,numeric
W059,P05,W059_V03_P05,W059_V04_P05,major_semantic
W059,P06,W059_V03_P06,W059_V04_P06,reordering
W059,P07,W059_V03_P07,W059_V04_P07,date_time
W059,P08,W059_V03_P08,W059_V04_P08,deletion
W059,P09,W059_V03_P09,W059_V04_P09,addition
W059,P10,W059_V03_P10,W059_V04_P10,requirement
W059,P01,W059_V04_P01,W059_V05_P01,deletion
W059,P02,W059_V04_P02,W059_V05_P02,addition
W059,P03,W059_V04_P03,W059_V05_P03,requirement
W059,P04,W059_V04_P04,W059_V05_P04,policy
W059,P05,W059_V04_P05,W059_V05_P05,semantic
W059,P06,W059_V04_P06,W059_V05_P06,numeric
W059,P07,W059_V04_P07,W059_V05_P07,major_semantic
W059,P08,W059_V04_P08,W059_V05_P08,reordering
W059,P09,W059_V04_P09,W059_V05_P09,date_time
W059,P10,W059_V04_P10,W059_V05_P10,deletion
W059,P01,W059_V05_P01,W059_V06_P01,reordering
W059,P02,W059_V05_P02,W059_V06_P02,date_time
W059,P03,W059_V05_P03,W059_V06_P03,deletion
W059,P04,W059_V05_P04,W059_V06_P04,addition
W059,P05,W059_V05_P05,W059_V06_P05,requirement
W059,P06,W059_V05_P06,W059_V06_P06,policy
W059,P07,W059_V05_P07,W059_V06_P07,semantic
W059,P08,W059_V05_P08,W059_V06_P08,numeric
W059,P09,W059_V05_P09,W059_V06_P09,major_semantic
W059,P10,W059_V05_P10,W059_V06_P10,reordering
W059,P01,W059_V06_P01,W059_V07_P01,numeric
W059,P02,W059_V06_P02,W059_V07_P02,major_semantic
W059,P03,W059_V06_P03,W059_V07_P03,reordering
W059,P04,W059_V06_P04,W059_V07_P04,date_time
W059,P05,W059_V06_P05,W059_V07_P05,deletion
W059,P06,W059_V06_P06,W059_V07_P06,addition
W059,P07,W059_V06_P07,W059_V07_P07,requirement
W059,P08,W059_V06_P08,W059_V07_P08,policy
W059,P09,W059_V06_P09,W059_V07_P09,semantic
W059,P10,W059_V06_P10,W059_V07_P10,numeric
W059,P01,W059_V07_P01,W059_V08_P01,policy
W059,P02,W059_V07_P02,W059_V08_P02,semantic
W059,P03,W059_V07_P03,W059_V08_P03,numeric
W059,P04,W059_V07_P04,W059_V08_P04,major_semantic
W059,P05,W059_V07_P05,W059_V08_P05,reordering
W059,P06,W059_V07_P06,W059_V08_P06,date_time
W059,P07,W059_V07_P07,W059_V08_P07,deletion
W059,P08,W059_V07_P08,W059_V08_P08,addition
W059,P09,W059_V07_P09,W059_V08_P09,requirement
W059,P10,W059_V07_P10,W059_V08_P10,policy
W059,P01,W059_V08_P01,W059_V09_P01,addition
W059,P02,W059_V08_P02,W059_V09_P02,requirement
W059,P03,W059_V08_P03,W059_V09_P03,policy
W059,P04,W059_V08_P04,W059_V09_P04,semantic
W059,P05,W059_V08_P05,W059_V09_P05,numeric
W059,P06,W059_V08_P06,W059_V09_P06,major_semantic
W059,P07,W059_V08_P07,W059_V09_P07,reordering
W059,P08,W059_V08_P08,W059_V09_P08,date_time
W059,P09,W059_V08_P09,W059_V09_P09,deletion
W059,P10,W059_V08_P10,W059_V09_P10,addition
W059,P01,W059_V09_P01,W059_V10_P01,date_time
W059,P02,W059_V09_P02,W059_V10_P02,deletion
W059,P03,W059_V09_P03,W059_V10_P03,addition
W059,P04,W059_V09_P04,W059_V10_P04,requirement
W059,P05,W059_V09_P05,W059_V10_P05,policy
W059,P06,W059_V09_P06,W059_V10_P06,semantic
W059,P07,W059_V09_P07,W059_V10_P07,numeric
W059,P08,W059_V09_P08,W059_V10_P08,major_semantic
W059,P09,W059_V09_P09,W059_V10_P09,reordering
W059,P10,W059_V09_P10,W059_V10_P10,date_time
W060,P01,W060_V01_P01,W060_V02_P01,reordering
W060,P02,W060_V01_P02,W060_V02_P02,date_time
W060,P03,W060_V01_P03,W060_V02_P03,deletion
W060,P04,W060_V01_P04,W060_V02_P04,addition
W060,P05,W060_V01_P05,W060_V02_P05,requirement
W060,P06,W060_V01_P06,W060_V02_P06,policy
W060,P07,W060_V01_P07,W060_V02_P07,semantic
W060,P08,W060_V01_P08,W060_V02_P08,numeric
W060,P09,W060_V01_P09,W060_V02_P09,major_semantic
W060,P10,W060_V01_P10,W060_V02_P10,reordering
W060,P01,W060_V02_P01,W060_V03_P01,numeric
W060,P02,W060_V02_P02,W060_V03_P02,major_semantic
W060,P03,W060_V02_P03,W060_V03_P03,reordering
W060,P04,W060_V02_P04,W060_V03_P04,date_time
W060,P05,W060_V02_P05,W060_V03_P05,deletion
W060,P06,W060_V02_P06,W060_V03_P06,addition
W060,P07,W060_V02_P07,W060_V03_P07,requirement
W060,P08,W060_V02_P08,W060_V03_P08,policy
W060,P09,W060_V02_P09,W060_V03_P09,semantic
W060,P10,W060_V02_P10,W060_V03_P10,numeric
W060,P01,W060_V03_P01,W060_V04_P01,policy
W060,P02,W060_V03_P02,W060_V04_P02,semantic
W060,P03,W060_V03_P03,W060_V04_P03,numeric
W060,P04,W060_V03_P04,W060_V04_P04,major_semantic
W060,P05,W060_V03_P05,W060_V04_P05,reordering
W060,P06,W060_V03_P06,W060_V04_P06,date_time
W060,P07,W060_V03_P07,W060_V04_P07,deletion
W060,P08,W060_V03_P08,W060_V04_P08,addition
W060,P09,W060_V03_P09,W060_V04_P09,requirement
W060,P10,W060_V03_P10,W060_V04_P10,policy
W060,P01,W060_V04_P01,W060_V05_P01,addition
W060,P02,W060_V04_P02,W060_V05_P02,requirement
W060,P03,W060_V04_P03,W060_V05_P03,policy
W060,P04,W060_V04_P04,W060_V05_P04,semantic
W060,P05,W060_V04_P05,W060_V05_P05,numeric
W060,P06,W060_V04_P06,W060_V05_P06,major_semantic
W060,P07,W060_V04_P07,W060_V05_P07,reordering
W060,P08,W060_V04_P08,W060_V05_P08,date_time
W060,P09,W060_V04_P09,W060_V05_P09,deletion
W060,P10,W060_V04_P10,W060_V05_P10,addition
W060,P01,W060_V05_P01,W060_V06_P01,date_time
W060,P02,W060_V05_P02,W060_V06_P02,deletion
W060,P03,W060_V05_P03,W060_V06_P03,addition
W060,P04,W060_V05_P04,W060_V06_P04,requirement
W060,P05,W060_V05_P05,W060_V06_P05,policy
W060,P06,W060_V05_P06,W060_V06_P06,semantic
W060,P07,W060_V05_P07,W060_V06_P07,numeric
W060,P08,W060_V05_P08,W060_V06_P08,major_semantic
W060,P09,W060_V05_P09,W060_V06_P09,reordering
W060,P10,W060_V05_P10,W060_V06_P10,date_time
W060,P01,W060_V06_P01,W060_V07_P01,major_semantic
W060,P02,W060_V06_P02,W060_V07_P02,reordering
W060,P03,W060_V06_P03,W060_V07_P03,date_time
W060,P04,W060_V06_P04,W060_V07_P04,deletion
W060,P05,W060_V06_P05,W060_V07_P05,addition
W060,P06,W060_V06_P06,W060_V07_P06,requirement
W060,P07,W060_V06_P07,W060_V07_P07,policy
W060,P08,W060_V06_P08,W060_V07_P08,semantic
W060,P09,W060_V06_P09,W060_V07_P09,numeric
W060,P10,W060_V06_P10,W060_V07_P10,major_semantic
W060,P01,W060_V07_P01,W060_V08_P01,semantic
W060,P02,W060_V07_P02,W060_V08_P02,numeric
W060,P03,W060_V07_P03,W060_V08_P03,major_semantic
W060,P04,W060_V07_P04,W060_V08_P04,reordering
W060,P05,W060_V07_P05,W060_V08_P05,date_time
W060,P06,W060_V07_P06,W060_V08_P06,deletion
W060,P07,W060_V07_P07,W060_V08_P07,addition
W060,P08,W060_V07_P08,W060_V08_P08,requirement
W060,P09,W060_V07_P09,W060_V08_P09,policy
W060,P10,W060_V07_P10,W060_V08_P10,semantic
W060,P01,W060_V08_P01,W060_V09_P01,requirement
W060,P02,W060_V08_P02,W060_V09_P02,policy
W060,P03,W060_V08_P03,W060_V09_P03,semantic
W060,P04,W060_V08_P04,W060_V09_P04,numeric
W060,P05,W060_V08_P05,W060_V09_P05,major_semantic
W060,P06,W060_V08_P06,W060_V09_P06,reordering
W060,P07,W060_V08_P07,W060_V09_P07,date_time
W060,P08,W060_V08_P08,W060_V09_P08,deletion
W060,P09,W060_V08_P09,W060_V09_P09,addition
W060,P10,W060_V08_P10,W060_V09_P10,requirement
W060,P01,W060_V09_P01,W060_V10_P01,deletion
W060,P02,W060_V09_P02,W060_V10_P02,addition
W060,P03,W060_V09_P03,W060_V10_P03,requirement
W060,P04,W060_V09_P04,W060_V10_P04,policy
W060,P05,W060_V09_P05,W060_V10_P05,semantic
W060,P06,W060_V09_P06,W060_V10_P06,numeric
W060,P07,W060_V09_P07,W060_V10_P07,major_semantic
W060,P08,W060_V09_P08,W060_V10_P08,reordering
W060,P09,W060_V09_P09,W060_V10_P09,date_time
W060,P10,W060_V09_P10,W060_V10_P10,deletion
W061,P01,W061_V01_P01,W061_V02_P01,date_time
W061,P02,W061_V01_P02,W061_V02_P02,deletion
W061,P03,W061_V01_P03,W061_V02_P03,addition
W061,P04,W061_V01_P04,W061_V02_P04,requirement
W061,P05,W061_V01_P05,W061_V02_P05,policy
W061,P06,W061_V01_P06,W061_V02_P06,semantic
W061,P07,W061_V01_P07,W061_V02_P07,numeric
W061,P08,W061_V01_P08,W061_V02_P08,major_semantic
W061,P09,W061_V01_P09,W061_V02_P09,reordering
W061,P10,W061_V01_P10,W061_V02_P10,date_time
W061,P01,W061_V02_P01,W061_V03_P01,major_semantic
W061,P02,W061_V02_P02,W061_V03_P02,reordering
W061,P03,W061_V02_P03,W061_V03_P03,date_time
W061,P04,W061_V02_P04,W061_V03_P04,deletion
W061,P05,W061_V02_P05,W061_V03_P05,addition
W061,P06,W061_V02_P06,W061_V03_P06,requirement
W061,P07,W061_V02_P07,W061_V03_P07,policy
W061,P08,W061_V02_P08,W061_V03_P08,semantic
W061,P09,W061_V02_P09,W061_V03_P09,numeric
W061,P10,W061_V02_P10,W061_V03_P10,major_semantic
W061,P01,W061_V03_P01,W061_V04_P01,semantic
W061,P02,W061_V03_P02,W061_V04_P02,numeric
W061,P03,W061_V03_P03,W061_V04_P03,major_semantic
W061,P04,W061_V03_P04,W061_V04_P04,reordering
W061,P05,W061_V03_P05,W061_V04_P05,date_time
W061,P06,W061_V03_P06,W061_V04_P06,deletion
W061,P07,W061_V03_P07,W061_V04_P07,addition
W061,P08,W061_V03_P08,W061_V04_P08,requirement
W061,P09,W061_V03_P09,W061_V04_P09,policy
W061,P10,W061_V03_P10,W061_V04_P10,semantic
W061,P01,W061_V04_P01,W061_V05_P01,requirement
W061,P02,W061_V04_P02,W061_V05_P02,policy
W061,P03,W061_V04_P03,W061_V05_P03,semantic
W061,P04,W061_V04_P04,W061_V05_P04,numeric
W061,P05,W061_V04_P05,W061_V05_P05,major_semantic
W061,P06,W061_V04_P06,W061_V05_P06,reordering
W061,P07,W061_V04_P07,W061_V05_P07,date_time
W061,P08,W061_V04_P08,W061_V05_P08,deletion
W061,P09,W061_V04_P09,W061_V05_P09,addition
W061,P10,W061_V04_P10,W061_V05_P10,requirement
W061,P01,W061_V05_P01,W061_V06_P01,deletion
W061,P02,W061_V05_P02,W061_V06_P02,addition
W061,P03,W061_V05_P03,W061_V06_P03,requirement
W061,P04,W061_V05_P04,W061_V06_P04,policy
W061,P05,W061_V05_P05,W061_V06_P05,semantic
W061,P06,W061_V05_P06,W061_V06_P06,numeric
W061,P07,W061_V05_P07,W061_V06_P07,major_semantic
W061,P08,W061_V05_P08,W061_V06_P08,reordering
W061,P09,W061_V05_P09,W061_V06_P09,date_time
W061,P10,W061_V05_P10,W061_V06_P10,deletion
W061,P01,W061_V06_P01,W061_V07_P01,reordering
W061,P02,W061_V06_P02,W061_V07_P02,date_time
W061,P03,W061_V06_P03,W061_V07_P03,deletion
W061,P04,W061_V06_P04,W061_V07_P04,addition
W061,P05,W061_V06_P05,W061_V07_P05,requirement
W061,P06,W061_V06_P06,W061_V07_P06,policy
W061,P07,W061_V06_P07,W061_V07_P07,semantic
W061,P08,W061_V06_P08,W061_V07_P08,numeric
W061,P09,W061_V06_P09,W061_V07_P09,major_semantic
W061,P10,W061_V06_P10,W061_V07_P10,reordering
W061,P01,W061_V07_P01,W061_V08_P01,numeric
W061,P02,W061_V07_P02,W061_V08_P02,major_semantic
W061,P03,W061_V07_P03,W061_V08_P03,reordering
W061,P04,W061_V07_P04,W061_V08_P04,date_time
W061,P05,W061_V07_P05,W061_V08_P05,deletion
W061,P06,W061_V07_P06,W061_V08_P06,addition
W061,P07,W061_V07_P07,W061_V08_P07,requirement
W061,P08,W061_V07_P08,W061_V08_P08,policy
W061,P09,W061_V07_P09,W061_V08_P09,semantic
W061,P10,W061_V07_P10,W061_V08_P10,numeric
W061,P01,W061_V08_P01,W061_V09_P01,policy
W061,P02,W061_V08_P02,W061_V09_P02,semantic
W061,P03,W061_V08_P03,W061_V09_P03,numeric
W061,P04,W061_V08_P04,W061_V09_P04,major_semantic
W061,P05,W061_V08_P05,W061_V09_P05,reordering
W061,P06,W061_V08_P06,W061_V09_P06,date_time
W061,P07,W061_V08_P07,W061_V09_P07,deletion
W061,P08,W061_V08_P08,W061_V09_P08,addition
W061,P09,W061_V08_P09,W061_V09_P09,requirement
W061,P10,W061_V08_P10,W061_V09_P10,policy
W061,P01,W061_V09_P01,W061_V10_P01,addition
W061,P02,W061_V09_P02,W061_V10_P02,requirement
W061,P03,W061_V09_P03,W061_V10_P03,policy
W061,P04,W061_V09_P04,W061_V10_P04,semantic
W061,P05,W061_V09_P05,W061_V10_P05,numeric
W061,P06,W061_V09_P06,W061_V10_P06,major_semantic
W061,P07,W061_V09_P07,W061_V10_P07,reordering
W061,P08,W061_V09_P08,W061_V10_P08,date_time
W061,P09,W061_V09_P09,W061_V10_P09,deletion
W061,P10,W061_V09_P10,W061_V10_P10,addition
W062,P01,W062_V01_P01,W062_V02_P01,deletion
W062,P02,W062_V01_P02,W062_V02_P02,addition
W062,P03,W062_V01_P03,W062_V02_P03,requirement
W062,P04,W062_V01_P04,W062_V02_P04,policy
W062,P05,W062_V01_P05,W062_V02_P05,semantic
W062,P06,W062_V01_P06,W062_V02_P06,numeric
W062,P07,W062_V01_P07,W062_V02_P07,major_semantic
W062,P08,W062_V01_P08,W062_V02_P08,reordering
W062,P09,W062_V01_P09,W062_V02_P09,date_time
W062,P10,W062_V01_P10,W062_V02_P10,deletion
W062,P01,W062_V02_P01,W062_V03_P01,reordering
W062,P02,W062_V02_P02,W062_V03_P02,date_time
W062,P03,W062_V02_P03,W062_V03_P03,deletion
W062,P04,W062_V02_P04,W062_V03_P04,addition
W062,P05,W062_V02_P05,W062_V03_P05,requirement
W062,P06,W062_V02_P06,W062_V03_P06,policy
W062,P07,W062_V02_P07,W062_V03_P07,semantic
W062,P08,W062_V02_P08,W062_V03_P08,numeric
W062,P09,W062_V02_P09,W062_V03_P09,major_semantic
W062,P10,W062_V02_P10,W062_V03_P10,reordering
W062,P01,W062_V03_P01,W062_V04_P01,numeric
W062,P02,W062_V03_P02,W062_V04_P02,major_semantic
W062,P03,W062_V03_P03,W062_V04_P03,reordering
W062,P04,W062_V03_P04,W062_V04_P04,date_time
W062,P05,W062_V03_P05,W062_V04_P05,deletion
W062,P06,W062_V03_P06,W062_V04_P06,addition
W062,P07,W062_V03_P07,W062_V04_P07,requirement
W062,P08,W062_V03_P08,W062_V04_P08,policy
W062,P09,W062_V03_P09,W062_V04_P09,semantic
W062,P10,W062_V03_P10,W062_V04_P10,numeric
W062,P01,W062_V04_P01,W062_V05_P01,policy
W062,P02,W062_V04_P02,W062_V05_P02,semantic
W062,P03,W062_V04_P03,W062_V05_P03,numeric
W062,P04,W062_V04_P04,W062_V05_P04,major_semantic
W062,P05,W062_V04_P05,W062_V05_P05,reordering
W062,P06,W062_V04_P06,W062_V05_P06,date_time
W062,P07,W062_V04_P07,W062_V05_P07,deletion
W062,P08,W062_V04_P08,W062_V05_P08,addition
W062,P09,W062_V04_P09,W062_V05_P09,requirement
W062,P10,W062_V04_P10,W062_V05_P10,policy
W062,P01,W062_V05_P01,W062_V06_P01,addition
W062,P02,W062_V05_P02,W062_V06_P02,requirement
W062,P03,W062_V05_P03,W062_V06_P03,policy
W062,P04,W062_V05_P04,W062_V06_P04,semantic
W062,P05,W062_V05_P05,W062_V06_P05,numeric
W062,P06,W062_V05_P06,W062_V06_P06,major_semantic
W062,P07,W062_V05_P07,W062_V06_P07,reordering
W062,P08,W062_V05_P08,W062_V06_P08,date_time
W062,P09,W062_V05_P09,W062_V06_P09,deletion
W062,P10,W062_V05_P10,W062_V06_P10,addition
W062,P01,W062_V06_P01,W062_V07_P01,date_time
W062,P02,W062_V06_P02,W062_V07_P02,deletion
W062,P03,W062_V06_P03,W062_V07_P03,addition
W062,P04,W062_V06_P04,W062_V07_P04,requirement
W062,P05,W062_V06_P05,W062_V07_P05,policy
W062,P06,W062_V06_P06,W062_V07_P06,semantic
W062,P07,W062_V06_P07,W062_V07_P07,numeric
W062,P08,W062_V06_P08,W062_V07_P08,major_semantic
W062,P09,W062_V06_P09,W062_V07_P09,reordering
W062,P10,W062_V06_P10,W062_V07_P10,date_time
W062,P01,W062_V07_P01,W062_V08_P01,major_semantic
W062,P02,W062_V07_P02,W062_V08_P02,reordering
W062,P03,W062_V07_P03,W062_V08_P03,date_time
W062,P04,W062_V07_P04,W062_V08_P04,deletion
W062,P05,W062_V07_P05,W062_V08_P05,addition
W062,P06,W062_V07_P06,W062_V08_P06,requirement
W062,P07,W062_V07_P07,W062_V08_P07,policy
W062,P08,W062_V07_P08,W062_V08_P08,semantic
W062,P09,W062_V07_P09,W062_V08_P09,numeric
W062,P10,W062_V07_P10,W062_V08_P10,major_semantic
W062,P01,W062_V08_P01,W062_V09_P01,semantic
W062,P02,W062_V08_P02,W062_V09_P02,numeric
W062,P03,W062_V08_P03,W062_V09_P03,major_semantic
W062,P04,W062_V08_P04,W062_V09_P04,reordering
W062,P05,W062_V08_P05,W062_V09_P05,date_time
W062,P06,W062_V08_P06,W062_V09_P06,deletion
W062,P07,W062_V08_P07,W062_V09_P07,addition
W062,P08,W062_V08_P08,W062_V09_P08,requirement
W062,P09,W062_V08_P09,W062_V09_P09,policy
W062,P10,W062_V08_P10,W062_V09_P10,semantic
W062,P01,W062_V09_P01,W062_V10_P01,requirement
W062,P02,W062_V09_P02,W062_V10_P02,policy
W062,P03,W062_V09_P03,W062_V10_P03,semantic
W062,P04,W062_V09_P04,W062_V10_P04,numeric
W062,P05,W062_V09_P05,W062_V10_P05,major_semantic
W062,P06,W062_V09_P06,W062_V10_P06,reordering
W062,P07,W062_V09_P07,W062_V10_P07,date_time
W062,P08,W062_V09_P08,W062_V10_P08,deletion
W062,P09,W062_V09_P09,W062_V10_P09,addition
W062,P10,W062_V09_P10,W062_V10_P10,requirement
W063,P01,W063_V01_P01,W063_V02_P01,addition
W063,P02,W063_V01_P02,W063_V02_P02,requirement
W063,P03,W063_V01_P03,W063_V02_P03,policy
W063,P04,W063_V01_P04,W063_V02_P04,semantic
W063,P05,W063_V01_P05,W063_V02_P05,numeric
W063,P06,W063_V01_P06,W063_V02_P06,major_semantic
W063,P07,W063_V01_P07,W063_V02_P07,reordering
W063,P08,W063_V01_P08,W063_V02_P08,date_time
W063,P09,W063_V01_P09,W063_V02_P09,deletion
W063,P10,W063_V01_P10,W063_V02_P10,addition
W063,P01,W063_V02_P01,W063_V03_P01,date_time
W063,P02,W063_V02_P02,W063_V03_P02,deletion
W063,P03,W063_V02_P03,W063_V03_P03,addition
W063,P04,W063_V02_P04,W063_V03_P04,requirement
W063,P05,W063_V02_P05,W063_V03_P05,policy
W063,P06,W063_V02_P06,W063_V03_P06,semantic
W063,P07,W063_V02_P07,W063_V03_P07,numeric
W063,P08,W063_V02_P08,W063_V03_P08,major_semantic
W063,P09,W063_V02_P09,W063_V03_P09,reordering
W063,P10,W063_V02_P10,W063_V03_P10,date_time
W063,P01,W063_V03_P01,W063_V04_P01,major_semantic
W063,P02,W063_V03_P02,W063_V04_P02,reordering
W063,P03,W063_V03_P03,W063_V04_P03,date_time
W063,P04,W063_V03_P04,W063_V04_P04,deletion
W063,P05,W063_V03_P05,W063_V04_P05,addition
W063,P06,W063_V03_P06,W063_V04_P06,requirement
W063,P07,W063_V03_P07,W063_V04_P07,policy
W063,P08,W063_V03_P08,W063_V04_P08,semantic
W063,P09,W063_V03_P09,W063_V04_P09,numeric
W063,P10,W063_V03_P10,W063_V04_P10,major_semantic
W063,P01,W063_V04_P01,W063_V05_P01,semantic
W063,P02,W063_V04_P02,W063_V05_P02,numeric
W063,P03,W063_V04_P03,W063_V05_P03,major_semantic
W063,P04,W063_V04_P04,W063_V05_P04,reordering
W063,P05,W063_V04_P05,W063_V05_P05,date_time
W063,P06,W063_V04_P06,W063_V05_P06,deletion
W063,P07,W063_V04_P07,W063_V05_P07,addition
W063,P08,W063_V04_P08,W063_V05_P08,requirement
W063,P09,W063_V04_P09,W063_V05_P09,policy
W063,P10,W063_V04_P10,W063_V05_P10,semantic
W063,P01,W063_V05_P01,W063_V06_P01,requirement
W063,P02,W063_V05_P02,W063_V06_P02,policy
W063,P03,W063_V05_P03,W063_V06_P03,semantic
W063,P04,W063_V05_P04,W063_V06_P04,numeric
W063,P05,W063_V05_P05,W063_V06_P05,major_semantic
W063,P06,W063_V05_P06,W063_V06_P06,reordering
W063,P07,W063_V05_P07,W063_V06_P07,date_time
W063,P08,W063_V05_P08,W063_V06_P08,deletion
W063,P09,W063_V05_P09,W063_V06_P09,addition
W063,P10,W063_V05_P10,W063_V06_P10,requirement
W063,P01,W063_V06_P01,W063_V07_P01,deletion
W063,P02,W063_V06_P02,W063_V07_P02,addition
W063,P03,W063_V06_P03,W063_V07_P03,requirement
W063,P04,W063_V06_P04,W063_V07_P04,policy
W063,P05,W063_V06_P05,W063_V07_P05,semantic
W063,P06,W063_V06_P06,W063_V07_P06,numeric
W063,P07,W063_V06_P07,W063_V07_P07,major_semantic
W063,P08,W063_V06_P08,W063_V07_P08,reordering
W063,P09,W063_V06_P09,W063_V07_P09,date_time
W063,P10,W063_V06_P10,W063_V07_P10,deletion
W063,P01,W063_V07_P01,W063_V08_P01,reordering
W063,P02,W063_V07_P02,W063_V08_P02,date_time
W063,P03,W063_V07_P03,W063_V08_P03,deletion
W063,P04,W063_V07_P04,W063_V08_P04,addition
W063,P05,W063_V07_P05,W063_V08_P05,requirement
W063,P06,W063_V07_P06,W063_V08_P06,policy
W063,P07,W063_V07_P07,W063_V08_P07,semantic
W063,P08,W063_V07_P08,W063_V08_P08,numeric
W063,P09,W063_V07_P09,W063_V08_P09,major_semantic
W063,P10,W063_V07_P10,W063_V08_P10,reordering
W063,P01,W063_V08_P01,W063_V09_P01,numeric
W063,P02,W063_V08_P02,W063_V09_P02,major_semantic
W063,P03,W063_V08_P03,W063_V09_P03,reordering
W063,P04,W063_V08_P04,W063_V09_P04,date_time
W063,P05,W063_V08_P05,W063_V09_P05,deletion
W063,P06,W063_V08_P06,W063_V09_P06,addition
W063,P07,W063_V08_P07,W063_V09_P07,requirement
W063,P08,W063_V08_P08,W063_V09_P08,policy
W063,P09,W063_V08_P09,W063_V09_P09,semantic
W063,P10,W063_V08_P10,W063_V09_P10,numeric
W063,P01,W063_V09_P01,W063_V10_P01,policy
W063,P02,W063_V09_P02,W063_V10_P02,semantic
W063,P03,W063_V09_P03,W063_V10_P03,numeric
W063,P04,W063_V09_P04,W063_V10_P04,major_semantic
W063,P05,W063_V09_P05,W063_V10_P05,reordering
W063,P06,W063_V09_P06,W063_V10_P06,date_time
W063,P07,W063_V09_P07,W063_V10_P07,deletion
W063,P08,W063_V09_P08,W063_V10_P08,addition
W063,P09,W063_V09_P09,W063_V10_P09,requirement
W063,P10,W063_V09_P10,W063_V10_P10,policy
W064,P01,W064_V01_P01,W064_V02_P01,requirement
W064,P02,W064_V01_P02,W064_V02_P02,policy
W064,P03,W064_V01_P03,W064_V02_P03,semantic
W064,P04,W064_V01_P04,W064_V02_P04,numeric
W064,P05,W064_V01_P05,W064_V02_P05,major_semantic
W064,P06,W064_V01_P06,W064_V02_P06,reordering
W064,P07,W064_V01_P07,W064_V02_P07,date_time
W064,P08,W064_V01_P08,W064_V02_P08,deletion
W064,P09,W064_V01_P09,W064_V02_P09,addition
W064,P10,W064_V01_P10,W064_V02_P10,requirement
W064,P01,W064_V02_P01,W064_V03_P01,deletion
W064,P02,W064_V02_P02,W064_V03_P02,addition
W064,P03,W064_V02_P03,W064_V03_P03,requirement
W064,P04,W064_V02_P04,W064_V03_P04,policy
W064,P05,W064_V02_P05,W064_V03_P05,semantic
W064,P06,W064_V02_P06,W064_V03_P06,numeric
W064,P07,W064_V02_P07,W064_V03_P07,major_semantic
W064,P08,W064_V02_P08,W064_V03_P08,reordering
W064,P09,W064_V02_P09,W064_V03_P09,date_time
W064,P10,W064_V02_P10,W064_V03_P10,deletion
W064,P01,W064_V03_P01,W064_V04_P01,reordering
W064,P02,W064_V03_P02,W064_V04_P02,date_time
W064,P03,W064_V03_P03,W064_V04_P03,deletion
W064,P04,W064_V03_P04,W064_V04_P04,addition
W064,P05,W064_V03_P05,W064_V04_P05,requirement
W064,P06,W064_V03_P06,W064_V04_P06,policy
W064,P07,W064_V03_P07,W064_V04_P07,semantic
W064,P08,W064_V03_P08,W064_V04_P08,numeric
W064,P09,W064_V03_P09,W064_V04_P09,major_semantic
W064,P10,W064_V03_P10,W064_V04_P10,reordering
W064,P01,W064_V04_P01,W064_V05_P01,numeric
W064,P02,W064_V04_P02,W064_V05_P02,major_semantic
W064,P03,W064_V04_P03,W064_V05_P03,reordering
W064,P04,W064_V04_P04,W064_V05_P04,date_time
W064,P05,W064_V04_P05,W064_V05_P05,deletion
W064,P06,W064_V04_P06,W064_V05_P06,addition
W064,P07,W064_V04_P07,W064_V05_P07,requirement
W064,P08,W064_V04_P08,W064_V05_P08,policy
W064,P09,W064_V04_P09,W064_V05_P09,semantic
W064,P10,W064_V04_P10,W064_V05_P10,numeric
W064,P01,W064_V05_P01,W064_V06_P01,policy
W064,P02,W064_V05_P02,W064_V06_P02,semantic
W064,P03,W064_V05_P03,W064_V06_P03,numeric
W064,P04,W064_V05_P04,W064_V06_P04,major_semantic
W064,P05,W064_V05_P05,W064_V06_P05,reordering
W064,P06,W064_V05_P06,W064_V06_P06,date_time
W064,P07,W064_V05_P07,W064_V06_P07,deletion
W064,P08,W064_V05_P08,W064_V06_P08,addition
W064,P09,W064_V05_P09,W064_V06_P09,requirement
W064,P10,W064_V05_P10,W064_V06_P10,policy
W064,P01,W064_V06_P01,W064_V07_P01,addition
W064,P02,W064_V06_P02,W064_V07_P02,requirement
W064,P03,W064_V06_P03,W064_V07_P03,policy
W064,P04,W064_V06_P04,W064_V07_P04,semantic
W064,P05,W064_V06_P05,W064_V07_P05,numeric
W064,P06,W064_V06_P06,W064_V07_P06,major_semantic
W064,P07,W064_V06_P07,W064_V07_P07,reordering
W064,P08,W064_V06_P08,W064_V07_P08,date_time
W064,P09,W064_V06_P09,W064_V07_P09,deletion
W064,P10,W064_V06_P10,W064_V07_P10,addition
W064,P01,W064_V07_P01,W064_V08_P01,date_time
W064,P02,W064_V07_P02,W064_V08_P02,deletion
W064,P03,W064_V07_P03,W064_V08_P03,addition
W064,P04,W064_V07_P04,W064_V08_P04,requirement
W064,P05,W064_V07_P05,W064_V08_P05,policy
W064,P06,W064_V07_P06,W064_V08_P06,semantic
W064,P07,W064_V07_P07,W064_V08_P07,numeric
W064,P08,W064_V07_P08,W064_V08_P08,major_semantic
W064,P09,W064_V07_P09,W064_V08_P09,reordering
W064,P10,W064_V07_P10,W064_V08_P10,date_time
W064,P01,W064_V08_P01,W064_V09_P01,major_semantic
W064,P02,W064_V08_P02,W064_V09_P02,reordering
W064,P03,W064_V08_P03,W064_V09_P03,date_time
W064,P04,W064_V08_P04,W064_V09_P04,deletion
W064,P05,W064_V08_P05,W064_V09_P05,addition
W064,P06,W064_V08_P06,W064_V09_P06,requirement
W064,P07,W064_V08_P07,W064_V09_P07,policy
W064,P08,W064_V08_P08,W064_V09_P08,semantic
W064,P09,W064_V08_P09,W064_V09_P09,numeric
W064,P10,W064_V08_P10,W064_V09_P10,major_semantic
W064,P01,W064_V09_P01,W064_V10_P01,semantic
W064,P02,W064_V09_P02,W064_V10_P02,numeric
W064,P03,W064_V09_P03,W064_V10_P03,major_semantic
W064,P04,W064_V09_P04,W064_V10_P04,reordering
W064,P05,W064_V09_P05,W064_V10_P05,date_time
W064,P06,W064_V09_P06,W064_V10_P06,deletion
W064,P07,W064_V09_P07,W064_V10_P07,addition
W064,P08,W064_V09_P08,W064_V10_P08,requirement
W064,P09,W064_V09_P09,W064_V10_P09,policy
W064,P10,W064_V09_P10,W064_V10_P10,semantic
W065,P01,W065_V01_P01,W065_V02_P01,policy
W065,P02,W065_V01_P02,W065_V02_P02,semantic
W065,P03,W065_V01_P03,W065_V02_P03,numeric
W065,P04,W065_V01_P04,W065_V02_P04,major_semantic
W065,P05,W065_V01_P05,W065_V02_P05,reordering
W065,P06,W065_V01_P06,W065_V02_P06,date_time
W065,P07,W065_V01_P07,W065_V02_P07,deletion
W065,P08,W065_V01_P08,W065_V02_P08,addition
W065,P09,W065_V01_P09,W065_V02_P09,requirement
W065,P10,W065_V01_P10,W065_V02_P10,policy
W065,P01,W065_V02_P01,W065_V03_P01,addition
W065,P02,W065_V02_P02,W065_V03_P02,requirement
W065,P03,W065_V02_P03,W065_V03_P03,policy
W065,P04,W065_V02_P04,W065_V03_P04,semantic
W065,P05,W065_V02_P05,W065_V03_P05,numeric
W065,P06,W065_V02_P06,W065_V03_P06,major_semantic
W065,P07,W065_V02_P07,W065_V03_P07,reordering
W065,P08,W065_V02_P08,W065_V03_P08,date_time
W065,P09,W065_V02_P09,W065_V03_P09,deletion
W065,P10,W065_V02_P10,W065_V03_P10,addition
W065,P01,W065_V03_P01,W065_V04_P01,date_time
W065,P02,W065_V03_P02,W065_V04_P02,deletion
W065,P03,W065_V03_P03,W065_V04_P03,addition
W065,P04,W065_V03_P04,W065_V04_P04,requirement
W065,P05,W065_V03_P05,W065_V04_P05,policy
W065,P06,W065_V03_P06,W065_V04_P06,semantic
W065,P07,W065_V03_P07,W065_V04_P07,numeric
W065,P08,W065_V03_P08,W065_V04_P08,major_semantic
W065,P09,W065_V03_P09,W065_V04_P09,reordering
W065,P10,W065_V03_P10,W065_V04_P10,date_time
W065,P01,W065_V04_P01,W065_V05_P01,major_semantic
W065,P02,W065_V04_P02,W065_V05_P02,reordering
W065,P03,W065_V04_P03,W065_V05_P03,date_time
W065,P04,W065_V04_P04,W065_V05_P04,deletion
W065,P05,W065_V04_P05,W065_V05_P05,addition
W065,P06,W065_V04_P06,W065_V05_P06,requirement
W065,P07,W065_V04_P07,W065_V05_P07,policy
W065,P08,W065_V04_P08,W065_V05_P08,semantic
W065,P09,W065_V04_P09,W065_V05_P09,numeric
W065,P10,W065_V04_P10,W065_V05_P10,major_semantic
W065,P01,W065_V05_P01,W065_V06_P01,semantic
W065,P02,W065_V05_P02,W065_V06_P02,numeric
W065,P03,W065_V05_P03,W065_V06_P03,major_semantic
W065,P04,W065_V05_P04,W065_V06_P04,reordering
W065,P05,W065_V05_P05,W065_V06_P05,date_time
W065,P06,W065_V05_P06,W065_V06_P06,deletion
W065,P07,W065_V05_P07,W065_V06_P07,addition
W065,P08,W065_V05_P08,W065_V06_P08,requirement
W065,P09,W065_V05_P09,W065_V06_P09,policy
W065,P10,W065_V05_P10,W065_V06_P10,semantic
W065,P01,W065_V06_P01,W065_V07_P01,requirement
W065,P02,W065_V06_P02,W065_V07_P02,policy
W065,P03,W065_V06_P03,W065_V07_P03,semantic
W065,P04,W065_V06_P04,W065_V07_P04,numeric
W065,P05,W065_V06_P05,W065_V07_P05,major_semantic
W065,P06,W065_V06_P06,W065_V07_P06,reordering
W065,P07,W065_V06_P07,W065_V07_P07,date_time
W065,P08,W065_V06_P08,W065_V07_P08,deletion
W065,P09,W065_V06_P09,W065_V07_P09,addition
W065,P10,W065_V06_P10,W065_V07_P10,requirement
W065,P01,W065_V07_P01,W065_V08_P01,deletion
W065,P02,W065_V07_P02,W065_V08_P02,addition
W065,P03,W065_V07_P03,W065_V08_P03,requirement
W065,P04,W065_V07_P04,W065_V08_P04,policy
W065,P05,W065_V07_P05,W065_V08_P05,semantic
W065,P06,W065_V07_P06,W065_V08_P06,numeric
W065,P07,W065_V07_P07,W065_V08_P07,major_semantic
W065,P08,W065_V07_P08,W065_V08_P08,reordering
W065,P09,W065_V07_P09,W065_V08_P09,date_time
W065,P10,W065_V07_P10,W065_V08_P10,deletion
W065,P01,W065_V08_P01,W065_V09_P01,reordering
W065,P02,W065_V08_P02,W065_V09_P02,date_time
W065,P03,W065_V08_P03,W065_V09_P03,deletion
W065,P04,W065_V08_P04,W065_V09_P04,addition
W065,P05,W065_V08_P05,W065_V09_P05,requirement
W065,P06,W065_V08_P06,W065_V09_P06,policy
W065,P07,W065_V08_P07,W065_V09_P07,semantic
W065,P08,W065_V08_P08,W065_V09_P08,numeric
W065,P09,W065_V08_P09,W065_V09_P09,major_semantic
W065,P10,W065_V08_P10,W065_V09_P10,reordering
W065,P01,W065_V09_P01,W065_V10_P01,numeric
W065,P02,W065_V09_P02,W065_V10_P02,major_semantic
W065,P03,W065_V09_P03,W065_V10_P03,reordering
W065,P04,W065_V09_P04,W065_V10_P04,date_time
W065,P05,W065_V09_P05,W065_V10_P05,deletion
W065,P06,W065_V09_P06,W065_V10_P06,addition
W065,P07,W065_V09_P07,W065_V10_P07,requirement
W065,P08,W065_V09_P08,W065_V10_P08,policy
W065,P09,W065_V09_P09,W065_V10_P09,semantic
W065,P10,W065_V09_P10,W065_V10_P10,numeric
W066,P01,W066_V01_P01,W066_V02_P01,semantic
W066,P02,W066_V01_P02,W066_V02_P02,numeric
W066,P03,W066_V01_P03,W066_V02_P03,major_semantic
W066,P04,W066_V01_P04,W066_V02_P04,reordering
W066,P05,W066_V01_P05,W066_V02_P05,date_time
W066,P06,W066_V01_P06,W066_V02_P06,deletion
W066,P07,W066_V01_P07,W066_V02_P07,addition
W066,P08,W066_V01_P08,W066_V02_P08,requirement
W066,P09,W066_V01_P09,W066_V02_P09,policy
W066,P10,W066_V01_P10,W066_V02_P10,semantic
W066,P01,W066_V02_P01,W066_V03_P01,requirement
W066,P02,W066_V02_P02,W066_V03_P02,policy
W066,P03,W066_V02_P03,W066_V03_P03,semantic
W066,P04,W066_V02_P04,W066_V03_P04,numeric
W066,P05,W066_V02_P05,W066_V03_P05,major_semantic
W066,P06,W066_V02_P06,W066_V03_P06,reordering
W066,P07,W066_V02_P07,W066_V03_P07,date_time
W066,P08,W066_V02_P08,W066_V03_P08,deletion
W066,P09,W066_V02_P09,W066_V03_P09,addition
W066,P10,W066_V02_P10,W066_V03_P10,requirement
W066,P01,W066_V03_P01,W066_V04_P01,deletion
W066,P02,W066_V03_P02,W066_V04_P02,addition
W066,P03,W066_V03_P03,W066_V04_P03,requirement
W066,P04,W066_V03_P04,W066_V04_P04,policy
W066,P05,W066_V03_P05,W066_V04_P05,semantic
W066,P06,W066_V03_P06,W066_V04_P06,numeric
W066,P07,W066_V03_P07,W066_V04_P07,major_semantic
W066,P08,W066_V03_P08,W066_V04_P08,reordering
W066,P09,W066_V03_P09,W066_V04_P09,date_time
W066,P10,W066_V03_P10,W066_V04_P10,deletion
W066,P01,W066_V04_P01,W066_V05_P01,reordering
W066,P02,W066_V04_P02,W066_V05_P02,date_time
W066,P03,W066_V04_P03,W066_V05_P03,deletion
W066,P04,W066_V04_P04,W066_V05_P04,addition
W066,P05,W066_V04_P05,W066_V05_P05,requirement
W066,P06,W066_V04_P06,W066_V05_P06,policy
W066,P07,W066_V04_P07,W066_V05_P07,semantic
W066,P08,W066_V04_P08,W066_V05_P08,numeric
W066,P09,W066_V04_P09,W066_V05_P09,major_semantic
W066,P10,W066_V04_P10,W066_V05_P10,reordering
W066,P01,W066_V05_P01,W066_V06_P01,numeric
W066,P02,W066_V05_P02,W066_V06_P02,major_semantic
W066,P03,W066_V05_P03,W066_V06_P03,reordering
W066,P04,W066_V05_P04,W066_V06_P04,date_time
W066,P05,W066_V05_P05,W066_V06_P05,deletion
W066,P06,W066_V05_P06,W066_V06_P06,addition
W066,P07,W066_V05_P07,W066_V06_P07,requirement
W066,P08,W066_V05_P08,W066_V06_P08,policy
W066,P09,W066_V05_P09,W066_V06_P09,semantic
W066,P10,W066_V05_P10,W066_V06_P10,numeric
W066,P01,W066_V06_P01,W066_V07_P01,policy
W066,P02,W066_V06_P02,W066_V07_P02,semantic
W066,P03,W066_V06_P03,W066_V07_P03,numeric
W066,P04,W066_V06_P04,W066_V07_P04,major_semantic
W066,P05,W066_V06_P05,W066_V07_P05,reordering
W066,P06,W066_V06_P06,W066_V07_P06,date_time
W066,P07,W066_V06_P07,W066_V07_P07,deletion
W066,P08,W066_V06_P08,W066_V07_P08,addition
W066,P09,W066_V06_P09,W066_V07_P09,requirement
W066,P10,W066_V06_P10,W066_V07_P10,policy
W066,P01,W066_V07_P01,W066_V08_P01,addition
W066,P02,W066_V07_P02,W066_V08_P02,requirement
W066,P03,W066_V07_P03,W066_V08_P03,policy
W066,P04,W066_V07_P04,W066_V08_P04,semantic
W066,P05,W066_V07_P05,W066_V08_P05,numeric
W066,P06,W066_V07_P06,W066_V08_P06,major_semantic
W066,P07,W066_V07_P07,W066_V08_P07,reordering
W066,P08,W066_V07_P08,W066_V08_P08,date_time
W066,P09,W066_V07_P09,W066_V08_P09,deletion
W066,P10,W066_V07_P10,W066_V08_P10,addition
W066,P01,W066_V08_P01,W066_V09_P01,date_time
W066,P02,W066_V08_P02,W066_V09_P02,deletion
W066,P03,W066_V08_P03,W066_V09_P03,addition
W066,P04,W066_V08_P04,W066_V09_P04,requirement
W066,P05,W066_V08_P05,W066_V09_P05,policy
W066,P06,W066_V08_P06,W066_V09_P06,semantic
W066,P07,W066_V08_P07,W066_V09_P07,numeric
W066,P08,W066_V08_P08,W066_V09_P08,major_semantic
W066,P09,W066_V08_P09,W066_V09_P09,reordering
W066,P10,W066_V08_P10,W066_V09_P10,date_time
W066,P01,W066_V09_P01,W066_V10_P01,major_semantic
W066,P02,W066_V09_P02,W066_V10_P02,reordering
W066,P03,W066_V09_P03,W066_V10_P03,date_time
W066,P04,W066_V09_P04,W066_V10_P04,deletion
W066,P05,W066_V09_P05,W066_V10_P05,addition
W066,P06,W066_V09_P06,W066_V10_P06,requirement
W066,P07,W066_V09_P07,W066_V10_P07,policy
W066,P08,W066_V09_P08,W066_V10_P08,semantic
W066,P09,W066_V09_P09,W066_V10_P09,numeric
W066,P10,W066_V09_P10,W066_V10_P10,major_semantic
W067,P01,W067_V01_P01,W067_V02_P01,numeric
W067,P02,W067_V01_P02,W067_V02_P02,major_semantic
W067,P03,W067_V01_P03,W067_V02_P03,reordering
W067,P04,W067_V01_P04,W067_V02_P04,date_time
W067,P05,W067_V01_P05,W067_V02_P05,deletion
W067,P06,W067_V01_P06,W067_V02_P06,addition
W067,P07,W067_V01_P07,W067_V02_P07,requirement
W067,P08,W067_V01_P08,W067_V02_P08,policy
W067,P09,W067_V01_P09,W067_V02_P09,semantic
W067,P10,W067_V01_P10,W067_V02_P10,numeric
W067,P01,W067_V02_P01,W067_V03_P01,policy
W067,P02,W067_V02_P02,W067_V03_P02,semantic
W067,P03,W067_V02_P03,W067_V03_P03,numeric
W067,P04,W067_V02_P04,W067_V03_P04,major_semantic
W067,P05,W067_V02_P05,W067_V03_P05,reordering
W067,P06,W067_V02_P06,W067_V03_P06,date_time
W067,P07,W067_V02_P07,W067_V03_P07,deletion
W067,P08,W067_V02_P08,W067_V03_P08,addition
W067,P09,W067_V02_P09,W067_V03_P09,requirement
W067,P10,W067_V02_P10,W067_V03_P10,policy
W067,P01,W067_V03_P01,W067_V04_P01,addition
W067,P02,W067_V03_P02,W067_V04_P02,requirement
W067,P03,W067_V03_P03,W067_V04_P03,policy
W067,P04,W067_V03_P04,W067_V04_P04,semantic
W067,P05,W067_V03_P05,W067_V04_P05,numeric
W067,P06,W067_V03_P06,W067_V04_P06,major_semantic
W067,P07,W067_V03_P07,W067_V04_P07,reordering
W067,P08,W067_V03_P08,W067_V04_P08,date_time
W067,P09,W067_V03_P09,W067_V04_P09,deletion
W067,P10,W067_V03_P10,W067_V04_P10,addition
W067,P01,W067_V04_P01,W067_V05_P01,date_time
W067,P02,W067_V04_P02,W067_V05_P02,deletion
W067,P03,W067_V04_P03,W067_V05_P03,addition
W067,P04,W067_V04_P04,W067_V05_P04,requirement
W067,P05,W067_V04_P05,W067_V05_P05,policy
W067,P06,W067_V04_P06,W067_V05_P06,semantic
W067,P07,W067_V04_P07,W067_V05_P07,numeric
W067,P08,W067_V04_P08,W067_V05_P08,major_semantic
W067,P09,W067_V04_P09,W067_V05_P09,reordering
W067,P10,W067_V04_P10,W067_V05_P10,date_time
W067,P01,W067_V05_P01,W067_V06_P01,major_semantic
W067,P02,W067_V05_P02,W067_V06_P02,reordering
W067,P03,W067_V05_P03,W067_V06_P03,date_time
W067,P04,W067_V05_P04,W067_V06_P04,deletion
W067,P05,W067_V05_P05,W067_V06_P05,addition
W067,P06,W067_V05_P06,W067_V06_P06,requirement
W067,P07,W067_V05_P07,W067_V06_P07,policy
W067,P08,W067_V05_P08,W067_V06_P08,semantic
W067,P09,W067_V05_P09,W067_V06_P09,numeric
W067,P10,W067_V05_P10,W067_V06_P10,major_semantic
W067,P01,W067_V06_P01,W067_V07_P01,semantic
W067,P02,W067_V06_P02,W067_V07_P02,numeric
W067,P03,W067_V06_P03,W067_V07_P03,major_semantic
W067,P04,W067_V06_P04,W067_V07_P04,reordering
W067,P05,W067_V06_P05,W067_V07_P05,date_time
W067,P06,W067_V06_P06,W067_V07_P06,deletion
W067,P07,W067_V06_P07,W067_V07_P07,addition
W067,P08,W067_V06_P08,W067_V07_P08,requirement
W067,P09,W067_V06_P09,W067_V07_P09,policy
W067,P10,W067_V06_P10,W067_V07_P10,semantic
W067,P01,W067_V07_P01,W067_V08_P01,requirement
W067,P02,W067_V07_P02,W067_V08_P02,policy
W067,P03,W067_V07_P03,W067_V08_P03,semantic
W067,P04,W067_V07_P04,W067_V08_P04,numeric
W067,P05,W067_V07_P05,W067_V08_P05,major_semantic
W067,P06,W067_V07_P06,W067_V08_P06,reordering
W067,P07,W067_V07_P07,W067_V08_P07,date_time
W067,P08,W067_V07_P08,W067_V08_P08,deletion
W067,P09,W067_V07_P09,W067_V08_P09,addition
W067,P10,W067_V07_P10,W067_V08_P10,requirement
W067,P01,W067_V08_P01,W067_V09_P01,deletion
W067,P02,W067_V08_P02,W067_V09_P02,addition
W067,P03,W067_V08_P03,W067_V09_P03,requirement
W067,P04,W067_V08_P04,W067_V09_P04,policy
W067,P05,W067_V08_P05,W067_V09_P05,semantic
W067,P06,W067_V08_P06,W067_V09_P06,numeric
W067,P07,W067_V08_P07,W067_V09_P07,major_semantic
W067,P08,W067_V08_P08,W067_V09_P08,reordering
W067,P09,W067_V08_P09,W067_V09_P09,date_time
W067,P10,W067_V08_P10,W067_V09_P10,deletion
W067,P01,W067_V09_P01,W067_V10_P01,reordering
W067,P02,W067_V09_P02,W067_V10_P02,date_time
W067,P03,W067_V09_P03,W067_V10_P03,deletion
W067,P04,W067_V09_P04,W067_V10_P04,addition
W067,P05,W067_V09_P05,W067_V10_P05,requirement
W067,P06,W067_V09_P06,W067_V10_P06,policy
W067,P07,W067_V09_P07,W067_V10_P07,semantic
W067,P08,W067_V09_P08,W067_V10_P08,numeric
W067,P09,W067_V09_P09,W067_V10_P09,major_semantic
W067,P10,W067_V09_P10,W067_V10_P10,reordering
W068,P01,W068_V01_P01,W068_V02_P01,major_semantic
W068,P02,W068_V01_P02,W068_V02_P02,reordering
W068,P03,W068_V01_P03,W068_V02_P03,date_time
W068,P04,W068_V01_P04,W068_V02_P04,deletion
W068,P05,W068_V01_P05,W068_V02_P05,addition
W068,P06,W068_V01_P06,W068_V02_P06,requirement
W068,P07,W068_V01_P07,W068_V02_P07,policy
W068,P08,W068_V01_P08,W068_V02_P08,semantic
W068,P09,W068_V01_P09,W068_V02_P09,numeric
W068,P10,W068_V01_P10,W068_V02_P10,major_semantic
W068,P01,W068_V02_P01,W068_V03_P01,semantic
W068,P02,W068_V02_P02,W068_V03_P02,numeric
W068,P03,W068_V02_P03,W068_V03_P03,major_semantic
W068,P04,W068_V02_P04,W068_V03_P04,reordering
W068,P05,W068_V02_P05,W068_V03_P05,date_time
W068,P06,W068_V02_P06,W068_V03_P06,deletion
W068,P07,W068_V02_P07,W068_V03_P07,addition
W068,P08,W068_V02_P08,W068_V03_P08,requirement
W068,P09,W068_V02_P09,W068_V03_P09,policy
W068,P10,W068_V02_P10,W068_V03_P10,semantic
W068,P01,W068_V03_P01,W068_V04_P01,requirement
W068,P02,W068_V03_P02,W068_V04_P02,policy
W068,P03,W068_V03_P03,W068_V04_P03,semantic
W068,P04,W068_V03_P04,W068_V04_P04,numeric
W068,P05,W068_V03_P05,W068_V04_P05,major_semantic
W068,P06,W068_V03_P06,W068_V04_P06,reordering
W068,P07,W068_V03_P07,W068_V04_P07,date_time
W068,P08,W068_V03_P08,W068_V04_P08,deletion
W068,P09,W068_V03_P09,W068_V04_P09,addition
W068,P10,W068_V03_P10,W068_V04_P10,requirement
W068,P01,W068_V04_P01,W068_V05_P01,deletion
W068,P02,W068_V04_P02,W068_V05_P02,addition
W068,P03,W068_V04_P03,W068_V05_P03,requirement
W068,P04,W068_V04_P04,W068_V05_P04,policy
W068,P05,W068_V04_P05,W068_V05_P05,semantic
W068,P06,W068_V04_P06,W068_V05_P06,numeric
W068,P07,W068_V04_P07,W068_V05_P07,major_semantic
W068,P08,W068_V04_P08,W068_V05_P08,reordering
W068,P09,W068_V04_P09,W068_V05_P09,date_time
W068,P10,W068_V04_P10,W068_V05_P10,deletion
W068,P01,W068_V05_P01,W068_V06_P01,reordering
W068,P02,W068_V05_P02,W068_V06_P02,date_time
W068,P03,W068_V05_P03,W068_V06_P03,deletion
W068,P04,W068_V05_P04,W068_V06_P04,addition
W068,P05,W068_V05_P05,W068_V06_P05,requirement
W068,P06,W068_V05_P06,W068_V06_P06,policy
W068,P07,W068_V05_P07,W068_V06_P07,semantic
W068,P08,W068_V05_P08,W068_V06_P08,numeric
W068,P09,W068_V05_P09,W068_V06_P09,major_semantic
W068,P10,W068_V05_P10,W068_V06_P10,reordering
W068,P01,W068_V06_P01,W068_V07_P01,numeric
W068,P02,W068_V06_P02,W068_V07_P02,major_semantic
W068,P03,W068_V06_P03,W068_V07_P03,reordering
W068,P04,W068_V06_P04,W068_V07_P04,date_time
W068,P05,W068_V06_P05,W068_V07_P05,deletion
W068,P06,W068_V06_P06,W068_V07_P06,addition
W068,P07,W068_V06_P07,W068_V07_P07,requirement
W068,P08,W068_V06_P08,W068_V07_P08,policy
W068,P09,W068_V06_P09,W068_V07_P09,semantic
W068,P10,W068_V06_P10,W068_V07_P10,numeric
W068,P01,W068_V07_P01,W068_V08_P01,policy
W068,P02,W068_V07_P02,W068_V08_P02,semantic
W068,P03,W068_V07_P03,W068_V08_P03,numeric
W068,P04,W068_V07_P04,W068_V08_P04,major_semantic
W068,P05,W068_V07_P05,W068_V08_P05,reordering
W068,P06,W068_V07_P06,W068_V08_P06,date_time
W068,P07,W068_V07_P07,W068_V08_P07,deletion
W068,P08,W068_V07_P08,W068_V08_P08,addition
W068,P09,W068_V07_P09,W068_V08_P09,requirement
W068,P10,W068_V07_P10,W068_V08_P10,policy
W068,P01,W068_V08_P01,W068_V09_P01,addition
W068,P02,W068_V08_P02,W068_V09_P02,requirement
W068,P03,W068_V08_P03,W068_V09_P03,policy
W068,P04,W068_V08_P04,W068_V09_P04,semantic
W068,P05,W068_V08_P05,W068_V09_P05,numeric
W068,P06,W068_V08_P06,W068_V09_P06,major_semantic
W068,P07,W068_V08_P07,W068_V09_P07,reordering
W068,P08,W068_V08_P08,W068_V09_P08,date_time
W068,P09,W068_V08_P09,W068_V09_P09,deletion
W068,P10,W068_V08_P10,W068_V09_P10,addition
W068,P01,W068_V09_P01,W068_V10_P01,date_time
W068,P02,W068_V09_P02,W068_V10_P02,deletion
W068,P03,W068_V09_P03,W068_V10_P03,addition
W068,P04,W068_V09_P04,W068_V10_P04,requirement
W068,P05,W068_V09_P05,W068_V10_P05,policy
W068,P06,W068_V09_P06,W068_V10_P06,semantic
W068,P07,W068_V09_P07,W068_V10_P07,numeric
W068,P08,W068_V09_P08,W068_V10_P08,major_semantic
W068,P09,W068_V09_P09,W068_V10_P09,reordering
W068,P10,W068_V09_P10,W068_V10_P10,date_time
W069,P01,W069_V01_P01,W069_V02_P01,reordering
W069,P02,W069_V01_P02,W069_V02_P02,date_time
W069,P03,W069_V01_P03,W069_V02_P03,deletion
W069,P04,W069_V01_P04,W069_V02_P04,addition
W069,P05,W069_V01_P05,W069_V02_P05,requirement
W069,P06,W069_V01_P06,W069_V02_P06,policy
W069,P07,W069_V01_P07,W069_V02_P07,semantic
W069,P08,W069_V01_P08,W069_V02_P08,numeric
W069,P09,W069_V01_P09,W069_V02_P09,major_semantic
W069,P10,W069_V01_P10,W069_V02_P10,reordering
W069,P01,W069_V02_P01,W069_V03_P01,numeric
W069,P02,W069_V02_P02,W069_V03_P02,major_semantic
W069,P03,W069_V02_P03,W069_V03_P03,reordering
W069,P04,W069_V02_P04,W069_V03_P04,date_time
W069,P05,W069_V02_P05,W069_V03_P05,deletion
W069,P06,W069_V02_P06,W069_V03_P06,addition
W069,P07,W069_V02_P07,W069_V03_P07,requirement
W069,P08,W069_V02_P08,W069_V03_P08,policy
W069,P09,W069_V02_P09,W069_V03_P09,semantic
W069,P10,W069_V02_P10,W069_V03_P10,numeric
W069,P01,W069_V03_P01,W069_V04_P01,policy
W069,P02,W069_V03_P02,W069_V04_P02,semantic
W069,P03,W069_V03_P03,W069_V04_P03,numeric
W069,P04,W069_V03_P04,W069_V04_P04,major_semantic
W069,P05,W069_V03_P05,W069_V04_P05,reordering
W069,P06,W069_V03_P06,W069_V04_P06,date_time
W069,P07,W069_V03_P07,W069_V04_P07,deletion
W069,P08,W069_V03_P08,W069_V04_P08,addition
W069,P09,W069_V03_P09,W069_V04_P09,requirement
W069,P10,W069_V03_P10,W069_V04_P10,policy
W069,P01,W069_V04_P01,W069_V05_P01,addition
W069,P02,W069_V04_P02,W069_V05_P02,requirement
W069,P03,W069_V04_P03,W069_V05_P03,policy
W069,P04,W069_V04_P04,W069_V05_P04,semantic
W069,P05,W069_V04_P05,W069_V05_P05,numeric
W069,P06,W069_V04_P06,W069_V05_P06,major_semantic
W069,P07,W069_V04_P07,W069_V05_P07,reordering
W069,P08,W069_V04_P08,W069_V05_P08,date_time
W069,P09,W069_V04_P09,W069_V05_P09,deletion
W069,P10,W069_V04_P10,W069_V05_P10,addition
W069,P01,W069_V05_P01,W069_V06_P01,date_time
W069,P02,W069_V05_P02,W069_V06_P02,deletion
W069,P03,W069_V05_P03,W069_V06_P03,addition
W069,P04,W069_V05_P04,W069_V06_P04,requirement
W069,P05,W069_V05_P05,W069_V06_P05,policy
W069,P06,W069_V05_P06,W069_V06_P06,semantic
W069,P07,W069_V05_P07,W069_V06_P07,numeric
W069,P08,W069_V05_P08,W069_V06_P08,major_semantic
W069,P09,W069_V05_P09,W069_V06_P09,reordering
W069,P10,W069_V05_P10,W069_V06_P10,date_time
W069,P01,W069_V06_P01,W069_V07_P01,major_semantic
W069,P02,W069_V06_P02,W069_V07_P02,reordering
W069,P03,W069_V06_P03,W069_V07_P03,date_time
W069,P04,W069_V06_P04,W069_V07_P04,deletion
W069,P05,W069_V06_P05,W069_V07_P05,addition
W069,P06,W069_V06_P06,W069_V07_P06,requirement
W069,P07,W069_V06_P07,W069_V07_P07,policy
W069,P08,W069_V06_P08,W069_V07_P08,semantic
W069,P09,W069_V06_P09,W069_V07_P09,numeric
W069,P10,W069_V06_P10,W069_V07_P10,major_semantic
W069,P01,W069_V07_P01,W069_V08_P01,semantic
W069,P02,W069_V07_P02,W069_V08_P02,numeric
W069,P03,W069_V07_P03,W069_V08_P03,major_semantic
W069,P04,W069_V07_P04,W069_V08_P04,reordering
W069,P05,W069_V07_P05,W069_V08_P05,date_time
W069,P06,W069_V07_P06,W069_V08_P06,deletion
W069,P07,W069_V07_P07,W069_V08_P07,addition
W069,P08,W069_V07_P08,W069_V08_P08,requirement
W069,P09,W069_V07_P09,W069_V08_P09,policy
W069,P10,W069_V07_P10,W069_V08_P10,semantic
W069,P01,W069_V08_P01,W069_V09_P01,requirement
W069,P02,W069_V08_P02,W069_V09_P02,policy
W069,P03,W069_V08_P03,W069_V09_P03,semantic
W069,P04,W069_V08_P04,W069_V09_P04,numeric
W069,P05,W069_V08_P05,W069_V09_P05,major_semantic
W069,P06,W069_V08_P06,W069_V09_P06,reordering
W069,P07,W069_V08_P07,W069_V09_P07,date_time
W069,P08,W069_V08_P08,W069_V09_P08,deletion
W069,P09,W069_V08_P09,W069_V09_P09,addition
W069,P10,W069_V08_P10,W069_V09_P10,requirement
W069,P01,W069_V09_P01,W069_V10_P01,deletion
W069,P02,W069_V09_P02,W069_V10_P02,addition
W069,P03,W069_V09_P03,W069_V10_P03,requirement
W069,P04,W069_V09_P04,W069_V10_P04,policy
W069,P05,W069_V09_P05,W069_V10_P05,semantic
W069,P06,W069_V09_P06,W069_V10_P06,numeric
W069,P07,W069_V09_P07,W069_V10_P07,major_semantic
W069,P08,W069_V09_P08,W069_V10_P08,reordering
W069,P09,W069_V09_P09,W069_V10_P09,date_time
W069,P10,W069_V09_P10,W069_V10_P10,deletion
W070,P01,W070_V01_P01,W070_V02_P01,date_time
W070,P02,W070_V01_P02,W070_V02_P02,deletion
W070,P03,W070_V01_P03,W070_V02_P03,addition
W070,P04,W070_V01_P04,W070_V02_P04,requirement
W070,P05,W070_V01_P05,W070_V02_P05,policy
W070,P06,W070_V01_P06,W070_V02_P06,semantic
W070,P07,W070_V01_P07,W070_V02_P07,numeric
W070,P08,W070_V01_P08,W070_V02_P08,major_semantic
W070,P09,W070_V01_P09,W070_V02_P09,reordering
W070,P10,W070_V01_P10,W070_V02_P10,date_time
W070,P01,W070_V02_P01,W070_V03_P01,major_semantic
W070,P02,W070_V02_P02,W070_V03_P02,reordering
W070,P03,W070_V02_P03,W070_V03_P03,date_time
W070,P04,W070_V02_P04,W070_V03_P04,deletion
W070,P05,W070_V02_P05,W070_V03_P05,addition
W070,P06,W070_V02_P06,W070_V03_P06,requirement
W070,P07,W070_V02_P07,W070_V03_P07,policy
W070,P08,W070_V02_P08,W070_V03_P08,semantic
W070,P09,W070_V02_P09,W070_V03_P09,numeric
W070,P10,W070_V02_P10,W070_V03_P10,major_semantic
W070,P01,W070_V03_P01,W070_V04_P01,semantic
W070,P02,W070_V03_P02,W070_V04_P02,numeric
W070,P03,W070_V03_P03,W070_V04_P03,major_semantic
W070,P04,W070_V03_P04,W070_V04_P04,reordering
W070,P05,W070_V03_P05,W070_V04_P05,date_time
W070,P06,W070_V03_P06,W070_V04_P06,deletion
W070,P07,W070_V03_P07,W070_V04_P07,addition
W070,P08,W070_V03_P08,W070_V04_P08,requirement
W070,P09,W070_V03_P09,W070_V04_P09,policy
W070,P10,W070_V03_P10,W070_V04_P10,semantic
W070,P01,W070_V04_P01,W070_V05_P01,requirement
W070,P02,W070_V04_P02,W070_V05_P02,policy
W070,P03,W070_V04_P03,W070_V05_P03,semantic
W070,P04,W070_V04_P04,W070_V05_P04,numeric
W070,P05,W070_V04_P05,W070_V05_P05,major_semantic
W070,P06,W070_V04_P06,W070_V05_P06,reordering
W070,P07,W070_V04_P07,W070_V05_P07,date_time
W070,P08,W070_V04_P08,W070_V05_P08,deletion
W070,P09,W070_V04_P09,W070_V05_P09,addition
W070,P10,W070_V04_P10,W070_V05_P10,requirement
W070,P01,W070_V05_P01,W070_V06_P01,deletion
W070,P02,W070_V05_P02,W070_V06_P02,addition
W070,P03,W070_V05_P03,W070_V06_P03,requirement
W070,P04,W070_V05_P04,W070_V06_P04,policy
W070,P05,W070_V05_P05,W070_V06_P05,semantic
W070,P06,W070_V05_P06,W070_V06_P06,numeric
W070,P07,W070_V05_P07,W070_V06_P07,major_semantic
W070,P08,W070_V05_P08,W070_V06_P08,reordering
W070,P09,W070_V05_P09,W070_V06_P09,date_time
W070,P10,W070_V05_P10,W070_V06_P10,deletion
W070,P01,W070_V06_P01,W070_V07_P01,reordering
W070,P02,W070_V06_P02,W070_V07_P02,date_time
W070,P03,W070_V06_P03,W070_V07_P03,deletion
W070,P04,W070_V06_P04,W070_V07_P04,addition
W070,P05,W070_V06_P05,W070_V07_P05,requirement
W070,P06,W070_V06_P06,W070_V07_P06,policy
W070,P07,W070_V06_P07,W070_V07_P07,semantic
W070,P08,W070_V06_P08,W070_V07_P08,numeric
W070,P09,W070_V06_P09,W070_V07_P09,major_semantic
W070,P10,W070_V06_P10,W070_V07_P10,reordering
W070,P01,W070_V07_P01,W070_V08_P01,numeric
W070,P02,W070_V07_P02,W070_V08_P02,major_semantic
W070,P03,W070_V07_P03,W070_V08_P03,reordering
W070,P04,W070_V07_P04,W070_V08_P04,date_time
W070,P05,W070_V07_P05,W070_V08_P05,deletion
W070,P06,W070_V07_P06,W070_V08_P06,addition
W070,P07,W070_V07_P07,W070_V08_P07,requirement
W070,P08,W070_V07_P08,W070_V08_P08,policy
W070,P09,W070_V07_P09,W070_V08_P09,semantic
W070,P10,W070_V07_P10,W070_V08_P10,numeric
W070,P01,W070_V08_P01,W070_V09_P01,policy
W070,P02,W070_V08_P02,W070_V09_P02,semantic
W070,P03,W070_V08_P03,W070_V09_P03,numeric
W070,P04,W070_V08_P04,W070_V09_P04,major_semantic
W070,P05,W070_V08_P05,W070_V09_P05,reordering
W070,P06,W070_V08_P06,W070_V09_P06,date_time
W070,P07,W070_V08_P07,W070_V09_P07,deletion
W070,P08,W070_V08_P08,W070_V09_P08,addition
W070,P09,W070_V08_P09,W070_V09_P09,requirement
W070,P10,W070_V08_P10,W070_V09_P10,policy
W070,P01,W070_V09_P01,W070_V10_P01,addition
W070,P02,W070_V09_P02,W070_V10_P02,requirement
W070,P03,W070_V09_P03,W070_V10_P03,policy
W070,P04,W070_V09_P04,W070_V10_P04,semantic
W070,P05,W070_V09_P05,W070_V10_P05,numeric
W070,P06,W070_V09_P06,W070_V10_P06,major_semantic
W070,P07,W070_V09_P07,W070_V10_P07,reordering
W070,P08,W070_V09_P08,W070_V10_P08,date_time
W070,P09,W070_V09_P09,W070_V10_P09,deletion
W070,P10,W070_V09_P10,W070_V10_P10,addition
W071,P01,W071_V01_P01,W071_V02_P01,deletion
W071,P02,W071_V01_P02,W071_V02_P02,addition
W071,P03,W071_V01_P03,W071_V02_P03,requirement
W071,P04,W071_V01_P04,W071_V02_P04,policy
W071,P05,W071_V01_P05,W071_V02_P05,semantic
W071,P06,W071_V01_P06,W071_V02_P06,numeric
W071,P07,W071_V01_P07,W071_V02_P07,major_semantic
W071,P08,W071_V01_P08,W071_V02_P08,reordering
W071,P09,W071_V01_P09,W071_V02_P09,date_time
W071,P10,W071_V01_P10,W071_V02_P10,deletion
W071,P01,W071_V02_P01,W071_V03_P01,reordering
W071,P02,W071_V02_P02,W071_V03_P02,date_time
W071,P03,W071_V02_P03,W071_V03_P03,deletion
W071,P04,W071_V02_P04,W071_V03_P04,addition
W071,P05,W071_V02_P05,W071_V03_P05,requirement
W071,P06,W071_V02_P06,W071_V03_P06,policy
W071,P07,W071_V02_P07,W071_V03_P07,semantic
W071,P08,W071_V02_P08,W071_V03_P08,numeric
W071,P09,W071_V02_P09,W071_V03_P09,major_semantic
W071,P10,W071_V02_P10,W071_V03_P10,reordering
W071,P01,W071_V03_P01,W071_V04_P01,numeric
W071,P02,W071_V03_P02,W071_V04_P02,major_semantic
W071,P03,W071_V03_P03,W071_V04_P03,reordering
W071,P04,W071_V03_P04,W071_V04_P04,date_time
W071,P05,W071_V03_P05,W071_V04_P05,deletion
W071,P06,W071_V03_P06,W071_V04_P06,addition
W071,P07,W071_V03_P07,W071_V04_P07,requirement
W071,P08,W071_V03_P08,W071_V04_P08,policy
W071,P09,W071_V03_P09,W071_V04_P09,semantic
W071,P10,W071_V03_P10,W071_V04_P10,numeric
W071,P01,W071_V04_P01,W071_V05_P01,policy
W071,P02,W071_V04_P02,W071_V05_P02,semantic
W071,P03,W071_V04_P03,W071_V05_P03,numeric
W071,P04,W071_V04_P04,W071_V05_P04,major_semantic
W071,P05,W071_V04_P05,W071_V05_P05,reordering
W071,P06,W071_V04_P06,W071_V05_P06,date_time
W071,P07,W071_V04_P07,W071_V05_P07,deletion
W071,P08,W071_V04_P08,W071_V05_P08,addition
W071,P09,W071_V04_P09,W071_V05_P09,requirement
W071,P10,W071_V04_P10,W071_V05_P10,policy
W071,P01,W071_V05_P01,W071_V06_P01,addition
W071,P02,W071_V05_P02,W071_V06_P02,requirement
W071,P03,W071_V05_P03,W071_V06_P03,policy
W071,P04,W071_V05_P04,W071_V06_P04,semantic
W071,P05,W071_V05_P05,W071_V06_P05,numeric
W071,P06,W071_V05_P06,W071_V06_P06,major_semantic
W071,P07,W071_V05_P07,W071_V06_P07,reordering
W071,P08,W071_V05_P08,W071_V06_P08,date_time
W071,P09,W071_V05_P09,W071_V06_P09,deletion
W071,P10,W071_V05_P10,W071_V06_P10,addition
W071,P01,W071_V06_P01,W071_V07_P01,date_time
W071,P02,W071_V06_P02,W071_V07_P02,deletion
W071,P03,W071_V06_P03,W071_V07_P03,addition
W071,P04,W071_V06_P04,W071_V07_P04,requirement
W071,P05,W071_V06_P05,W071_V07_P05,policy
W071,P06,W071_V06_P06,W071_V07_P06,semantic
W071,P07,W071_V06_P07,W071_V07_P07,numeric
W071,P08,W071_V06_P08,W071_V07_P08,major_semantic
W071,P09,W071_V06_P09,W071_V07_P09,reordering
W071,P10,W071_V06_P10,W071_V07_P10,date_time
W071,P01,W071_V07_P01,W071_V08_P01,major_semantic
W071,P02,W071_V07_P02,W071_V08_P02,reordering
W071,P03,W071_V07_P03,W071_V08_P03,date_time
W071,P04,W071_V07_P04,W071_V08_P04,deletion
W071,P05,W071_V07_P05,W071_V08_P05,addition
W071,P06,W071_V07_P06,W071_V08_P06,requirement
W071,P07,W071_V07_P07,W071_V08_P07,policy
W071,P08,W071_V07_P08,W071_V08_P08,semantic
W071,P09,W071_V07_P09,W071_V08_P09,numeric
W071,P10,W071_V07_P10,W071_V08_P10,major_semantic
W071,P01,W071_V08_P01,W071_V09_P01,semantic
W071,P02,W071_V08_P02,W071_V09_P02,numeric
W071,P03,W071_V08_P03,W071_V09_P03,major_semantic
W071,P04,W071_V08_P04,W071_V09_P04,reordering
W071,P05,W071_V08_P05,W071_V09_P05,date_time
W071,P06,W071_V08_P06,W071_V09_P06,deletion
W071,P07,W071_V08_P07,W071_V09_P07,addition
W071,P08,W071_V08_P08,W071_V09_P08,requirement
W071,P09,W071_V08_P09,W071_V09_P09,policy
W071,P10,W071_V08_P10,W071_V09_P10,semantic
W071,P01,W071_V09_P01,W071_V10_P01,requirement
W071,P02,W071_V09_P02,W071_V10_P02,policy
W071,P03,W071_V09_P03,W071_V10_P03,semantic
W071,P04,W071_V09_P04,W071_V10_P04,numeric
W071,P05,W071_V09_P05,W071_V10_P05,major_semantic
W071,P06,W071_V09_P06,W071_V10_P06,reordering
W071,P07,W071_V09_P07,W071_V10_P07,date_time
W071,P08,W071_V09_P08,W071_V10_P08,deletion
W071,P09,W071_V09_P09,W071_V10_P09,addition
W071,P10,W071_V09_P10,W071_V10_P10,requirement
W072,P01,W072_V01_P01,W072_V02_P01,addition
W072,P02,W072_V01_P02,W072_V02_P02,requirement
W072,P03,W072_V01_P03,W072_V02_P03,policy
W072,P04,W072_V01_P04,W072_V02_P04,semantic
W072,P05,W072_V01_P05,W072_V02_P05,numeric
W072,P06,W072_V01_P06,W072_V02_P06,major_semantic
W072,P07,W072_V01_P07,W072_V02_P07,reordering
W072,P08,W072_V01_P08,W072_V02_P08,date_time
W072,P09,W072_V01_P09,W072_V02_P09,deletion
W072,P10,W072_V01_P10,W072_V02_P10,addition
W072,P01,W072_V02_P01,W072_V03_P01,date_time
W072,P02,W072_V02_P02,W072_V03_P02,deletion
W072,P03,W072_V02_P03,W072_V03_P03,addition
W072,P04,W072_V02_P04,W072_V03_P04,requirement
W072,P05,W072_V02_P05,W072_V03_P05,policy
W072,P06,W072_V02_P06,W072_V03_P06,semantic
W072,P07,W072_V02_P07,W072_V03_P07,numeric
W072,P08,W072_V02_P08,W072_V03_P08,major_semantic
W072,P09,W072_V02_P09,W072_V03_P09,reordering
W072,P10,W072_V02_P10,W072_V03_P10,date_time
W072,P01,W072_V03_P01,W072_V04_P01,major_semantic
W072,P02,W072_V03_P02,W072_V04_P02,reordering
W072,P03,W072_V03_P03,W072_V04_P03,date_time
W072,P04,W072_V03_P04,W072_V04_P04,deletion
W072,P05,W072_V03_P05,W072_V04_P05,addition
W072,P06,W072_V03_P06,W072_V04_P06,requirement
W072,P07,W072_V03_P07,W072_V04_P07,policy
W072,P08,W072_V03_P08,W072_V04_P08,semantic
W072,P09,W072_V03_P09,W072_V04_P09,numeric
W072,P10,W072_V03_P10,W072_V04_P10,major_semantic
W072,P01,W072_V04_P01,W072_V05_P01,semantic
W072,P02,W072_V04_P02,W072_V05_P02,numeric
W072,P03,W072_V04_P03,W072_V05_P03,major_semantic
W072,P04,W072_V04_P04,W072_V05_P04,reordering
W072,P05,W072_V04_P05,W072_V05_P05,date_time
W072,P06,W072_V04_P06,W072_V05_P06,deletion
W072,P07,W072_V04_P07,W072_V05_P07,addition
W072,P08,W072_V04_P08,W072_V05_P08,requirement
W072,P09,W072_V04_P09,W072_V05_P09,policy
W072,P10,W072_V04_P10,W072_V05_P10,semantic
W072,P01,W072_V05_P01,W072_V06_P01,requirement
W072,P02,W072_V05_P02,W072_V06_P02,policy
W072,P03,W072_V05_P03,W072_V06_P03,semantic
W072,P04,W072_V05_P04,W072_V06_P04,numeric
W072,P05,W072_V05_P05,W072_V06_P05,major_semantic
W072,P06,W072_V05_P06,W072_V06_P06,reordering
W072,P07,W072_V05_P07,W072_V06_P07,date_time
W072,P08,W072_V05_P08,W072_V06_P08,deletion
W072,P09,W072_V05_P09,W072_V06_P09,addition
W072,P10,W072_V05_P10,W072_V06_P10,requirement
W072,P01,W072_V06_P01,W072_V07_P01,deletion
W072,P02,W072_V06_P02,W072_V07_P02,addition
W072,P03,W072_V06_P03,W072_V07_P03,requirement
W072,P04,W072_V06_P04,W072_V07_P04,policy
W072,P05,W072_V06_P05,W072_V07_P05,semantic
W072,P06,W072_V06_P06,W072_V07_P06,numeric
W072,P07,W072_V06_P07,W072_V07_P07,major_semantic
W072,P08,W072_V06_P08,W072_V07_P08,reordering
W072,P09,W072_V06_P09,W072_V07_P09,date_time
W072,P10,W072_V06_P10,W072_V07_P10,deletion
W072,P01,W072_V07_P01,W072_V08_P01,reordering
W072,P02,W072_V07_P02,W072_V08_P02,date_time
W072,P03,W072_V07_P03,W072_V08_P03,deletion
W072,P04,W072_V07_P04,W072_V08_P04,addition
W072,P05,W072_V07_P05,W072_V08_P05,requirement
W072,P06,W072_V07_P06,W072_V08_P06,policy
W072,P07,W072_V07_P07,W072_V08_P07,semantic
W072,P08,W072_V07_P08,W072_V08_P08,numeric
W072,P09,W072_V07_P09,W072_V08_P09,major_semantic
W072,P10,W072_V07_P10,W072_V08_P10,reordering
W072,P01,W072_V08_P01,W072_V09_P01,numeric
W072,P02,W072_V08_P02,W072_V09_P02,major_semantic
W072,P03,W072_V08_P03,W072_V09_P03,reordering
W072,P04,W072_V08_P04,W072_V09_P04,date_time
W072,P05,W072_V08_P05,W072_V09_P05,deletion
W072,P06,W072_V08_P06,W072_V09_P06,addition
W072,P07,W072_V08_P07,W072_V09_P07,requirement
W072,P08,W072_V08_P08,W072_V09_P08,policy
W072,P09,W072_V08_P09,W072_V09_P09,semantic
W072,P10,W072_V08_P10,W072_V09_P10,numeric
W072,P01,W072_V09_P01,W072_V10_P01,policy
W072,P02,W072_V09_P02,W072_V10_P02,semantic
W072,P03,W072_V09_P03,W072_V10_P03,numeric
W072,P04,W072_V09_P04,W072_V10_P04,major_semantic
W072,P05,W072_V09_P05,W072_V10_P05,reordering
W072,P06,W072_V09_P06,W072_V10_P06,date_time
W072,P07,W072_V09_P07,W072_V10_P07,deletion
W072,P08,W072_V09_P08,W072_V10_P08,addition
W072,P09,W072_V09_P09,W072_V10_P09,requirement
W072,P10,W072_V09_P10,W072_V10_P10,policy
W073,P01,W073_V01_P01,W073_V02_P01,requirement
W073,P02,W073_V01_P02,W073_V02_P02,policy
W073,P03,W073_V01_P03,W073_V02_P03,semantic
W073,P04,W073_V01_P04,W073_V02_P04,numeric
W073,P05,W073_V01_P05,W073_V02_P05,major_semantic
W073,P06,W073_V01_P06,W073_V02_P06,reordering
W073,P07,W073_V01_P07,W073_V02_P07,date_time
W073,P08,W073_V01_P08,W073_V02_P08,deletion
W073,P09,W073_V01_P09,W073_V02_P09,addition
W073,P10,W073_V01_P10,W073_V02_P10,requirement
W073,P01,W073_V02_P01,W073_V03_P01,deletion
W073,P02,W073_V02_P02,W073_V03_P02,addition
W073,P03,W073_V02_P03,W073_V03_P03,requirement
W073,P04,W073_V02_P04,W073_V03_P04,policy
W073,P05,W073_V02_P05,W073_V03_P05,semantic
W073,P06,W073_V02_P06,W073_V03_P06,numeric
W073,P07,W073_V02_P07,W073_V03_P07,major_semantic
W073,P08,W073_V02_P08,W073_V03_P08,reordering
W073,P09,W073_V02_P09,W073_V03_P09,date_time
W073,P10,W073_V02_P10,W073_V03_P10,deletion
W073,P01,W073_V03_P01,W073_V04_P01,reordering
W073,P02,W073_V03_P02,W073_V04_P02,date_time
W073,P03,W073_V03_P03,W073_V04_P03,deletion
W073,P04,W073_V03_P04,W073_V04_P04,addition
W073,P05,W073_V03_P05,W073_V04_P05,requirement
W073,P06,W073_V03_P06,W073_V04_P06,policy
W073,P07,W073_V03_P07,W073_V04_P07,semantic
W073,P08,W073_V03_P08,W073_V04_P08,numeric
W073,P09,W073_V03_P09,W073_V04_P09,major_semantic
W073,P10,W073_V03_P10,W073_V04_P10,reordering
W073,P01,W073_V04_P01,W073_V05_P01,numeric
W073,P02,W073_V04_P02,W073_V05_P02,major_semantic
W073,P03,W073_V04_P03,W073_V05_P03,reordering
W073,P04,W073_V04_P04,W073_V05_P04,date_time
W073,P05,W073_V04_P05,W073_V05_P05,deletion
W073,P06,W073_V04_P06,W073_V05_P06,addition
W073,P07,W073_V04_P07,W073_V05_P07,requirement
W073,P08,W073_V04_P08,W073_V05_P08,policy
W073,P09,W073_V04_P09,W073_V05_P09,semantic
W073,P10,W073_V04_P10,W073_V05_P10,numeric
W073,P01,W073_V05_P01,W073_V06_P01,policy
W073,P02,W073_V05_P02,W073_V06_P02,semantic
W073,P03,W073_V05_P03,W073_V06_P03,numeric
W073,P04,W073_V05_P04,W073_V06_P04,major_semantic
W073,P05,W073_V05_P05,W073_V06_P05,reordering
W073,P06,W073_V05_P06,W073_V06_P06,date_time
W073,P07,W073_V05_P07,W073_V06_P07,deletion
W073,P08,W073_V05_P08,W073_V06_P08,addition
W073,P09,W073_V05_P09,W073_V06_P09,requirement
W073,P10,W073_V05_P10,W073_V06_P10,policy
W073,P01,W073_V06_P01,W073_V07_P01,addition
W073,P02,W073_V06_P02,W073_V07_P02,requirement
W073,P03,W073_V06_P03,W073_V07_P03,policy
W073,P04,W073_V06_P04,W073_V07_P04,semantic
W073,P05,W073_V06_P05,W073_V07_P05,numeric
W073,P06,W073_V06_P06,W073_V07_P06,major_semantic
W073,P07,W073_V06_P07,W073_V07_P07,reordering
W073,P08,W073_V06_P08,W073_V07_P08,date_time
W073,P09,W073_V06_P09,W073_V07_P09,deletion
W073,P10,W073_V06_P10,W073_V07_P10,addition
W073,P01,W073_V07_P01,W073_V08_P01,date_time
W073,P02,W073_V07_P02,W073_V08_P02,deletion
W073,P03,W073_V07_P03,W073_V08_P03,addition
W073,P04,W073_V07_P04,W073_V08_P04,requirement
W073,P05,W073_V07_P05,W073_V08_P05,policy
W073,P06,W073_V07_P06,W073_V08_P06,semantic
W073,P07,W073_V07_P07,W073_V08_P07,numeric
W073,P08,W073_V07_P08,W073_V08_P08,major_semantic
W073,P09,W073_V07_P09,W073_V08_P09,reordering
W073,P10,W073_V07_P10,W073_V08_P10,date_time
W073,P01,W073_V08_P01,W073_V09_P01,major_semantic
W073,P02,W073_V08_P02,W073_V09_P02,reordering
W073,P03,W073_V08_P03,W073_V09_P03,date_time
W073,P04,W073_V08_P04,W073_V09_P04,deletion
W073,P05,W073_V08_P05,W073_V09_P05,addition
W073,P06,W073_V08_P06,W073_V09_P06,requirement
W073,P07,W073_V08_P07,W073_V09_P07,policy
W073,P08,W073_V08_P08,W073_V09_P08,semantic
W073,P09,W073_V08_P09,W073_V09_P09,numeric
W073,P10,W073_V08_P10,W073_V09_P10,major_semantic
W073,P01,W073_V09_P01,W073_V10_P01,semantic
W073,P02,W073_V09_P02,W073_V10_P02,numeric
W073,P03,W073_V09_P03,W073_V10_P03,major_semantic
W073,P04,W073_V09_P04,W073_V10_P04,reordering
W073,P05,W073_V09_P05,W073_V10_P05,date_time
W073,P06,W073_V09_P06,W073_V10_P06,deletion
W073,P07,W073_V09_P07,W073_V10_P07,addition
W073,P08,W073_V09_P08,W073_V10_P08,requirement
W073,P09,W073_V09_P09,W073_V10_P09,policy
W073,P10,W073_V09_P10,W073_V10_P10,semantic
W074,P01,W074_V01_P01,W074_V02_P01,policy
W074,P02,W074_V01_P02,W074_V02_P02,semantic
W074,P03,W074_V01_P03,W074_V02_P03,numeric
W074,P04,W074_V01_P04,W074_V02_P04,major_semantic
W074,P05,W074_V01_P05,W074_V02_P05,reordering
W074,P06,W074_V01_P06,W074_V02_P06,date_time
W074,P07,W074_V01_P07,W074_V02_P07,deletion
W074,P08,W074_V01_P08,W074_V02_P08,addition
W074,P09,W074_V01_P09,W074_V02_P09,requirement
W074,P10,W074_V01_P10,W074_V02_P10,policy
W074,P01,W074_V02_P01,W074_V03_P01,addition
W074,P02,W074_V02_P02,W074_V03_P02,requirement
W074,P03,W074_V02_P03,W074_V03_P03,policy
W074,P04,W074_V02_P04,W074_V03_P04,semantic
W074,P05,W074_V02_P05,W074_V03_P05,numeric
W074,P06,W074_V02_P06,W074_V03_P06,major_semantic
W074,P07,W074_V02_P07,W074_V03_P07,reordering
W074,P08,W074_V02_P08,W074_V03_P08,date_time
W074,P09,W074_V02_P09,W074_V03_P09,deletion
W074,P10,W074_V02_P10,W074_V03_P10,addition
W074,P01,W074_V03_P01,W074_V04_P01,date_time
W074,P02,W074_V03_P02,W074_V04_P02,deletion
W074,P03,W074_V03_P03,W074_V04_P03,addition
W074,P04,W074_V03_P04,W074_V04_P04,requirement
W074,P05,W074_V03_P05,W074_V04_P05,policy
W074,P06,W074_V03_P06,W074_V04_P06,semantic
W074,P07,W074_V03_P07,W074_V04_P07,numeric
W074,P08,W074_V03_P08,W074_V04_P08,major_semantic
W074,P09,W074_V03_P09,W074_V04_P09,reordering
W074,P10,W074_V03_P10,W074_V04_P10,date_time
W074,P01,W074_V04_P01,W074_V05_P01,major_semantic
W074,P02,W074_V04_P02,W074_V05_P02,reordering
W074,P03,W074_V04_P03,W074_V05_P03,date_time
W074,P04,W074_V04_P04,W074_V05_P04,deletion
W074,P05,W074_V04_P05,W074_V05_P05,addition
W074,P06,W074_V04_P06,W074_V05_P06,requirement
W074,P07,W074_V04_P07,W074_V05_P07,policy
W074,P08,W074_V04_P08,W074_V05_P08,semantic
W074,P09,W074_V04_P09,W074_V05_P09,numeric
W074,P10,W074_V04_P10,W074_V05_P10,major_semantic
W074,P01,W074_V05_P01,W074_V06_P01,semantic
W074,P02,W074_V05_P02,W074_V06_P02,numeric
W074,P03,W074_V05_P03,W074_V06_P03,major_semantic
W074,P04,W074_V05_P04,W074_V06_P04,reordering
W074,P05,W074_V05_P05,W074_V06_P05,date_time
W074,P06,W074_V05_P06,W074_V06_P06,deletion
W074,P07,W074_V05_P07,W074_V06_P07,addition
W074,P08,W074_V05_P08,W074_V06_P08,requirement
W074,P09,W074_V05_P09,W074_V06_P09,policy
W074,P10,W074_V05_P10,W074_V06_P10,semantic
W074,P01,W074_V06_P01,W074_V07_P01,requirement
W074,P02,W074_V06_P02,W074_V07_P02,policy
W074,P03,W074_V06_P03,W074_V07_P03,semantic
W074,P04,W074_V06_P04,W074_V07_P04,numeric
W074,P05,W074_V06_P05,W074_V07_P05,major_semantic
W074,P06,W074_V06_P06,W074_V07_P06,reordering
W074,P07,W074_V06_P07,W074_V07_P07,date_time
W074,P08,W074_V06_P08,W074_V07_P08,deletion
W074,P09,W074_V06_P09,W074_V07_P09,addition
W074,P10,W074_V06_P10,W074_V07_P10,requirement
W074,P01,W074_V07_P01,W074_V08_P01,deletion
W074,P02,W074_V07_P02,W074_V08_P02,addition
W074,P03,W074_V07_P03,W074_V08_P03,requirement
W074,P04,W074_V07_P04,W074_V08_P04,policy
W074,P05,W074_V07_P05,W074_V08_P05,semantic
W074,P06,W074_V07_P06,W074_V08_P06,numeric
W074,P07,W074_V07_P07,W074_V08_P07,major_semantic
W074,P08,W074_V07_P08,W074_V08_P08,reordering
W074,P09,W074_V07_P09,W074_V08_P09,date_time
W074,P10,W074_V07_P10,W074_V08_P10,deletion
W074,P01,W074_V08_P01,W074_V09_P01,reordering
W074,P02,W074_V08_P02,W074_V09_P02,date_time
W074,P03,W074_V08_P03,W074_V09_P03,deletion
W074,P04,W074_V08_P04,W074_V09_P04,addition
W074,P05,W074_V08_P05,W074_V09_P05,requirement
W074,P06,W074_V08_P06,W074_V09_P06,policy
W074,P07,W074_V08_P07,W074_V09_P07,semantic
W074,P08,W074_V08_P08,W074_V09_P08,numeric
W074,P09,W074_V08_P09,W074_V09_P09,major_semantic
W074,P10,W074_V08_P10,W074_V09_P10,reordering
W074,P01,W074_V09_P01,W074_V10_P01,numeric
W074,P02,W074_V09_P02,W074_V10_P02,major_semantic
W074,P03,W074_V09_P03,W074_V10_P03,reordering
W074,P04,W074_V09_P04,W074_V10_P04,date_time
W074,P05,W074_V09_P05,W074_V10_P05,deletion
W074,P06,W074_V09_P06,W074_V10_P06,addition
W074,P07,W074_V09_P07,W074_V10_P07,requirement
W074,P08,W074_V09_P08,W074_V10_P08,policy
W074,P09,W074_V09_P09,W074_V10_P09,semantic
W074,P10,W074_V09_P10,W074_V10_P10,numeric
W075,P01,W075_V01_P01,W075_V02_P01,semantic
W075,P02,W075_V01_P02,W075_V02_P02,numeric
W075,P03,W075_V01_P03,W075_V02_P03,major_semantic
W075,P04,W075_V01_P04,W075_V02_P04,reordering
W075,P05,W075_V01_P05,W075_V02_P05,date_time
W075,P06,W075_V01_P06,W075_V02_P06,deletion
W075,P07,W075_V01_P07,W075_V02_P07,addition
W075,P08,W075_V01_P08,W075_V02_P08,requirement
W075,P09,W075_V01_P09,W075_V02_P09,policy
W075,P10,W075_V01_P10,W075_V02_P10,semantic
W075,P01,W075_V02_P01,W075_V03_P01,requirement
W075,P02,W075_V02_P02,W075_V03_P02,policy
W075,P03,W075_V02_P03,W075_V03_P03,semantic
W075,P04,W075_V02_P04,W075_V03_P04,numeric
W075,P05,W075_V02_P05,W075_V03_P05,major_semantic
W075,P06,W075_V02_P06,W075_V03_P06,reordering
W075,P07,W075_V02_P07,W075_V03_P07,date_time
W075,P08,W075_V02_P08,W075_V03_P08,deletion
W075,P09,W075_V02_P09,W075_V03_P09,addition
W075,P10,W075_V02_P10,W075_V03_P10,requirement
W075,P01,W075_V03_P01,W075_V04_P01,deletion
W075,P02,W075_V03_P02,W075_V04_P02,addition
W075,P03,W075_V03_P03,W075_V04_P03,requirement
W075,P04,W075_V03_P04,W075_V04_P04,policy
W075,P05,W075_V03_P05,W075_V04_P05,semantic
W075,P06,W075_V03_P06,W075_V04_P06,numeric
W075,P07,W075_V03_P07,W075_V04_P07,major_semantic
W075,P08,W075_V03_P08,W075_V04_P08,reordering
W075,P09,W075_V03_P09,W075_V04_P09,date_time
W075,P10,W075_V03_P10,W075_V04_P10,deletion
W075,P01,W075_V04_P01,W075_V05_P01,reordering
W075,P02,W075_V04_P02,W075_V05_P02,date_time
W075,P03,W075_V04_P03,W075_V05_P03,deletion
W075,P04,W075_V04_P04,W075_V05_P04,addition
W075,P05,W075_V04_P05,W075_V05_P05,requirement
W075,P06,W075_V04_P06,W075_V05_P06,policy
W075,P07,W075_V04_P07,W075_V05_P07,semantic
W075,P08,W075_V04_P08,W075_V05_P08,numeric
W075,P09,W075_V04_P09,W075_V05_P09,major_semantic
W075,P10,W075_V04_P10,W075_V05_P10,reordering
W075,P01,W075_V05_P01,W075_V06_P01,numeric
W075,P02,W075_V05_P02,W075_V06_P02,major_semantic
W075,P03,W075_V05_P03,W075_V06_P03,reordering
W075,P04,W075_V05_P04,W075_V06_P04,date_time
W075,P05,W075_V05_P05,W075_V06_P05,deletion
W075,P06,W075_V05_P06,W075_V06_P06,addition
W075,P07,W075_V05_P07,W075_V06_P07,requirement
W075,P08,W075_V05_P08,W075_V06_P08,policy
W075,P09,W075_V05_P09,W075_V06_P09,semantic
W075,P10,W075_V05_P10,W075_V06_P10,numeric
W075,P01,W075_V06_P01,W075_V07_P01,policy
W075,P02,W075_V06_P02,W075_V07_P02,semantic
W075,P03,W075_V06_P03,W075_V07_P03,numeric
W075,P04,W075_V06_P04,W075_V07_P04,major_semantic
W075,P05,W075_V06_P05,W075_V07_P05,reordering
W075,P06,W075_V06_P06,W075_V07_P06,date_time
W075,P07,W075_V06_P07,W075_V07_P07,deletion
W075,P08,W075_V06_P08,W075_V07_P08,addition
W075,P09,W075_V06_P09,W075_V07_P09,requirement
W075,P10,W075_V06_P10,W075_V07_P10,policy
W075,P01,W075_V07_P01,W075_V08_P01,addition
W075,P02,W075_V07_P02,W075_V08_P02,requirement
W075,P03,W075_V07_P03,W075_V08_P03,policy
W075,P04,W075_V07_P04,W075_V08_P04,semantic
W075,P05,W075_V07_P05,W075_V08_P05,numeric
W075,P06,W075_V07_P06,W075_V08_P06,major_semantic
W075,P07,W075_V07_P07,W075_V08_P07,reordering
W075,P08,W075_V07_P08,W075_V08_P08,date_time
W075,P09,W075_V07_P09,W075_V08_P09,deletion
W075,P10,W075_V07_P10,W075_V08_P10,addition
W075,P01,W075_V08_P01,W075_V09_P01,date_time
W075,P02,W075_V08_P02,W075_V09_P02,deletion
W075,P03,W075_V08_P03,W075_V09_P03,addition
W075,P04,W075_V08_P04,W075_V09_P04,requirement
W075,P05,W075_V08_P05,W075_V09_P05,policy
W075,P06,W075_V08_P06,W075_V09_P06,semantic
W075,P07,W075_V08_P07,W075_V09_P07,numeric
W075,P08,W075_V08_P08,W075_V09_P08,major_semantic
W075,P09,W075_V08_P09,W075_V09_P09,reordering
W075,P10,W075_V08_P10,W075_V09_P10,date_time
W075,P01,W075_V09_P01,W075_V10_P01,major_semantic
W075,P02,W075_V09_P02,W075_V10_P02,reordering
W075,P03,W075_V09_P03,W075_V10_P03,date_time
W075,P04,W075_V09_P04,W075_V10_P04,deletion
W075,P05,W075_V09_P05,W075_V10_P05,addition
W075,P06,W075_V09_P06,W075_V10_P06,requirement
W075,P07,W075_V09_P07,W075_V10_P07,policy
W075,P08,W075_V09_P08,W075_V10_P08,semantic
W075,P09,W075_V09_P09,W075_V10_P09,numeric
W075,P10,W075_V09_P10,W075_V10_P10,major_semantic
W076,P01,W076_V01_P01,W076_V02_P01,numeric
W076,P02,W076_V01_P02,W076_V02_P02,major_semantic
W076,P03,W076_V01_P03,W076_V02_P03,reordering
W076,P04,W076_V01_P04,W076_V02_P04,date_time
W076,P05,W076_V01_P05,W076_V02_P05,deletion
W076,P06,W076_V01_P06,W076_V02_P06,addition
W076,P07,W076_V01_P07,W076_V02_P07,requirement
W076,P08,W076_V01_P08,W076_V02_P08,policy
W076,P09,W076_V01_P09,W076_V02_P09,semantic
W076,P10,W076_V01_P10,W076_V02_P10,numeric
W076,P01,W076_V02_P01,W076_V03_P01,policy
W076,P02,W076_V02_P02,W076_V03_P02,semantic
W076,P03,W076_V02_P03,W076_V03_P03,numeric
W076,P04,W076_V02_P04,W076_V03_P04,major_semantic
W076,P05,W076_V02_P05,W076_V03_P05,reordering
W076,P06,W076_V02_P06,W076_V03_P06,date_time
W076,P07,W076_V02_P07,W076_V03_P07,deletion
W076,P08,W076_V02_P08,W076_V03_P08,addition
W076,P09,W076_V02_P09,W076_V03_P09,requirement
W076,P10,W076_V02_P10,W076_V03_P10,policy
W076,P01,W076_V03_P01,W076_V04_P01,addition
W076,P02,W076_V03_P02,W076_V04_P02,requirement
W076,P03,W076_V03_P03,W076_V04_P03,policy
W076,P04,W076_V03_P04,W076_V04_P04,semantic
W076,P05,W076_V03_P05,W076_V04_P05,numeric
W076,P06,W076_V03_P06,W076_V04_P06,major_semantic
W076,P07,W076_V03_P07,W076_V04_P07,reordering
W076,P08,W076_V03_P08,W076_V04_P08,date_time
W076,P09,W076_V03_P09,W076_V04_P09,deletion
W076,P10,W076_V03_P10,W076_V04_P10,addition
W076,P01,W076_V04_P01,W076_V05_P01,date_time
W076,P02,W076_V04_P02,W076_V05_P02,deletion
W076,P03,W076_V04_P03,W076_V05_P03,addition
W076,P04,W076_V04_P04,W076_V05_P04,requirement
W076,P05,W076_V04_P05,W076_V05_P05,policy
W076,P06,W076_V04_P06,W076_V05_P06,semantic
W076,P07,W076_V04_P07,W076_V05_P07,numeric
W076,P08,W076_V04_P08,W076_V05_P08,major_semantic
W076,P09,W076_V04_P09,W076_V05_P09,reordering
W076,P10,W076_V04_P10,W076_V05_P10,date_time
W076,P01,W076_V05_P01,W076_V06_P01,major_semantic
W076,P02,W076_V05_P02,W076_V06_P02,reordering
W076,P03,W076_V05_P03,W076_V06_P03,date_time
W076,P04,W076_V05_P04,W076_V06_P04,deletion
W076,P05,W076_V05_P05,W076_V06_P05,addition
W076,P06,W076_V05_P06,W076_V06_P06,requirement
W076,P07,W076_V05_P07,W076_V06_P07,policy
W076,P08,W076_V05_P08,W076_V06_P08,semantic
W076,P09,W076_V05_P09,W076_V06_P09,numeric
W076,P10,W076_V05_P10,W076_V06_P10,major_semantic
W076,P01,W076_V06_P01,W076_V07_P01,semantic
W076,P02,W076_V06_P02,W076_V07_P02,numeric
W076,P03,W076_V06_P03,W076_V07_P03,major_semantic
W076,P04,W076_V06_P04,W076_V07_P04,reordering
W076,P05,W076_V06_P05,W076_V07_P05,date_time
W076,P06,W076_V06_P06,W076_V07_P06,deletion
W076,P07,W076_V06_P07,W076_V07_P07,addition
W076,P08,W076_V06_P08,W076_V07_P08,requirement
W076,P09,W076_V06_P09,W076_V07_P09,policy
W076,P10,W076_V06_P10,W076_V07_P10,semantic
W076,P01,W076_V07_P01,W076_V08_P01,requirement
W076,P02,W076_V07_P02,W076_V08_P02,policy
W076,P03,W076_V07_P03,W076_V08_P03,semantic
W076,P04,W076_V07_P04,W076_V08_P04,numeric
W076,P05,W076_V07_P05,W076_V08_P05,major_semantic
W076,P06,W076_V07_P06,W076_V08_P06,reordering
W076,P07,W076_V07_P07,W076_V08_P07,date_time
W076,P08,W076_V07_P08,W076_V08_P08,deletion
W076,P09,W076_V07_P09,W076_V08_P09,addition
W076,P10,W076_V07_P10,W076_V08_P10,requirement
W076,P01,W076_V08_P01,W076_V09_P01,deletion
W076,P02,W076_V08_P02,W076_V09_P02,addition
W076,P03,W076_V08_P03,W076_V09_P03,requirement
W076,P04,W076_V08_P04,W076_V09_P04,policy
W076,P05,W076_V08_P05,W076_V09_P05,semantic
W076,P06,W076_V08_P06,W076_V09_P06,numeric
W076,P07,W076_V08_P07,W076_V09_P07,major_semantic
W076,P08,W076_V08_P08,W076_V09_P08,reordering
W076,P09,W076_V08_P09,W076_V09_P09,date_time
W076,P10,W076_V08_P10,W076_V09_P10,deletion
W076,P01,W076_V09_P01,W076_V10_P01,reordering
W076,P02,W076_V09_P02,W076_V10_P02,date_time
W076,P03,W076_V09_P03,W076_V10_P03,deletion
W076,P04,W076_V09_P04,W076_V10_P04,addition
W076,P05,W076_V09_P05,W076_V10_P05,requirement
W076,P06,W076_V09_P06,W076_V10_P06,policy
W076,P07,W076_V09_P07,W076_V10_P07,semantic
W076,P08,W076_V09_P08,W076_V10_P08,numeric
W076,P09,W076_V09_P09,W076_V10_P09,major_semantic
W076,P10,W076_V09_P10,W076_V10_P10,reordering
W077,P01,W077_V01_P01,W077_V02_P01,major_semantic
W077,P02,W077_V01_P02,W077_V02_P02,reordering
W077,P03,W077_V01_P03,W077_V02_P03,date_time
W077,P04,W077_V01_P04,W077_V02_P04,deletion
W077,P05,W077_V01_P05,W077_V02_P05,addition
W077,P06,W077_V01_P06,W077_V02_P06,requirement
W077,P07,W077_V01_P07,W077_V02_P07,policy
W077,P08,W077_V01_P08,W077_V02_P08,semantic
W077,P09,W077_V01_P09,W077_V02_P09,numeric
W077,P10,W077_V01_P10,W077_V02_P10,major_semantic
W077,P01,W077_V02_P01,W077_V03_P01,semantic
W077,P02,W077_V02_P02,W077_V03_P02,numeric
W077,P03,W077_V02_P03,W077_V03_P03,major_semantic
W077,P04,W077_V02_P04,W077_V03_P04,reordering
W077,P05,W077_V02_P05,W077_V03_P05,date_time
W077,P06,W077_V02_P06,W077_V03_P06,deletion
W077,P07,W077_V02_P07,W077_V03_P07,addition
W077,P08,W077_V02_P08,W077_V03_P08,requirement
W077,P09,W077_V02_P09,W077_V03_P09,policy
W077,P10,W077_V02_P10,W077_V03_P10,semantic
W077,P01,W077_V03_P01,W077_V04_P01,requirement
W077,P02,W077_V03_P02,W077_V04_P02,policy
W077,P03,W077_V03_P03,W077_V04_P03,semantic
W077,P04,W077_V03_P04,W077_V04_P04,numeric
W077,P05,W077_V03_P05,W077_V04_P05,major_semantic
W077,P06,W077_V03_P06,W077_V04_P06,reordering
W077,P07,W077_V03_P07,W077_V04_P07,date_time
W077,P08,W077_V03_P08,W077_V04_P08,deletion
W077,P09,W077_V03_P09,W077_V04_P09,addition
W077,P10,W077_V03_P10,W077_V04_P10,requirement
W077,P01,W077_V04_P01,W077_V05_P01,deletion
W077,P02,W077_V04_P02,W077_V05_P02,addition
W077,P03,W077_V04_P03,W077_V05_P03,requirement
W077,P04,W077_V04_P04,W077_V05_P04,policy
W077,P05,W077_V04_P05,W077_V05_P05,semantic
W077,P06,W077_V04_P06,W077_V05_P06,numeric
W077,P07,W077_V04_P07,W077_V05_P07,major_semantic
W077,P08,W077_V04_P08,W077_V05_P08,reordering
W077,P09,W077_V04_P09,W077_V05_P09,date_time
W077,P10,W077_V04_P10,W077_V05_P10,deletion
W077,P01,W077_V05_P01,W077_V06_P01,reordering
W077,P02,W077_V05_P02,W077_V06_P02,date_time
W077,P03,W077_V05_P03,W077_V06_P03,deletion
W077,P04,W077_V05_P04,W077_V06_P04,addition
W077,P05,W077_V05_P05,W077_V06_P05,requirement
W077,P06,W077_V05_P06,W077_V06_P06,policy
W077,P07,W077_V05_P07,W077_V06_P07,semantic
W077,P08,W077_V05_P08,W077_V06_P08,numeric
W077,P09,W077_V05_P09,W077_V06_P09,major_semantic
W077,P10,W077_V05_P10,W077_V06_P10,reordering
W077,P01,W077_V06_P01,W077_V07_P01,numeric
W077,P02,W077_V06_P02,W077_V07_P02,major_semantic
W077,P03,W077_V06_P03,W077_V07_P03,reordering
W077,P04,W077_V06_P04,W077_V07_P04,date_time
W077,P05,W077_V06_P05,W077_V07_P05,deletion
W077,P06,W077_V06_P06,W077_V07_P06,addition
W077,P07,W077_V06_P07,W077_V07_P07,requirement
W077,P08,W077_V06_P08,W077_V07_P08,policy
W077,P09,W077_V06_P09,W077_V07_P09,semantic
W077,P10,W077_V06_P10,W077_V07_P10,numeric
W077,P01,W077_V07_P01,W077_V08_P01,policy
W077,P02,W077_V07_P02,W077_V08_P02,semantic
W077,P03,W077_V07_P03,W077_V08_P03,numeric
W077,P04,W077_V07_P04,W077_V08_P04,major_semantic
W077,P05,W077_V07_P05,W077_V08_P05,reordering
W077,P06,W077_V07_P06,W077_V08_P06,date_time
W077,P07,W077_V07_P07,W077_V08_P07,deletion
W077,P08,W077_V07_P08,W077_V08_P08,addition
W077,P09,W077_V07_P09,W077_V08_P09,requirement
W077,P10,W077_V07_P10,W077_V08_P10,policy
W077,P01,W077_V08_P01,W077_V09_P01,addition
W077,P02,W077_V08_P02,W077_V09_P02,requirement
W077,P03,W077_V08_P03,W077_V09_P03,policy
W077,P04,W077_V08_P04,W077_V09_P04,semantic
W077,P05,W077_V08_P05,W077_V09_P05,numeric
W077,P06,W077_V08_P06,W077_V09_P06,major_semantic
W077,P07,W077_V08_P07,W077_V09_P07,reordering
W077,P08,W077_V08_P08,W077_V09_P08,date_time
W077,P09,W077_V08_P09,W077_V09_P09,deletion
W077,P10,W077_V08_P10,W077_V09_P10,addition
W077,P01,W077_V09_P01,W077_V10_P01,date_time
W077,P02,W077_V09_P02,W077_V10_P02,deletion
W077,P03,W077_V09_P03,W077_V10_P03,addition
W077,P04,W077_V09_P04,W077_V10_P04,requirement
W077,P05,W077_V09_P05,W077_V10_P05,policy
W077,P06,W077_V09_P06,W077_V10_P06,semantic
W077,P07,W077_V09_P07,W077_V10_P07,numeric
W077,P08,W077_V09_P08,W077_V10_P08,major_semantic
W077,P09,W077_V09_P09,W077_V10_P09,reordering
W077,P10,W077_V09_P10,W077_V10_P10,date_time
W078,P01,W078_V01_P01,W078_V02_P01,reordering
W078,P02,W078_V01_P02,W078_V02_P02,date_time
W078,P03,W078_V01_P03,W078_V02_P03,deletion
W078,P04,W078_V01_P04,W078_V02_P04,addition
W078,P05,W078_V01_P05,W078_V02_P05,requirement
W078,P06,W078_V01_P06,W078_V02_P06,policy
W078,P07,W078_V01_P07,W078_V02_P07,semantic
W078,P08,W078_V01_P08,W078_V02_P08,numeric
W078,P09,W078_V01_P09,W078_V02_P09,major_semantic
W078,P10,W078_V01_P10,W078_V02_P10,reordering
W078,P01,W078_V02_P01,W078_V03_P01,numeric
W078,P02,W078_V02_P02,W078_V03_P02,major_semantic
W078,P03,W078_V02_P03,W078_V03_P03,reordering
W078,P04,W078_V02_P04,W078_V03_P04,date_time
W078,P05,W078_V02_P05,W078_V03_P05,deletion
W078,P06,W078_V02_P06,W078_V03_P06,addition
W078,P07,W078_V02_P07,W078_V03_P07,requirement
W078,P08,W078_V02_P08,W078_V03_P08,policy
W078,P09,W078_V02_P09,W078_V03_P09,semantic
W078,P10,W078_V02_P10,W078_V03_P10,numeric
W078,P01,W078_V03_P01,W078_V04_P01,policy
W078,P02,W078_V03_P02,W078_V04_P02,semantic
W078,P03,W078_V03_P03,W078_V04_P03,numeric
W078,P04,W078_V03_P04,W078_V04_P04,major_semantic
W078,P05,W078_V03_P05,W078_V04_P05,reordering
W078,P06,W078_V03_P06,W078_V04_P06,date_time
W078,P07,W078_V03_P07,W078_V04_P07,deletion
W078,P08,W078_V03_P08,W078_V04_P08,addition
W078,P09,W078_V03_P09,W078_V04_P09,requirement
W078,P10,W078_V03_P10,W078_V04_P10,policy
W078,P01,W078_V04_P01,W078_V05_P01,addition
W078,P02,W078_V04_P02,W078_V05_P02,requirement
W078,P03,W078_V04_P03,W078_V05_P03,policy
W078,P04,W078_V04_P04,W078_V05_P04,semantic
W078,P05,W078_V04_P05,W078_V05_P05,numeric
W078,P06,W078_V04_P06,W078_V05_P06,major_semantic
W078,P07,W078_V04_P07,W078_V05_P07,reordering
W078,P08,W078_V04_P08,W078_V05_P08,date_time
W078,P09,W078_V04_P09,W078_V05_P09,deletion
W078,P10,W078_V04_P10,W078_V05_P10,addition
W078,P01,W078_V05_P01,W078_V06_P01,date_time
W078,P02,W078_V05_P02,W078_V06_P02,deletion
W078,P03,W078_V05_P03,W078_V06_P03,addition
W078,P04,W078_V05_P04,W078_V06_P04,requirement
W078,P05,W078_V05_P05,W078_V06_P05,policy
W078,P06,W078_V05_P06,W078_V06_P06,semantic
W078,P07,W078_V05_P07,W078_V06_P07,numeric
W078,P08,W078_V05_P08,W078_V06_P08,major_semantic
W078,P09,W078_V05_P09,W078_V06_P09,reordering
W078,P10,W078_V05_P10,W078_V06_P10,date_time
W078,P01,W078_V06_P01,W078_V07_P01,major_semantic
W078,P02,W078_V06_P02,W078_V07_P02,reordering
W078,P03,W078_V06_P03,W078_V07_P03,date_time
W078,P04,W078_V06_P04,W078_V07_P04,deletion
W078,P05,W078_V06_P05,W078_V07_P05,addition
W078,P06,W078_V06_P06,W078_V07_P06,requirement
W078,P07,W078_V06_P07,W078_V07_P07,policy
W078,P08,W078_V06_P08,W078_V07_P08,semantic
W078,P09,W078_V06_P09,W078_V07_P09,numeric
W078,P10,W078_V06_P10,W078_V07_P10,major_semantic
W078,P01,W078_V07_P01,W078_V08_P01,semantic
W078,P02,W078_V07_P02,W078_V08_P02,numeric
W078,P03,W078_V07_P03,W078_V08_P03,major_semantic
W078,P04,W078_V07_P04,W078_V08_P04,reordering
W078,P05,W078_V07_P05,W078_V08_P05,date_time
W078,P06,W078_V07_P06,W078_V08_P06,deletion
W078,P07,W078_V07_P07,W078_V08_P07,addition
W078,P08,W078_V07_P08,W078_V08_P08,requirement
W078,P09,W078_V07_P09,W078_V08_P09,policy
W078,P10,W078_V07_P10,W078_V08_P10,semantic
W078,P01,W078_V08_P01,W078_V09_P01,requirement
W078,P02,W078_V08_P02,W078_V09_P02,policy
W078,P03,W078_V08_P03,W078_V09_P03,semantic
W078,P04,W078_V08_P04,W078_V09_P04,numeric
W078,P05,W078_V08_P05,W078_V09_P05,major_semantic
W078,P06,W078_V08_P06,W078_V09_P06,reordering
W078,P07,W078_V08_P07,W078_V09_P07,date_time
W078,P08,W078_V08_P08,W078_V09_P08,deletion
W078,P09,W078_V08_P09,W078_V09_P09,addition
W078,P10,W078_V08_P10,W078_V09_P10,requirement
W078,P01,W078_V09_P01,W078_V10_P01,deletion
W078,P02,W078_V09_P02,W078_V10_P02,addition
W078,P03,W078_V09_P03,W078_V10_P03,requirement
W078,P04,W078_V09_P04,W078_V10_P04,policy
W078,P05,W078_V09_P05,W078_V10_P05,semantic
W078,P06,W078_V09_P06,W078_V10_P06,numeric
W078,P07,W078_V09_P07,W078_V10_P07,major_semantic
W078,P08,W078_V09_P08,W078_V10_P08,reordering
W078,P09,W078_V09_P09,W078_V10_P09,date_time
W078,P10,W078_V09_P10,W078_V10_P10,deletion
W079,P01,W079_V01_P01,W079_V02_P01,date_time
W079,P02,W079_V01_P02,W079_V02_P02,deletion
W079,P03,W079_V01_P03,W079_V02_P03,addition
W079,P04,W079_V01_P04,W079_V02_P04,requirement
W079,P05,W079_V01_P05,W079_V02_P05,policy
W079,P06,W079_V01_P06,W079_V02_P06,semantic
W079,P07,W079_V01_P07,W079_V02_P07,numeric
W079,P08,W079_V01_P08,W079_V02_P08,major_semantic
W079,P09,W079_V01_P09,W079_V02_P09,reordering
W079,P10,W079_V01_P10,W079_V02_P10,date_time
W079,P01,W079_V02_P01,W079_V03_P01,major_semantic
W079,P02,W079_V02_P02,W079_V03_P02,reordering
W079,P03,W079_V02_P03,W079_V03_P03,date_time
W079,P04,W079_V02_P04,W079_V03_P04,deletion
W079,P05,W079_V02_P05,W079_V03_P05,addition
W079,P06,W079_V02_P06,W079_V03_P06,requirement
W079,P07,W079_V02_P07,W079_V03_P07,policy
W079,P08,W079_V02_P08,W079_V03_P08,semantic
W079,P09,W079_V02_P09,W079_V03_P09,numeric
W079,P10,W079_V02_P10,W079_V03_P10,major_semantic
W079,P01,W079_V03_P01,W079_V04_P01,semantic
W079,P02,W079_V03_P02,W079_V04_P02,numeric
W079,P03,W079_V03_P03,W079_V04_P03,major_semantic
W079,P04,W079_V03_P04,W079_V04_P04,reordering
W079,P05,W079_V03_P05,W079_V04_P05,date_time
W079,P06,W079_V03_P06,W079_V04_P06,deletion
W079,P07,W079_V03_P07,W079_V04_P07,addition
W079,P08,W079_V03_P08,W079_V04_P08,requirement
W079,P09,W079_V03_P09,W079_V04_P09,policy
W079,P10,W079_V03_P10,W079_V04_P10,semantic
W079,P01,W079_V04_P01,W079_V05_P01,requirement
W079,P02,W079_V04_P02,W079_V05_P02,policy
W079,P03,W079_V04_P03,W079_V05_P03,semantic
W079,P04,W079_V04_P04,W079_V05_P04,numeric
W079,P05,W079_V04_P05,W079_V05_P05,major_semantic
W079,P06,W079_V04_P06,W079_V05_P06,reordering
W079,P07,W079_V04_P07,W079_V05_P07,date_time
W079,P08,W079_V04_P08,W079_V05_P08,deletion
W079,P09,W079_V04_P09,W079_V05_P09,addition
W079,P10,W079_V04_P10,W079_V05_P10,requirement
W079,P01,W079_V05_P01,W079_V06_P01,deletion
W079,P02,W079_V05_P02,W079_V06_P02,addition
W079,P03,W079_V05_P03,W079_V06_P03,requirement
W079,P04,W079_V05_P04,W079_V06_P04,policy
W079,P05,W079_V05_P05,W079_V06_P05,semantic
W079,P06,W079_V05_P06,W079_V06_P06,numeric
W079,P07,W079_V05_P07,W079_V06_P07,major_semantic
W079,P08,W079_V05_P08,W079_V06_P08,reordering
W079,P09,W079_V05_P09,W079_V06_P09,date_time
W079,P10,W079_V05_P10,W079_V06_P10,deletion
W079,P01,W079_V06_P01,W079_V07_P01,reordering
W079,P02,W079_V06_P02,W079_V07_P02,date_time
W079,P03,W079_V06_P03,W079_V07_P03,deletion
W079,P04,W079_V06_P04,W079_V07_P04,addition
W079,P05,W079_V06_P05,W079_V07_P05,requirement
W079,P06,W079_V06_P06,W079_V07_P06,policy
W079,P07,W079_V06_P07,W079_V07_P07,semantic
W079,P08,W079_V06_P08,W079_V07_P08,numeric
W079,P09,W079_V06_P09,W079_V07_P09,major_semantic
W079,P10,W079_V06_P10,W079_V07_P10,reordering
W079,P01,W079_V07_P01,W079_V08_P01,numeric
W079,P02,W079_V07_P02,W079_V08_P02,major_semantic
W079,P03,W079_V07_P03,W079_V08_P03,reordering
W079,P04,W079_V07_P04,W079_V08_P04,date_time
W079,P05,W079_V07_P05,W079_V08_P05,deletion
W079,P06,W079_V07_P06,W079_V08_P06,addition
W079,P07,W079_V07_P07,W079_V08_P07,requirement
W079,P08,W079_V07_P08,W079_V08_P08,policy
W079,P09,W079_V07_P09,W079_V08_P09,semantic
W079,P10,W079_V07_P10,W079_V08_P10,numeric
W079,P01,W079_V08_P01,W079_V09_P01,policy
W079,P02,W079_V08_P02,W079_V09_P02,semantic
W079,P03,W079_V08_P03,W079_V09_P03,numeric
W079,P04,W079_V08_P04,W079_V09_P04,major_semantic
W079,P05,W079_V08_P05,W079_V09_P05,reordering
W079,P06,W079_V08_P06,W079_V09_P06,date_time
W079,P07,W079_V08_P07,W079_V09_P07,deletion
W079,P08,W079_V08_P08,W079_V09_P08,addition
W079,P09,W079_V08_P09,W079_V09_P09,requirement
W079,P10,W079_V08_P10,W079_V09_P10,policy
W079,P01,W079_V09_P01,W079_V10_P01,addition
W079,P02,W079_V09_P02,W079_V10_P02,requirement
W079,P03,W079_V09_P03,W079_V10_P03,policy
W079,P04,W079_V09_P04,W079_V10_P04,semantic
W079,P05,W079_V09_P05,W079_V10_P05,numeric
W079,P06,W079_V09_P06,W079_V10_P06,major_semantic
W079,P07,W079_V09_P07,W079_V10_P07,reordering
W079,P08,W079_V09_P08,W079_V10_P08,date_time
W079,P09,W079_V09_P09,W079_V10_P09,deletion
W079,P10,W079_V09_P10,W079_V10_P10,addition
W080,P01,W080_V01_P01,W080_V02_P01,deletion
W080,P02,W080_V01_P02,W080_V02_P02,addition
W080,P03,W080_V01_P03,W080_V02_P03,requirement
W080,P04,W080_V01_P04,W080_V02_P04,policy
W080,P05,W080_V01_P05,W080_V02_P05,semantic
W080,P06,W080_V01_P06,W080_V02_P06,numeric
W080,P07,W080_V01_P07,W080_V02_P07,major_semantic
W080,P08,W080_V01_P08,W080_V02_P08,reordering
W080,P09,W080_V01_P09,W080_V02_P09,date_time
W080,P10,W080_V01_P10,W080_V02_P10,deletion
W080,P01,W080_V02_P01,W080_V03_P01,reordering
W080,P02,W080_V02_P02,W080_V03_P02,date_time
W080,P03,W080_V02_P03,W080_V03_P03,deletion
W080,P04,W080_V02_P04,W080_V03_P04,addition
W080,P05,W080_V02_P05,W080_V03_P05,requirement
W080,P06,W080_V02_P06,W080_V03_P06,policy
W080,P07,W080_V02_P07,W080_V03_P07,semantic
W080,P08,W080_V02_P08,W080_V03_P08,numeric
W080,P09,W080_V02_P09,W080_V03_P09,major_semantic
W080,P10,W080_V02_P10,W080_V03_P10,reordering
W080,P01,W080_V03_P01,W080_V04_P01,numeric
W080,P02,W080_V03_P02,W080_V04_P02,major_semantic
W080,P03,W080_V03_P03,W080_V04_P03,reordering
W080,P04,W080_V03_P04,W080_V04_P04,date_time
W080,P05,W080_V03_P05,W080_V04_P05,deletion
W080,P06,W080_V03_P06,W080_V04_P06,addition
W080,P07,W080_V03_P07,W080_V04_P07,requirement
W080,P08,W080_V03_P08,W080_V04_P08,policy
W080,P09,W080_V03_P09,W080_V04_P09,semantic
W080,P10,W080_V03_P10,W080_V04_P10,numeric
W080,P01,W080_V04_P01,W080_V05_P01,policy
W080,P02,W080_V04_P02,W080_V05_P02,semantic
W080,P03,W080_V04_P03,W080_V05_P03,numeric
W080,P04,W080_V04_P04,W080_V05_P04,major_semantic
W080,P05,W080_V04_P05,W080_V05_P05,reordering
W080,P06,W080_V04_P06,W080_V05_P06,date_time
W080,P07,W080_V04_P07,W080_V05_P07,deletion
W080,P08,W080_V04_P08,W080_V05_P08,addition
W080,P09,W080_V04_P09,W080_V05_P09,requirement
W080,P10,W080_V04_P10,W080_V05_P10,policy
W080,P01,W080_V05_P01,W080_V06_P01,addition
W080,P02,W080_V05_P02,W080_V06_P02,requirement
W080,P03,W080_V05_P03,W080_V06_P03,policy
W080,P04,W080_V05_P04,W080_V06_P04,semantic
W080,P05,W080_V05_P05,W080_V06_P05,numeric
W080,P06,W080_V05_P06,W080_V06_P06,major_semantic
W080,P07,W080_V05_P07,W080_V06_P07,reordering
W080,P08,W080_V05_P08,W080_V06_P08,date_time
W080,P09,W080_V05_P09,W080_V06_P09,deletion
W080,P10,W080_V05_P10,W080_V06_P10,addition
W080,P01,W080_V06_P01,W080_V07_P01,date_time
W080,P02,W080_V06_P02,W080_V07_P02,deletion
W080,P03,W080_V06_P03,W080_V07_P03,addition
W080,P04,W080_V06_P04,W080_V07_P04,requirement
W080,P05,W080_V06_P05,W080_V07_P05,policy
W080,P06,W080_V06_P06,W080_V07_P06,semantic
W080,P07,W080_V06_P07,W080_V07_P07,numeric
W080,P08,W080_V06_P08,W080_V07_P08,major_semantic
W080,P09,W080_V06_P09,W080_V07_P09,reordering
W080,P10,W080_V06_P10,W080_V07_P10,date_time
W080,P01,W080_V07_P01,W080_V08_P01,major_semantic
W080,P02,W080_V07_P02,W080_V08_P02,reordering
W080,P03,W080_V07_P03,W080_V08_P03,date_time
W080,P04,W080_V07_P04,W080_V08_P04,deletion
W080,P05,W080_V07_P05,W080_V08_P05,addition
W080,P06,W080_V07_P06,W080_V08_P06,requirement
W080,P07,W080_V07_P07,W080_V08_P07,policy
W080,P08,W080_V07_P08,W080_V08_P08,semantic
W080,P09,W080_V07_P09,W080_V08_P09,numeric
W080,P10,W080_V07_P10,W080_V08_P10,major_semantic
W080,P01,W080_V08_P01,W080_V09_P01,semantic
W080,P02,W080_V08_P02,W080_V09_P02,numeric
W080,P03,W080_V08_P03,W080_V09_P03,major_semantic
W080,P04,W080_V08_P04,W080_V09_P04,reordering
W080,P05,W080_V08_P05,W080_V09_P05,date_time
W080,P06,W080_V08_P06,W080_V09_P06,deletion
W080,P07,W080_V08_P07,W080_V09_P07,addition
W080,P08,W080_V08_P08,W080_V09_P08,requirement
W080,P09,W080_V08_P09,W080_V09_P09,policy
W080,P10,W080_V08_P10,W080_V09_P10,semantic
W080,P01,W080_V09_P01,W080_V10_P01,requirement
W080,P02,W080_V09_P02,W080_V10_P02,policy
W080,P03,W080_V09_P03,W080_V10_P03,semantic
W080,P04,W080_V09_P04,W080_V10_P04,numeric
W080,P05,W080_V09_P05,W080_V10_P05,major_semantic
W080,P06,W080_V09_P06,W080_V10_P06,reordering
W080,P07,W080_V09_P07,W080_V10_P07,date_time
W080,P08,W080_V09_P08,W080_V10_P08,deletion
W080,P09,W080_V09_P09,W080_V10_P09,addition
W080,P10,W080_V09_P10,W080_V10_P10,requirement
W081,P01,W081_V01_P01,W081_V02_P01,addition
W081,P02,W081_V01_P02,W081_V02_P02,requirement
W081,P03,W081_V01_P03,W081_V02_P03,policy
W081,P04,W081_V01_P04,W081_V02_P04,semantic
W081,P05,W081_V01_P05,W081_V02_P05,numeric
W081,P06,W081_V01_P06,W081_V02_P06,major_semantic
W081,P07,W081_V01_P07,W081_V02_P07,reordering
W081,P08,W081_V01_P08,W081_V02_P08,date_time
W081,P09,W081_V01_P09,W081_V02_P09,deletion
W081,P10,W081_V01_P10,W081_V02_P10,addition
W081,P01,W081_V02_P01,W081_V03_P01,date_time
W081,P02,W081_V02_P02,W081_V03_P02,deletion
W081,P03,W081_V02_P03,W081_V03_P03,addition
W081,P04,W081_V02_P04,W081_V03_P04,requirement
W081,P05,W081_V02_P05,W081_V03_P05,policy
W081,P06,W081_V02_P06,W081_V03_P06,semantic
W081,P07,W081_V02_P07,W081_V03_P07,numeric
W081,P08,W081_V02_P08,W081_V03_P08,major_semantic
W081,P09,W081_V02_P09,W081_V03_P09,reordering
W081,P10,W081_V02_P10,W081_V03_P10,date_time
W081,P01,W081_V03_P01,W081_V04_P01,major_semantic
W081,P02,W081_V03_P02,W081_V04_P02,reordering
W081,P03,W081_V03_P03,W081_V04_P03,date_time
W081,P04,W081_V03_P04,W081_V04_P04,deletion
W081,P05,W081_V03_P05,W081_V04_P05,addition
W081,P06,W081_V03_P06,W081_V04_P06,requirement
W081,P07,W081_V03_P07,W081_V04_P07,policy
W081,P08,W081_V03_P08,W081_V04_P08,semantic
W081,P09,W081_V03_P09,W081_V04_P09,numeric
W081,P10,W081_V03_P10,W081_V04_P10,major_semantic
W081,P01,W081_V04_P01,W081_V05_P01,semantic
W081,P02,W081_V04_P02,W081_V05_P02,numeric
W081,P03,W081_V04_P03,W081_V05_P03,major_semantic
W081,P04,W081_V04_P04,W081_V05_P04,reordering
W081,P05,W081_V04_P05,W081_V05_P05,date_time
W081,P06,W081_V04_P06,W081_V05_P06,deletion
W081,P07,W081_V04_P07,W081_V05_P07,addition
W081,P08,W081_V04_P08,W081_V05_P08,requirement
W081,P09,W081_V04_P09,W081_V05_P09,policy
W081,P10,W081_V04_P10,W081_V05_P10,semantic
W081,P01,W081_V05_P01,W081_V06_P01,requirement
W081,P02,W081_V05_P02,W081_V06_P02,policy
W081,P03,W081_V05_P03,W081_V06_P03,semantic
W081,P04,W081_V05_P04,W081_V06_P04,numeric
W081,P05,W081_V05_P05,W081_V06_P05,major_semantic
W081,P06,W081_V05_P06,W081_V06_P06,reordering
W081,P07,W081_V05_P07,W081_V06_P07,date_time
W081,P08,W081_V05_P08,W081_V06_P08,deletion
W081,P09,W081_V05_P09,W081_V06_P09,addition
W081,P10,W081_V05_P10,W081_V06_P10,requirement
W081,P01,W081_V06_P01,W081_V07_P01,deletion
W081,P02,W081_V06_P02,W081_V07_P02,addition
W081,P03,W081_V06_P03,W081_V07_P03,requirement
W081,P04,W081_V06_P04,W081_V07_P04,policy
W081,P05,W081_V06_P05,W081_V07_P05,semantic
W081,P06,W081_V06_P06,W081_V07_P06,numeric
W081,P07,W081_V06_P07,W081_V07_P07,major_semantic
W081,P08,W081_V06_P08,W081_V07_P08,reordering
W081,P09,W081_V06_P09,W081_V07_P09,date_time
W081,P10,W081_V06_P10,W081_V07_P10,deletion
W081,P01,W081_V07_P01,W081_V08_P01,reordering
W081,P02,W081_V07_P02,W081_V08_P02,date_time
W081,P03,W081_V07_P03,W081_V08_P03,deletion
W081,P04,W081_V07_P04,W081_V08_P04,addition
W081,P05,W081_V07_P05,W081_V08_P05,requirement
W081,P06,W081_V07_P06,W081_V08_P06,policy
W081,P07,W081_V07_P07,W081_V08_P07,semantic
W081,P08,W081_V07_P08,W081_V08_P08,numeric
W081,P09,W081_V07_P09,W081_V08_P09,major_semantic
W081,P10,W081_V07_P10,W081_V08_P10,reordering
W081,P01,W081_V08_P01,W081_V09_P01,numeric
W081,P02,W081_V08_P02,W081_V09_P02,major_semantic
W081,P03,W081_V08_P03,W081_V09_P03,reordering
W081,P04,W081_V08_P04,W081_V09_P04,date_time
W081,P05,W081_V08_P05,W081_V09_P05,deletion
W081,P06,W081_V08_P06,W081_V09_P06,addition
W081,P07,W081_V08_P07,W081_V09_P07,requirement
W081,P08,W081_V08_P08,W081_V09_P08,policy
W081,P09,W081_V08_P09,W081_V09_P09,semantic
W081,P10,W081_V08_P10,W081_V09_P10,numeric
W081,P01,W081_V09_P01,W081_V10_P01,policy
W081,P02,W081_V09_P02,W081_V10_P02,semantic
W081,P03,W081_V09_P03,W081_V10_P03,numeric
W081,P04,W081_V09_P04,W081_V10_P04,major_semantic
W081,P05,W081_V09_P05,W081_V10_P05,reordering
W081,P06,W081_V09_P06,W081_V10_P06,date_time
W081,P07,W081_V09_P07,W081_V10_P07,deletion
W081,P08,W081_V09_P08,W081_V10_P08,addition
W081,P09,W081_V09_P09,W081_V10_P09,requirement
W081,P10,W081_V09_P10,W081_V10_P10,policy
W082,P01,W082_V01_P01,W082_V02_P01,requirement
W082,P02,W082_V01_P02,W082_V02_P02,policy
W082,P03,W082_V01_P03,W082_V02_P03,semantic
W082,P04,W082_V01_P04,W082_V02_P04,numeric
W082,P05,W082_V01_P05,W082_V02_P05,major_semantic
W082,P06,W082_V01_P06,W082_V02_P06,reordering
W082,P07,W082_V01_P07,W082_V02_P07,date_time
W082,P08,W082_V01_P08,W082_V02_P08,deletion
W082,P09,W082_V01_P09,W082_V02_P09,addition
W082,P10,W082_V01_P10,W082_V02_P10,requirement
W082,P01,W082_V02_P01,W082_V03_P01,deletion
W082,P02,W082_V02_P02,W082_V03_P02,addition
W082,P03,W082_V02_P03,W082_V03_P03,requirement
W082,P04,W082_V02_P04,W082_V03_P04,policy
W082,P05,W082_V02_P05,W082_V03_P05,semantic
W082,P06,W082_V02_P06,W082_V03_P06,numeric
W082,P07,W082_V02_P07,W082_V03_P07,major_semantic
W082,P08,W082_V02_P08,W082_V03_P08,reordering
W082,P09,W082_V02_P09,W082_V03_P09,date_time
W082,P10,W082_V02_P10,W082_V03_P10,deletion
W082,P01,W082_V03_P01,W082_V04_P01,reordering
W082,P02,W082_V03_P02,W082_V04_P02,date_time
W082,P03,W082_V03_P03,W082_V04_P03,deletion
W082,P04,W082_V03_P04,W082_V04_P04,addition
W082,P05,W082_V03_P05,W082_V04_P05,requirement
W082,P06,W082_V03_P06,W082_V04_P06,policy
W082,P07,W082_V03_P07,W082_V04_P07,semantic
W082,P08,W082_V03_P08,W082_V04_P08,numeric
W082,P09,W082_V03_P09,W082_V04_P09,major_semantic
W082,P10,W082_V03_P10,W082_V04_P10,reordering
W082,P01,W082_V04_P01,W082_V05_P01,numeric
W082,P02,W082_V04_P02,W082_V05_P02,major_semantic
W082,P03,W082_V04_P03,W082_V05_P03,reordering
W082,P04,W082_V04_P04,W082_V05_P04,date_time
W082,P05,W082_V04_P05,W082_V05_P05,deletion
W082,P06,W082_V04_P06,W082_V05_P06,addition
W082,P07,W082_V04_P07,W082_V05_P07,requirement
W082,P08,W082_V04_P08,W082_V05_P08,policy
W082,P09,W082_V04_P09,W082_V05_P09,semantic
W082,P10,W082_V04_P10,W082_V05_P10,numeric
W082,P01,W082_V05_P01,W082_V06_P01,policy
W082,P02,W082_V05_P02,W082_V06_P02,semantic
W082,P03,W082_V05_P03,W082_V06_P03,numeric
W082,P04,W082_V05_P04,W082_V06_P04,major_semantic
W082,P05,W082_V05_P05,W082_V06_P05,reordering
W082,P06,W082_V05_P06,W082_V06_P06,date_time
W082,P07,W082_V05_P07,W082_V06_P07,deletion
W082,P08,W082_V05_P08,W082_V06_P08,addition
W082,P09,W082_V05_P09,W082_V06_P09,requirement
W082,P10,W082_V05_P10,W082_V06_P10,policy
W082,P01,W082_V06_P01,W082_V07_P01,addition
W082,P02,W082_V06_P02,W082_V07_P02,requirement
W082,P03,W082_V06_P03,W082_V07_P03,policy
W082,P04,W082_V06_P04,W082_V07_P04,semantic
W082,P05,W082_V06_P05,W082_V07_P05,numeric
W082,P06,W082_V06_P06,W082_V07_P06,major_semantic
W082,P07,W082_V06_P07,W082_V07_P07,reordering
W082,P08,W082_V06_P08,W082_V07_P08,date_time
W082,P09,W082_V06_P09,W082_V07_P09,deletion
W082,P10,W082_V06_P10,W082_V07_P10,addition
W082,P01,W082_V07_P01,W082_V08_P01,date_time
W082,P02,W082_V07_P02,W082_V08_P02,deletion
W082,P03,W082_V07_P03,W082_V08_P03,addition
W082,P04,W082_V07_P04,W082_V08_P04,requirement
W082,P05,W082_V07_P05,W082_V08_P05,policy
W082,P06,W082_V07_P06,W082_V08_P06,semantic
W082,P07,W082_V07_P07,W082_V08_P07,numeric
W082,P08,W082_V07_P08,W082_V08_P08,major_semantic
W082,P09,W082_V07_P09,W082_V08_P09,reordering
W082,P10,W082_V07_P10,W082_V08_P10,date_time
W082,P01,W082_V08_P01,W082_V09_P01,major_semantic
W082,P02,W082_V08_P02,W082_V09_P02,reordering
W082,P03,W082_V08_P03,W082_V09_P03,date_time
W082,P04,W082_V08_P04,W082_V09_P04,deletion
W082,P05,W082_V08_P05,W082_V09_P05,addition
W082,P06,W082_V08_P06,W082_V09_P06,requirement
W082,P07,W082_V08_P07,W082_V09_P07,policy
W082,P08,W082_V08_P08,W082_V09_P08,semantic
W082,P09,W082_V08_P09,W082_V09_P09,numeric
W082,P10,W082_V08_P10,W082_V09_P10,major_semantic
W082,P01,W082_V09_P01,W082_V10_P01,semantic
W082,P02,W082_V09_P02,W082_V10_P02,numeric
W082,P03,W082_V09_P03,W082_V10_P03,major_semantic
W082,P04,W082_V09_P04,W082_V10_P04,reordering
W082,P05,W082_V09_P05,W082_V10_P05,date_time
W082,P06,W082_V09_P06,W082_V10_P06,deletion
W082,P07,W082_V09_P07,W082_V10_P07,addition
W082,P08,W082_V09_P08,W082_V10_P08,requirement
W082,P09,W082_V09_P09,W082_V10_P09,policy
W082,P10,W082_V09_P10,W082_V10_P10,semantic
W083,P01,W083_V01_P01,W083_V02_P01,policy
W083,P02,W083_V01_P02,W083_V02_P02,semantic
W083,P03,W083_V01_P03,W083_V02_P03,numeric
W083,P04,W083_V01_P04,W083_V02_P04,major_semantic
W083,P05,W083_V01_P05,W083_V02_P05,reordering
W083,P06,W083_V01_P06,W083_V02_P06,date_time
W083,P07,W083_V01_P07,W083_V02_P07,deletion
W083,P08,W083_V01_P08,W083_V02_P08,addition
W083,P09,W083_V01_P09,W083_V02_P09,requirement
W083,P10,W083_V01_P10,W083_V02_P10,policy
W083,P01,W083_V02_P01,W083_V03_P01,addition
W083,P02,W083_V02_P02,W083_V03_P02,requirement
W083,P03,W083_V02_P03,W083_V03_P03,policy
W083,P04,W083_V02_P04,W083_V03_P04,semantic
W083,P05,W083_V02_P05,W083_V03_P05,numeric
W083,P06,W083_V02_P06,W083_V03_P06,major_semantic
W083,P07,W083_V02_P07,W083_V03_P07,reordering
W083,P08,W083_V02_P08,W083_V03_P08,date_time
W083,P09,W083_V02_P09,W083_V03_P09,deletion
W083,P10,W083_V02_P10,W083_V03_P10,addition
W083,P01,W083_V03_P01,W083_V04_P01,date_time
W083,P02,W083_V03_P02,W083_V04_P02,deletion
W083,P03,W083_V03_P03,W083_V04_P03,addition
W083,P04,W083_V03_P04,W083_V04_P04,requirement
W083,P05,W083_V03_P05,W083_V04_P05,policy
W083,P06,W083_V03_P06,W083_V04_P06,semantic
W083,P07,W083_V03_P07,W083_V04_P07,numeric
W083,P08,W083_V03_P08,W083_V04_P08,major_semantic
W083,P09,W083_V03_P09,W083_V04_P09,reordering
W083,P10,W083_V03_P10,W083_V04_P10,date_time
W083,P01,W083_V04_P01,W083_V05_P01,major_semantic
W083,P02,W083_V04_P02,W083_V05_P02,reordering
W083,P03,W083_V04_P03,W083_V05_P03,date_time
W083,P04,W083_V04_P04,W083_V05_P04,deletion
W083,P05,W083_V04_P05,W083_V05_P05,addition
W083,P06,W083_V04_P06,W083_V05_P06,requirement
W083,P07,W083_V04_P07,W083_V05_P07,policy
W083,P08,W083_V04_P08,W083_V05_P08,semantic
W083,P09,W083_V04_P09,W083_V05_P09,numeric
W083,P10,W083_V04_P10,W083_V05_P10,major_semantic
W083,P01,W083_V05_P01,W083_V06_P01,semantic
W083,P02,W083_V05_P02,W083_V06_P02,numeric
W083,P03,W083_V05_P03,W083_V06_P03,major_semantic
W083,P04,W083_V05_P04,W083_V06_P04,reordering
W083,P05,W083_V05_P05,W083_V06_P05,date_time
W083,P06,W083_V05_P06,W083_V06_P06,deletion
W083,P07,W083_V05_P07,W083_V06_P07,addition
W083,P08,W083_V05_P08,W083_V06_P08,requirement
W083,P09,W083_V05_P09,W083_V06_P09,policy
W083,P10,W083_V05_P10,W083_V06_P10,semantic
W083,P01,W083_V06_P01,W083_V07_P01,requirement
W083,P02,W083_V06_P02,W083_V07_P02,policy
W083,P03,W083_V06_P03,W083_V07_P03,semantic
W083,P04,W083_V06_P04,W083_V07_P04,numeric
W083,P05,W083_V06_P05,W083_V07_P05,major_semantic
W083,P06,W083_V06_P06,W083_V07_P06,reordering
W083,P07,W083_V06_P07,W083_V07_P07,date_time
W083,P08,W083_V06_P08,W083_V07_P08,deletion
W083,P09,W083_V06_P09,W083_V07_P09,addition
W083,P10,W083_V06_P10,W083_V07_P10,requirement
W083,P01,W083_V07_P01,W083_V08_P01,deletion
W083,P02,W083_V07_P02,W083_V08_P02,addition
W083,P03,W083_V07_P03,W083_V08_P03,requirement
W083,P04,W083_V07_P04,W083_V08_P04,policy
W083,P05,W083_V07_P05,W083_V08_P05,semantic
W083,P06,W083_V07_P06,W083_V08_P06,numeric
W083,P07,W083_V07_P07,W083_V08_P07,major_semantic
W083,P08,W083_V07_P08,W083_V08_P08,reordering
W083,P09,W083_V07_P09,W083_V08_P09,date_time
W083,P10,W083_V07_P10,W083_V08_P10,deletion
W083,P01,W083_V08_P01,W083_V09_P01,reordering
W083,P02,W083_V08_P02,W083_V09_P02,date_time
W083,P03,W083_V08_P03,W083_V09_P03,deletion
W083,P04,W083_V08_P04,W083_V09_P04,addition
W083,P05,W083_V08_P05,W083_V09_P05,requirement
W083,P06,W083_V08_P06,W083_V09_P06,policy
W083,P07,W083_V08_P07,W083_V09_P07,semantic
W083,P08,W083_V08_P08,W083_V09_P08,numeric
W083,P09,W083_V08_P09,W083_V09_P09,major_semantic
W083,P10,W083_V08_P10,W083_V09_P10,reordering
W083,P01,W083_V09_P01,W083_V10_P01,numeric
W083,P02,W083_V09_P02,W083_V10_P02,major_semantic
W083,P03,W083_V09_P03,W083_V10_P03,reordering
W083,P04,W083_V09_P04,W083_V10_P04,date_time
W083,P05,W083_V09_P05,W083_V10_P05,deletion
W083,P06,W083_V09_P06,W083_V10_P06,addition
W083,P07,W083_V09_P07,W083_V10_P07,requirement
W083,P08,W083_V09_P08,W083_V10_P08,policy
W083,P09,W083_V09_P09,W083_V10_P09,semantic
W083,P10,W083_V09_P10,W083_V10_P10,numeric
W084,P01,W084_V01_P01,W084_V02_P01,semantic
W084,P02,W084_V01_P02,W084_V02_P02,numeric
W084,P03,W084_V01_P03,W084_V02_P03,major_semantic
W084,P04,W084_V01_P04,W084_V02_P04,reordering
W084,P05,W084_V01_P05,W084_V02_P05,date_time
W084,P06,W084_V01_P06,W084_V02_P06,deletion
W084,P07,W084_V01_P07,W084_V02_P07,addition
W084,P08,W084_V01_P08,W084_V02_P08,requirement
W084,P09,W084_V01_P09,W084_V02_P09,policy
W084,P10,W084_V01_P10,W084_V02_P10,semantic
W084,P01,W084_V02_P01,W084_V03_P01,requirement
W084,P02,W084_V02_P02,W084_V03_P02,policy
W084,P03,W084_V02_P03,W084_V03_P03,semantic
W084,P04,W084_V02_P04,W084_V03_P04,numeric
W084,P05,W084_V02_P05,W084_V03_P05,major_semantic
W084,P06,W084_V02_P06,W084_V03_P06,reordering
W084,P07,W084_V02_P07,W084_V03_P07,date_time
W084,P08,W084_V02_P08,W084_V03_P08,deletion
W084,P09,W084_V02_P09,W084_V03_P09,addition
W084,P10,W084_V02_P10,W084_V03_P10,requirement
W084,P01,W084_V03_P01,W084_V04_P01,deletion
W084,P02,W084_V03_P02,W084_V04_P02,addition
W084,P03,W084_V03_P03,W084_V04_P03,requirement
W084,P04,W084_V03_P04,W084_V04_P04,policy
W084,P05,W084_V03_P05,W084_V04_P05,semantic
W084,P06,W084_V03_P06,W084_V04_P06,numeric
W084,P07,W084_V03_P07,W084_V04_P07,major_semantic
W084,P08,W084_V03_P08,W084_V04_P08,reordering
W084,P09,W084_V03_P09,W084_V04_P09,date_time
W084,P10,W084_V03_P10,W084_V04_P10,deletion
W084,P01,W084_V04_P01,W084_V05_P01,reordering
W084,P02,W084_V04_P02,W084_V05_P02,date_time
W084,P03,W084_V04_P03,W084_V05_P03,deletion
W084,P04,W084_V04_P04,W084_V05_P04,addition
W084,P05,W084_V04_P05,W084_V05_P05,requirement
W084,P06,W084_V04_P06,W084_V05_P06,policy
W084,P07,W084_V04_P07,W084_V05_P07,semantic
W084,P08,W084_V04_P08,W084_V05_P08,numeric
W084,P09,W084_V04_P09,W084_V05_P09,major_semantic
W084,P10,W084_V04_P10,W084_V05_P10,reordering
W084,P01,W084_V05_P01,W084_V06_P01,numeric
W084,P02,W084_V05_P02,W084_V06_P02,major_semantic
W084,P03,W084_V05_P03,W084_V06_P03,reordering
W084,P04,W084_V05_P04,W084_V06_P04,date_time
W084,P05,W084_V05_P05,W084_V06_P05,deletion
W084,P06,W084_V05_P06,W084_V06_P06,addition
W084,P07,W084_V05_P07,W084_V06_P07,requirement
W084,P08,W084_V05_P08,W084_V06_P08,policy
W084,P09,W084_V05_P09,W084_V06_P09,semantic
W084,P10,W084_V05_P10,W084_V06_P10,numeric
W084,P01,W084_V06_P01,W084_V07_P01,policy
W084,P02,W084_V06_P02,W084_V07_P02,semantic
W084,P03,W084_V06_P03,W084_V07_P03,numeric
W084,P04,W084_V06_P04,W084_V07_P04,major_semantic
W084,P05,W084_V06_P05,W084_V07_P05,reordering
W084,P06,W084_V06_P06,W084_V07_P06,date_time
W084,P07,W084_V06_P07,W084_V07_P07,deletion
W084,P08,W084_V06_P08,W084_V07_P08,addition
W084,P09,W084_V06_P09,W084_V07_P09,requirement
W084,P10,W084_V06_P10,W084_V07_P10,policy
W084,P01,W084_V07_P01,W084_V08_P01,addition
W084,P02,W084_V07_P02,W084_V08_P02,requirement
W084,P03,W084_V07_P03,W084_V08_P03,policy
W084,P04,W084_V07_P04,W084_V08_P04,semantic
W084,P05,W084_V07_P05,W084_V08_P05,numeric
W084,P06,W084_V07_P06,W084_V08_P06,major_semantic
W084,P07,W084_V07_P07,W084_V08_P07,reordering
W084,P08,W084_V07_P08,W084_V08_P08,date_time
W084,P09,W084_V07_P09,W084_V08_P09,deletion
W084,P10,W084_V07_P10,W084_V08_P10,addition
W084,P01,W084_V08_P01,W084_V09_P01,date_time
W084,P02,W084_V08_P02,W084_V09_P02,deletion
W084,P03,W084_V08_P03,W084_V09_P03,addition
W084,P04,W084_V08_P04,W084_V09_P04,requirement
W084,P05,W084_V08_P05,W084_V09_P05,policy
W084,P06,W084_V08_P06,W084_V09_P06,semantic
W084,P07,W084_V08_P07,W084_V09_P07,numeric
W084,P08,W084_V08_P08,W084_V09_P08,major_semantic
W084,P09,W084_V08_P09,W084_V09_P09,reordering
W084,P10,W084_V08_P10,W084_V09_P10,date_time
W084,P01,W084_V09_P01,W084_V10_P01,major_semantic
W084,P02,W084_V09_P02,W084_V10_P02,reordering
W084,P03,W084_V09_P03,W084_V10_P03,date_time
W084,P04,W084_V09_P04,W084_V10_P04,deletion
W084,P05,W084_V09_P05,W084_V10_P05,addition
W084,P06,W084_V09_P06,W084_V10_P06,requirement
W084,P07,W084_V09_P07,W084_V10_P07,policy
W084,P08,W084_V09_P08,W084_V10_P08,semantic
W084,P09,W084_V09_P09,W084_V10_P09,numeric
W084,P10,W084_V09_P10,W084_V10_P10,major_semantic
W085,P01,W085_V01_P01,W085_V02_P01,numeric
W085,P02,W085_V01_P02,W085_V02_P02,major_semantic
W085,P03,W085_V01_P03,W085_V02_P03,reordering
W085,P04,W085_V01_P04,W085_V02_P04,date_time
W085,P05,W085_V01_P05,W085_V02_P05,deletion
W085,P06,W085_V01_P06,W085_V02_P06,addition
W085,P07,W085_V01_P07,W085_V02_P07,requirement
W085,P08,W085_V01_P08,W085_V02_P08,policy
W085,P09,W085_V01_P09,W085_V02_P09,semantic
W085,P10,W085_V01_P10,W085_V02_P10,numeric
W085,P01,W085_V02_P01,W085_V03_P01,policy
W085,P02,W085_V02_P02,W085_V03_P02,semantic
W085,P03,W085_V02_P03,W085_V03_P03,numeric
W085,P04,W085_V02_P04,W085_V03_P04,major_semantic
W085,P05,W085_V02_P05,W085_V03_P05,reordering
W085,P06,W085_V02_P06,W085_V03_P06,date_time
W085,P07,W085_V02_P07,W085_V03_P07,deletion
W085,P08,W085_V02_P08,W085_V03_P08,addition
W085,P09,W085_V02_P09,W085_V03_P09,requirement
W085,P10,W085_V02_P10,W085_V03_P10,policy
W085,P01,W085_V03_P01,W085_V04_P01,addition
W085,P02,W085_V03_P02,W085_V04_P02,requirement
W085,P03,W085_V03_P03,W085_V04_P03,policy
W085,P04,W085_V03_P04,W085_V04_P04,semantic
W085,P05,W085_V03_P05,W085_V04_P05,numeric
W085,P06,W085_V03_P06,W085_V04_P06,major_semantic
W085,P07,W085_V03_P07,W085_V04_P07,reordering
W085,P08,W085_V03_P08,W085_V04_P08,date_time
W085,P09,W085_V03_P09,W085_V04_P09,deletion
W085,P10,W085_V03_P10,W085_V04_P10,addition
W085,P01,W085_V04_P01,W085_V05_P01,date_time
W085,P02,W085_V04_P02,W085_V05_P02,deletion
W085,P03,W085_V04_P03,W085_V05_P03,addition
W085,P04,W085_V04_P04,W085_V05_P04,requirement
W085,P05,W085_V04_P05,W085_V05_P05,policy
W085,P06,W085_V04_P06,W085_V05_P06,semantic
W085,P07,W085_V04_P07,W085_V05_P07,numeric
W085,P08,W085_V04_P08,W085_V05_P08,major_semantic
W085,P09,W085_V04_P09,W085_V05_P09,reordering
W085,P10,W085_V04_P10,W085_V05_P10,date_time
W085,P01,W085_V05_P01,W085_V06_P01,major_semantic
W085,P02,W085_V05_P02,W085_V06_P02,reordering
W085,P03,W085_V05_P03,W085_V06_P03,date_time
W085,P04,W085_V05_P04,W085_V06_P04,deletion
W085,P05,W085_V05_P05,W085_V06_P05,addition
W085,P06,W085_V05_P06,W085_V06_P06,requirement
W085,P07,W085_V05_P07,W085_V06_P07,policy
W085,P08,W085_V05_P08,W085_V06_P08,semantic
W085,P09,W085_V05_P09,W085_V06_P09,numeric
W085,P10,W085_V05_P10,W085_V06_P10,major_semantic
W085,P01,W085_V06_P01,W085_V07_P01,semantic
W085,P02,W085_V06_P02,W085_V07_P02,numeric
W085,P03,W085_V06_P03,W085_V07_P03,major_semantic
W085,P04,W085_V06_P04,W085_V07_P04,reordering
W085,P05,W085_V06_P05,W085_V07_P05,date_time
W085,P06,W085_V06_P06,W085_V07_P06,deletion
W085,P07,W085_V06_P07,W085_V07_P07,addition
W085,P08,W085_V06_P08,W085_V07_P08,requirement
W085,P09,W085_V06_P09,W085_V07_P09,policy
W085,P10,W085_V06_P10,W085_V07_P10,semantic
W085,P01,W085_V07_P01,W085_V08_P01,requirement
W085,P02,W085_V07_P02,W085_V08_P02,policy
W085,P03,W085_V07_P03,W085_V08_P03,semantic
W085,P04,W085_V07_P04,W085_V08_P04,numeric
W085,P05,W085_V07_P05,W085_V08_P05,major_semantic
W085,P06,W085_V07_P06,W085_V08_P06,reordering
W085,P07,W085_V07_P07,W085_V08_P07,date_time
W085,P08,W085_V07_P08,W085_V08_P08,deletion
W085,P09,W085_V07_P09,W085_V08_P09,addition
W085,P10,W085_V07_P10,W085_V08_P10,requirement
W085,P01,W085_V08_P01,W085_V09_P01,deletion
W085,P02,W085_V08_P02,W085_V09_P02,addition
W085,P03,W085_V08_P03,W085_V09_P03,requirement
W085,P04,W085_V08_P04,W085_V09_P04,policy
W085,P05,W085_V08_P05,W085_V09_P05,semantic
W085,P06,W085_V08_P06,W085_V09_P06,numeric
W085,P07,W085_V08_P07,W085_V09_P07,major_semantic
W085,P08,W085_V08_P08,W085_V09_P08,reordering
W085,P09,W085_V08_P09,W085_V09_P09,date_time
W085,P10,W085_V08_P10,W085_V09_P10,deletion
W085,P01,W085_V09_P01,W085_V10_P01,reordering
W085,P02,W085_V09_P02,W085_V10_P02,date_time
W085,P03,W085_V09_P03,W085_V10_P03,deletion
W085,P04,W085_V09_P04,W085_V10_P04,addition
W085,P05,W085_V09_P05,W085_V10_P05,requirement
W085,P06,W085_V09_P06,W085_V10_P06,policy
W085,P07,W085_V09_P07,W085_V10_P07,semantic
W085,P08,W085_V09_P08,W085_V10_P08,numeric
W085,P09,W085_V09_P09,W085_V10_P09,major_semantic
W085,P10,W085_V09_P10,W085_V10_P10,reordering
W086,P01,W086_V01_P01,W086_V02_P01,major_semantic
W086,P02,W086_V01_P02,W086_V02_P02,reordering
W086,P03,W086_V01_P03,W086_V02_P03,date_time
W086,P04,W086_V01_P04,W086_V02_P04,deletion
W086,P05,W086_V01_P05,W086_V02_P05,addition
W086,P06,W086_V01_P06,W086_V02_P06,requirement
W086,P07,W086_V01_P07,W086_V02_P07,policy
W086,P08,W086_V01_P08,W086_V02_P08,semantic
W086,P09,W086_V01_P09,W086_V02_P09,numeric
W086,P10,W086_V01_P10,W086_V02_P10,major_semantic
W086,P01,W086_V02_P01,W086_V03_P01,semantic
W086,P02,W086_V02_P02,W086_V03_P02,numeric
W086,P03,W086_V02_P03,W086_V03_P03,major_semantic
W086,P04,W086_V02_P04,W086_V03_P04,reordering
W086,P05,W086_V02_P05,W086_V03_P05,date_time
W086,P06,W086_V02_P06,W086_V03_P06,deletion
W086,P07,W086_V02_P07,W086_V03_P07,addition
W086,P08,W086_V02_P08,W086_V03_P08,requirement
W086,P09,W086_V02_P09,W086_V03_P09,policy
W086,P10,W086_V02_P10,W086_V03_P10,semantic
W086,P01,W086_V03_P01,W086_V04_P01,requirement
W086,P02,W086_V03_P02,W086_V04_P02,policy
W086,P03,W086_V03_P03,W086_V04_P03,semantic
W086,P04,W086_V03_P04,W086_V04_P04,numeric
W086,P05,W086_V03_P05,W086_V04_P05,major_semantic
W086,P06,W086_V03_P06,W086_V04_P06,reordering
W086,P07,W086_V03_P07,W086_V04_P07,date_time
W086,P08,W086_V03_P08,W086_V04_P08,deletion
W086,P09,W086_V03_P09,W086_V04_P09,addition
W086,P10,W086_V03_P10,W086_V04_P10,requirement
W086,P01,W086_V04_P01,W086_V05_P01,deletion
W086,P02,W086_V04_P02,W086_V05_P02,addition
W086,P03,W086_V04_P03,W086_V05_P03,requirement
W086,P04,W086_V04_P04,W086_V05_P04,policy
W086,P05,W086_V04_P05,W086_V05_P05,semantic
W086,P06,W086_V04_P06,W086_V05_P06,numeric
W086,P07,W086_V04_P07,W086_V05_P07,major_semantic
W086,P08,W086_V04_P08,W086_V05_P08,reordering
W086,P09,W086_V04_P09,W086_V05_P09,date_time
W086,P10,W086_V04_P10,W086_V05_P10,deletion
W086,P01,W086_V05_P01,W086_V06_P01,reordering
W086,P02,W086_V05_P02,W086_V06_P02,date_time
W086,P03,W086_V05_P03,W086_V06_P03,deletion
W086,P04,W086_V05_P04,W086_V06_P04,addition
W086,P05,W086_V05_P05,W086_V06_P05,requirement
W086,P06,W086_V05_P06,W086_V06_P06,policy
W086,P07,W086_V05_P07,W086_V06_P07,semantic
W086,P08,W086_V05_P08,W086_V06_P08,numeric
W086,P09,W086_V05_P09,W086_V06_P09,major_semantic
W086,P10,W086_V05_P10,W086_V06_P10,reordering
W086,P01,W086_V06_P01,W086_V07_P01,numeric
W086,P02,W086_V06_P02,W086_V07_P02,major_semantic
W086,P03,W086_V06_P03,W086_V07_P03,reordering
W086,P04,W086_V06_P04,W086_V07_P04,date_time
W086,P05,W086_V06_P05,W086_V07_P05,deletion
W086,P06,W086_V06_P06,W086_V07_P06,addition
W086,P07,W086_V06_P07,W086_V07_P07,requirement
W086,P08,W086_V06_P08,W086_V07_P08,policy
W086,P09,W086_V06_P09,W086_V07_P09,semantic
W086,P10,W086_V06_P10,W086_V07_P10,numeric
W086,P01,W086_V07_P01,W086_V08_P01,policy
W086,P02,W086_V07_P02,W086_V08_P02,semantic
W086,P03,W086_V07_P03,W086_V08_P03,numeric
W086,P04,W086_V07_P04,W086_V08_P04,major_semantic
W086,P05,W086_V07_P05,W086_V08_P05,reordering
W086,P06,W086_V07_P06,W086_V08_P06,date_time
W086,P07,W086_V07_P07,W086_V08_P07,deletion
W086,P08,W086_V07_P08,W086_V08_P08,addition
W086,P09,W086_V07_P09,W086_V08_P09,requirement
W086,P10,W086_V07_P10,W086_V08_P10,policy
W086,P01,W086_V08_P01,W086_V09_P01,addition
W086,P02,W086_V08_P02,W086_V09_P02,requirement
W086,P03,W086_V08_P03,W086_V09_P03,policy
W086,P04,W086_V08_P04,W086_V09_P04,semantic
W086,P05,W086_V08_P05,W086_V09_P05,numeric
W086,P06,W086_V08_P06,W086_V09_P06,major_semantic
W086,P07,W086_V08_P07,W086_V09_P07,reordering
W086,P08,W086_V08_P08,W086_V09_P08,date_time
W086,P09,W086_V08_P09,W086_V09_P09,deletion
W086,P10,W086_V08_P10,W086_V09_P10,addition
W086,P01,W086_V09_P01,W086_V10_P01,date_time
W086,P02,W086_V09_P02,W086_V10_P02,deletion
W086,P03,W086_V09_P03,W086_V10_P03,addition
W086,P04,W086_V09_P04,W086_V10_P04,requirement
W086,P05,W086_V09_P05,W086_V10_P05,policy
W086,P06,W086_V09_P06,W086_V10_P06,semantic
W086,P07,W086_V09_P07,W086_V10_P07,numeric
W086,P08,W086_V09_P08,W086_V10_P08,major_semantic
W086,P09,W086_V09_P09,W086_V10_P09,reordering
W086,P10,W086_V09_P10,W086_V10_P10,date_time
W087,P01,W087_V01_P01,W087_V02_P01,reordering
W087,P02,W087_V01_P02,W087_V02_P02,date_time
W087,P03,W087_V01_P03,W087_V02_P03,deletion
W087,P04,W087_V01_P04,W087_V02_P04,addition
W087,P05,W087_V01_P05,W087_V02_P05,requirement
W087,P06,W087_V01_P06,W087_V02_P06,policy
W087,P07,W087_V01_P07,W087_V02_P07,semantic
W087,P08,W087_V01_P08,W087_V02_P08,numeric
W087,P09,W087_V01_P09,W087_V02_P09,major_semantic
W087,P10,W087_V01_P10,W087_V02_P10,reordering
W087,P01,W087_V02_P01,W087_V03_P01,numeric
W087,P02,W087_V02_P02,W087_V03_P02,major_semantic
W087,P03,W087_V02_P03,W087_V03_P03,reordering
W087,P04,W087_V02_P04,W087_V03_P04,date_time
W087,P05,W087_V02_P05,W087_V03_P05,deletion
W087,P06,W087_V02_P06,W087_V03_P06,addition
W087,P07,W087_V02_P07,W087_V03_P07,requirement
W087,P08,W087_V02_P08,W087_V03_P08,policy
W087,P09,W087_V02_P09,W087_V03_P09,semantic
W087,P10,W087_V02_P10,W087_V03_P10,numeric
W087,P01,W087_V03_P01,W087_V04_P01,policy
W087,P02,W087_V03_P02,W087_V04_P02,semantic
W087,P03,W087_V03_P03,W087_V04_P03,numeric
W087,P04,W087_V03_P04,W087_V04_P04,major_semantic
W087,P05,W087_V03_P05,W087_V04_P05,reordering
W087,P06,W087_V03_P06,W087_V04_P06,date_time
W087,P07,W087_V03_P07,W087_V04_P07,deletion
W087,P08,W087_V03_P08,W087_V04_P08,addition
W087,P09,W087_V03_P09,W087_V04_P09,requirement
W087,P10,W087_V03_P10,W087_V04_P10,policy
W087,P01,W087_V04_P01,W087_V05_P01,addition
W087,P02,W087_V04_P02,W087_V05_P02,requirement
W087,P03,W087_V04_P03,W087_V05_P03,policy
W087,P04,W087_V04_P04,W087_V05_P04,semantic
W087,P05,W087_V04_P05,W087_V05_P05,numeric
W087,P06,W087_V04_P06,W087_V05_P06,major_semantic
W087,P07,W087_V04_P07,W087_V05_P07,reordering
W087,P08,W087_V04_P08,W087_V05_P08,date_time
W087,P09,W087_V04_P09,W087_V05_P09,deletion
W087,P10,W087_V04_P10,W087_V05_P10,addition
W087,P01,W087_V05_P01,W087_V06_P01,date_time
W087,P02,W087_V05_P02,W087_V06_P02,deletion
W087,P03,W087_V05_P03,W087_V06_P03,addition
W087,P04,W087_V05_P04,W087_V06_P04,requirement
W087,P05,W087_V05_P05,W087_V06_P05,policy
W087,P06,W087_V05_P06,W087_V06_P06,semantic
W087,P07,W087_V05_P07,W087_V06_P07,numeric
W087,P08,W087_V05_P08,W087_V06_P08,major_semantic
W087,P09,W087_V05_P09,W087_V06_P09,reordering
W087,P10,W087_V05_P10,W087_V06_P10,date_time
W087,P01,W087_V06_P01,W087_V07_P01,major_semantic
W087,P02,W087_V06_P02,W087_V07_P02,reordering
W087,P03,W087_V06_P03,W087_V07_P03,date_time
W087,P04,W087_V06_P04,W087_V07_P04,deletion
W087,P05,W087_V06_P05,W087_V07_P05,addition
W087,P06,W087_V06_P06,W087_V07_P06,requirement
W087,P07,W087_V06_P07,W087_V07_P07,policy
W087,P08,W087_V06_P08,W087_V07_P08,semantic
W087,P09,W087_V06_P09,W087_V07_P09,numeric
W087,P10,W087_V06_P10,W087_V07_P10,major_semantic
W087,P01,W087_V07_P01,W087_V08_P01,semantic
W087,P02,W087_V07_P02,W087_V08_P02,numeric
W087,P03,W087_V07_P03,W087_V08_P03,major_semantic
W087,P04,W087_V07_P04,W087_V08_P04,reordering
W087,P05,W087_V07_P05,W087_V08_P05,date_time
W087,P06,W087_V07_P06,W087_V08_P06,deletion
W087,P07,W087_V07_P07,W087_V08_P07,addition
W087,P08,W087_V07_P08,W087_V08_P08,requirement
W087,P09,W087_V07_P09,W087_V08_P09,policy
W087,P10,W087_V07_P10,W087_V08_P10,semantic
W087,P01,W087_V08_P01,W087_V09_P01,requirement
W087,P02,W087_V08_P02,W087_V09_P02,policy
W087,P03,W087_V08_P03,W087_V09_P03,semantic
W087,P04,W087_V08_P04,W087_V09_P04,numeric
W087,P05,W087_V08_P05,W087_V09_P05,major_semantic
W087,P06,W087_V08_P06,W087_V09_P06,reordering
W087,P07,W087_V08_P07,W087_V09_P07,date_time
W087,P08,W087_V08_P08,W087_V09_P08,deletion
W087,P09,W087_V08_P09,W087_V09_P09,addition
W087,P10,W087_V08_P10,W087_V09_P10,requirement
W087,P01,W087_V09_P01,W087_V10_P01,deletion
W087,P02,W087_V09_P02,W087_V10_P02,addition
W087,P03,W087_V09_P03,W087_V10_P03,requirement
W087,P04,W087_V09_P04,W087_V10_P04,policy
W087,P05,W087_V09_P05,W087_V10_P05,semantic
W087,P06,W087_V09_P06,W087_V10_P06,numeric
W087,P07,W087_V09_P07,W087_V10_P07,major_semantic
W087,P08,W087_V09_P08,W087_V10_P08,reordering
W087,P09,W087_V09_P09,W087_V10_P09,date_time
W087,P10,W087_V09_P10,W087_V10_P10,deletion
W088,P01,W088_V01_P01,W088_V02_P01,date_time
W088,P02,W088_V01_P02,W088_V02_P02,deletion
W088,P03,W088_V01_P03,W088_V02_P03,addition
W088,P04,W088_V01_P04,W088_V02_P04,requirement
W088,P05,W088_V01_P05,W088_V02_P05,policy
W088,P06,W088_V01_P06,W088_V02_P06,semantic
W088,P07,W088_V01_P07,W088_V02_P07,numeric
W088,P08,W088_V01_P08,W088_V02_P08,major_semantic
W088,P09,W088_V01_P09,W088_V02_P09,reordering
W088,P10,W088_V01_P10,W088_V02_P10,date_time
W088,P01,W088_V02_P01,W088_V03_P01,major_semantic
W088,P02,W088_V02_P02,W088_V03_P02,reordering
W088,P03,W088_V02_P03,W088_V03_P03,date_time
W088,P04,W088_V02_P04,W088_V03_P04,deletion
W088,P05,W088_V02_P05,W088_V03_P05,addition
W088,P06,W088_V02_P06,W088_V03_P06,requirement
W088,P07,W088_V02_P07,W088_V03_P07,policy
W088,P08,W088_V02_P08,W088_V03_P08,semantic
W088,P09,W088_V02_P09,W088_V03_P09,numeric
W088,P10,W088_V02_P10,W088_V03_P10,major_semantic
W088,P01,W088_V03_P01,W088_V04_P01,semantic
W088,P02,W088_V03_P02,W088_V04_P02,numeric
W088,P03,W088_V03_P03,W088_V04_P03,major_semantic
W088,P04,W088_V03_P04,W088_V04_P04,reordering
W088,P05,W088_V03_P05,W088_V04_P05,date_time
W088,P06,W088_V03_P06,W088_V04_P06,deletion
W088,P07,W088_V03_P07,W088_V04_P07,addition
W088,P08,W088_V03_P08,W088_V04_P08,requirement
W088,P09,W088_V03_P09,W088_V04_P09,policy
W088,P10,W088_V03_P10,W088_V04_P10,semantic
W088,P01,W088_V04_P01,W088_V05_P01,requirement
W088,P02,W088_V04_P02,W088_V05_P02,policy
W088,P03,W088_V04_P03,W088_V05_P03,semantic
W088,P04,W088_V04_P04,W088_V05_P04,numeric
W088,P05,W088_V04_P05,W088_V05_P05,major_semantic
W088,P06,W088_V04_P06,W088_V05_P06,reordering
W088,P07,W088_V04_P07,W088_V05_P07,date_time
W088,P08,W088_V04_P08,W088_V05_P08,deletion
W088,P09,W088_V04_P09,W088_V05_P09,addition
W088,P10,W088_V04_P10,W088_V05_P10,requirement
W088,P01,W088_V05_P01,W088_V06_P01,deletion
W088,P02,W088_V05_P02,W088_V06_P02,addition
W088,P03,W088_V05_P03,W088_V06_P03,requirement
W088,P04,W088_V05_P04,W088_V06_P04,policy
W088,P05,W088_V05_P05,W088_V06_P05,semantic
W088,P06,W088_V05_P06,W088_V06_P06,numeric
W088,P07,W088_V05_P07,W088_V06_P07,major_semantic
W088,P08,W088_V05_P08,W088_V06_P08,reordering
W088,P09,W088_V05_P09,W088_V06_P09,date_time
W088,P10,W088_V05_P10,W088_V06_P10,deletion
W088,P01,W088_V06_P01,W088_V07_P01,reordering
W088,P02,W088_V06_P02,W088_V07_P02,date_time
W088,P03,W088_V06_P03,W088_V07_P03,deletion
W088,P04,W088_V06_P04,W088_V07_P04,addition
W088,P05,W088_V06_P05,W088_V07_P05,requirement
W088,P06,W088_V06_P06,W088_V07_P06,policy
W088,P07,W088_V06_P07,W088_V07_P07,semantic
W088,P08,W088_V06_P08,W088_V07_P08,numeric
W088,P09,W088_V06_P09,W088_V07_P09,major_semantic
W088,P10,W088_V06_P10,W088_V07_P10,reordering
W088,P01,W088_V07_P01,W088_V08_P01,numeric
W088,P02,W088_V07_P02,W088_V08_P02,major_semantic
W088,P03,W088_V07_P03,W088_V08_P03,reordering
W088,P04,W088_V07_P04,W088_V08_P04,date_time
W088,P05,W088_V07_P05,W088_V08_P05,deletion
W088,P06,W088_V07_P06,W088_V08_P06,addition
W088,P07,W088_V07_P07,W088_V08_P07,requirement
W088,P08,W088_V07_P08,W088_V08_P08,policy
W088,P09,W088_V07_P09,W088_V08_P09,semantic
W088,P10,W088_V07_P10,W088_V08_P10,numeric
W088,P01,W088_V08_P01,W088_V09_P01,policy
W088,P02,W088_V08_P02,W088_V09_P02,semantic
W088,P03,W088_V08_P03,W088_V09_P03,numeric
W088,P04,W088_V08_P04,W088_V09_P04,major_semantic
W088,P05,W088_V08_P05,W088_V09_P05,reordering
W088,P06,W088_V08_P06,W088_V09_P06,date_time
W088,P07,W088_V08_P07,W088_V09_P07,deletion
W088,P08,W088_V08_P08,W088_V09_P08,addition
W088,P09,W088_V08_P09,W088_V09_P09,requirement
W088,P10,W088_V08_P10,W088_V09_P10,policy
W088,P01,W088_V09_P01,W088_V10_P01,addition
W088,P02,W088_V09_P02,W088_V10_P02,requirement
W088,P03,W088_V09_P03,W088_V10_P03,policy
W088,P04,W088_V09_P04,W088_V10_P04,semantic
W088,P05,W088_V09_P05,W088_V10_P05,numeric
W088,P06,W088_V09_P06,W088_V10_P06,major_semantic
W088,P07,W088_V09_P07,W088_V10_P07,reordering
W088,P08,W088_V09_P08,W088_V10_P08,date_time
W088,P09,W088_V09_P09,W088_V10_P09,deletion
W088,P10,W088_V09_P10,W088_V10_P10,addition
W089,P01,W089_V01_P01,W089_V02_P01,deletion
W089,P02,W089_V01_P02,W089_V02_P02,addition
W089,P03,W089_V01_P03,W089_V02_P03,requirement
W089,P04,W089_V01_P04,W089_V02_P04,policy
W089,P05,W089_V01_P05,W089_V02_P05,semantic
W089,P06,W089_V01_P06,W089_V02_P06,numeric
W089,P07,W089_V01_P07,W089_V02_P07,major_semantic
W089,P08,W089_V01_P08,W089_V02_P08,reordering
W089,P09,W089_V01_P09,W089_V02_P09,date_time
W089,P10,W089_V01_P10,W089_V02_P10,deletion
W089,P01,W089_V02_P01,W089_V03_P01,reordering
W089,P02,W089_V02_P02,W089_V03_P02,date_time
W089,P03,W089_V02_P03,W089_V03_P03,deletion
W089,P04,W089_V02_P04,W089_V03_P04,addition
W089,P05,W089_V02_P05,W089_V03_P05,requirement
W089,P06,W089_V02_P06,W089_V03_P06,policy
W089,P07,W089_V02_P07,W089_V03_P07,semantic
W089,P08,W089_V02_P08,W089_V03_P08,numeric
W089,P09,W089_V02_P09,W089_V03_P09,major_semantic
W089,P10,W089_V02_P10,W089_V03_P10,reordering
W089,P01,W089_V03_P01,W089_V04_P01,numeric
W089,P02,W089_V03_P02,W089_V04_P02,major_semantic
W089,P03,W089_V03_P03,W089_V04_P03,reordering
W089,P04,W089_V03_P04,W089_V04_P04,date_time
W089,P05,W089_V03_P05,W089_V04_P05,deletion
W089,P06,W089_V03_P06,W089_V04_P06,addition
W089,P07,W089_V03_P07,W089_V04_P07,requirement
W089,P08,W089_V03_P08,W089_V04_P08,policy
W089,P09,W089_V03_P09,W089_V04_P09,semantic
W089,P10,W089_V03_P10,W089_V04_P10,numeric
W089,P01,W089_V04_P01,W089_V05_P01,policy
W089,P02,W089_V04_P02,W089_V05_P02,semantic
W089,P03,W089_V04_P03,W089_V05_P03,numeric
W089,P04,W089_V04_P04,W089_V05_P04,major_semantic
W089,P05,W089_V04_P05,W089_V05_P05,reordering
W089,P06,W089_V04_P06,W089_V05_P06,date_time
W089,P07,W089_V04_P07,W089_V05_P07,deletion
W089,P08,W089_V04_P08,W089_V05_P08,addition
W089,P09,W089_V04_P09,W089_V05_P09,requirement
W089,P10,W089_V04_P10,W089_V05_P10,policy
W089,P01,W089_V05_P01,W089_V06_P01,addition
W089,P02,W089_V05_P02,W089_V06_P02,requirement
W089,P03,W089_V05_P03,W089_V06_P03,policy
W089,P04,W089_V05_P04,W089_V06_P04,semantic
W089,P05,W089_V05_P05,W089_V06_P05,numeric
W089,P06,W089_V05_P06,W089_V06_P06,major_semantic
W089,P07,W089_V05_P07,W089_V06_P07,reordering
W089,P08,W089_V05_P08,W089_V06_P08,date_time
W089,P09,W089_V05_P09,W089_V06_P09,deletion
W089,P10,W089_V05_P10,W089_V06_P10,addition
W089,P01,W089_V06_P01,W089_V07_P01,date_time
W089,P02,W089_V06_P02,W089_V07_P02,deletion
W089,P03,W089_V06_P03,W089_V07_P03,addition
W089,P04,W089_V06_P04,W089_V07_P04,requirement
W089,P05,W089_V06_P05,W089_V07_P05,policy
W089,P06,W089_V06_P06,W089_V07_P06,semantic
W089,P07,W089_V06_P07,W089_V07_P07,numeric
W089,P08,W089_V06_P08,W089_V07_P08,major_semantic
W089,P09,W089_V06_P09,W089_V07_P09,reordering
W089,P10,W089_V06_P10,W089_V07_P10,date_time
W089,P01,W089_V07_P01,W089_V08_P01,major_semantic
W089,P02,W089_V07_P02,W089_V08_P02,reordering
W089,P03,W089_V07_P03,W089_V08_P03,date_time
W089,P04,W089_V07_P04,W089_V08_P04,deletion
W089,P05,W089_V07_P05,W089_V08_P05,addition
W089,P06,W089_V07_P06,W089_V08_P06,requirement
W089,P07,W089_V07_P07,W089_V08_P07,policy
W089,P08,W089_V07_P08,W089_V08_P08,semantic
W089,P09,W089_V07_P09,W089_V08_P09,numeric
W089,P10,W089_V07_P10,W089_V08_P10,major_semantic
W089,P01,W089_V08_P01,W089_V09_P01,semantic
W089,P02,W089_V08_P02,W089_V09_P02,numeric
W089,P03,W089_V08_P03,W089_V09_P03,major_semantic
W089,P04,W089_V08_P04,W089_V09_P04,reordering
W089,P05,W089_V08_P05,W089_V09_P05,date_time
W089,P06,W089_V08_P06,W089_V09_P06,deletion
W089,P07,W089_V08_P07,W089_V09_P07,addition
W089,P08,W089_V08_P08,W089_V09_P08,requirement
W089,P09,W089_V08_P09,W089_V09_P09,policy
W089,P10,W089_V08_P10,W089_V09_P10,semantic
W089,P01,W089_V09_P01,W089_V10_P01,requirement
W089,P02,W089_V09_P02,W089_V10_P02,policy
W089,P03,W089_V09_P03,W089_V10_P03,semantic
W089,P04,W089_V09_P04,W089_V10_P04,numeric
W089,P05,W089_V09_P05,W089_V10_P05,major_semantic
W089,P06,W089_V09_P06,W089_V10_P06,reordering
W089,P07,W089_V09_P07,W089_V10_P07,date_time
W089,P08,W089_V09_P08,W089_V10_P08,deletion
W089,P09,W089_V09_P09,W089_V10_P09,addition
W089,P10,W089_V09_P10,W089_V10_P10,requirement
W090,P01,W090_V01_P01,W090_V02_P01,addition
W090,P02,W090_V01_P02,W090_V02_P02,requirement
W090,P03,W090_V01_P03,W090_V02_P03,policy
W090,P04,W090_V01_P04,W090_V02_P04,semantic
W090,P05,W090_V01_P05,W090_V02_P05,numeric
W090,P06,W090_V01_P06,W090_V02_P06,major_semantic
W090,P07,W090_V01_P07,W090_V02_P07,reordering
W090,P08,W090_V01_P08,W090_V02_P08,date_time
W090,P09,W090_V01_P09,W090_V02_P09,deletion
W090,P10,W090_V01_P10,W090_V02_P10,addition
W090,P01,W090_V02_P01,W090_V03_P01,date_time
W090,P02,W090_V02_P02,W090_V03_P02,deletion
W090,P03,W090_V02_P03,W090_V03_P03,addition
W090,P04,W090_V02_P04,W090_V03_P04,requirement
W090,P05,W090_V02_P05,W090_V03_P05,policy
W090,P06,W090_V02_P06,W090_V03_P06,semantic
W090,P07,W090_V02_P07,W090_V03_P07,numeric
W090,P08,W090_V02_P08,W090_V03_P08,major_semantic
W090,P09,W090_V02_P09,W090_V03_P09,reordering
W090,P10,W090_V02_P10,W090_V03_P10,date_time
W090,P01,W090_V03_P01,W090_V04_P01,major_semantic
W090,P02,W090_V03_P02,W090_V04_P02,reordering
W090,P03,W090_V03_P03,W090_V04_P03,date_time
W090,P04,W090_V03_P04,W090_V04_P04,deletion
W090,P05,W090_V03_P05,W090_V04_P05,addition
W090,P06,W090_V03_P06,W090_V04_P06,requirement
W090,P07,W090_V03_P07,W090_V04_P07,policy
W090,P08,W090_V03_P08,W090_V04_P08,semantic
W090,P09,W090_V03_P09,W090_V04_P09,numeric
W090,P10,W090_V03_P10,W090_V04_P10,major_semantic
W090,P01,W090_V04_P01,W090_V05_P01,semantic
W090,P02,W090_V04_P02,W090_V05_P02,numeric
W090,P03,W090_V04_P03,W090_V05_P03,major_semantic
W090,P04,W090_V04_P04,W090_V05_P04,reordering
W090,P05,W090_V04_P05,W090_V05_P05,date_time
W090,P06,W090_V04_P06,W090_V05_P06,deletion
W090,P07,W090_V04_P07,W090_V05_P07,addition
W090,P08,W090_V04_P08,W090_V05_P08,requirement
W090,P09,W090_V04_P09,W090_V05_P09,policy
W090,P10,W090_V04_P10,W090_V05_P10,semantic
W090,P01,W090_V05_P01,W090_V06_P01,requirement
W090,P02,W090_V05_P02,W090_V06_P02,policy
W090,P03,W090_V05_P03,W090_V06_P03,semantic
W090,P04,W090_V05_P04,W090_V06_P04,numeric
W090,P05,W090_V05_P05,W090_V06_P05,major_semantic
W090,P06,W090_V05_P06,W090_V06_P06,reordering
W090,P07,W090_V05_P07,W090_V06_P07,date_time
W090,P08,W090_V05_P08,W090_V06_P08,deletion
W090,P09,W090_V05_P09,W090_V06_P09,addition
W090,P10,W090_V05_P10,W090_V06_P10,requirement
W090,P01,W090_V06_P01,W090_V07_P01,deletion
W090,P02,W090_V06_P02,W090_V07_P02,addition
W090,P03,W090_V06_P03,W090_V07_P03,requirement
W090,P04,W090_V06_P04,W090_V07_P04,policy
W090,P05,W090_V06_P05,W090_V07_P05,semantic
W090,P06,W090_V06_P06,W090_V07_P06,numeric
W090,P07,W090_V06_P07,W090_V07_P07,major_semantic
W090,P08,W090_V06_P08,W090_V07_P08,reordering
W090,P09,W090_V06_P09,W090_V07_P09,date_time
W090,P10,W090_V06_P10,W090_V07_P10,deletion
W090,P01,W090_V07_P01,W090_V08_P01,reordering
W090,P02,W090_V07_P02,W090_V08_P02,date_time
W090,P03,W090_V07_P03,W090_V08_P03,deletion
W090,P04,W090_V07_P04,W090_V08_P04,addition
W090,P05,W090_V07_P05,W090_V08_P05,requirement
W090,P06,W090_V07_P06,W090_V08_P06,policy
W090,P07,W090_V07_P07,W090_V08_P07,semantic
W090,P08,W090_V07_P08,W090_V08_P08,numeric
W090,P09,W090_V07_P09,W090_V08_P09,major_semantic
W090,P10,W090_V07_P10,W090_V08_P10,reordering
W090,P01,W090_V08_P01,W090_V09_P01,numeric
W090,P02,W090_V08_P02,W090_V09_P02,major_semantic
W090,P03,W090_V08_P03,W090_V09_P03,reordering
W090,P04,W090_V08_P04,W090_V09_P04,date_time
W090,P05,W090_V08_P05,W090_V09_P05,deletion
W090,P06,W090_V08_P06,W090_V09_P06,addition
W090,P07,W090_V08_P07,W090_V09_P07,requirement
W090,P08,W090_V08_P08,W090_V09_P08,policy
W090,P09,W090_V08_P09,W090_V09_P09,semantic
W090,P10,W090_V08_P10,W090_V09_P10,numeric
W090,P01,W090_V09_P01,W090_V10_P01,policy
W090,P02,W090_V09_P02,W090_V10_P02,semantic
W090,P03,W090_V09_P03,W090_V10_P03,numeric
W090,P04,W090_V09_P04,W090_V10_P04,major_semantic
W090,P05,W090_V09_P05,W090_V10_P05,reordering
W090,P06,W090_V09_P06,W090_V10_P06,date_time
W090,P07,W090_V09_P07,W090_V10_P07,deletion
W090,P08,W090_V09_P08,W090_V10_P08,addition
W090,P09,W090_V09_P09,W090_V10_P09,requirement
W090,P10,W090_V09_P10,W090_V10_P10,policy
W091,P01,W091_V01_P01,W091_V02_P01,requirement
W091,P02,W091_V01_P02,W091_V02_P02,policy
W091,P03,W091_V01_P03,W091_V02_P03,semantic
W091,P04,W091_V01_P04,W091_V02_P04,numeric
W091,P05,W091_V01_P05,W091_V02_P05,major_semantic
W091,P06,W091_V01_P06,W091_V02_P06,reordering
W091,P07,W091_V01_P07,W091_V02_P07,date_time
W091,P08,W091_V01_P08,W091_V02_P08,deletion
W091,P09,W091_V01_P09,W091_V02_P09,addition
W091,P10,W091_V01_P10,W091_V02_P10,requirement
W091,P01,W091_V02_P01,W091_V03_P01,deletion
W091,P02,W091_V02_P02,W091_V03_P02,addition
W091,P03,W091_V02_P03,W091_V03_P03,requirement
W091,P04,W091_V02_P04,W091_V03_P04,policy
W091,P05,W091_V02_P05,W091_V03_P05,semantic
W091,P06,W091_V02_P06,W091_V03_P06,numeric
W091,P07,W091_V02_P07,W091_V03_P07,major_semantic
W091,P08,W091_V02_P08,W091_V03_P08,reordering
W091,P09,W091_V02_P09,W091_V03_P09,date_time
W091,P10,W091_V02_P10,W091_V03_P10,deletion
W091,P01,W091_V03_P01,W091_V04_P01,reordering
W091,P02,W091_V03_P02,W091_V04_P02,date_time
W091,P03,W091_V03_P03,W091_V04_P03,deletion
W091,P04,W091_V03_P04,W091_V04_P04,addition
W091,P05,W091_V03_P05,W091_V04_P05,requirement
W091,P06,W091_V03_P06,W091_V04_P06,policy
W091,P07,W091_V03_P07,W091_V04_P07,semantic
W091,P08,W091_V03_P08,W091_V04_P08,numeric
W091,P09,W091_V03_P09,W091_V04_P09,major_semantic
W091,P10,W091_V03_P10,W091_V04_P10,reordering
W091,P01,W091_V04_P01,W091_V05_P01,numeric
W091,P02,W091_V04_P02,W091_V05_P02,major_semantic
W091,P03,W091_V04_P03,W091_V05_P03,reordering
W091,P04,W091_V04_P04,W091_V05_P04,date_time
W091,P05,W091_V04_P05,W091_V05_P05,deletion
W091,P06,W091_V04_P06,W091_V05_P06,addition
W091,P07,W091_V04_P07,W091_V05_P07,requirement
W091,P08,W091_V04_P08,W091_V05_P08,policy
W091,P09,W091_V04_P09,W091_V05_P09,semantic
W091,P10,W091_V04_P10,W091_V05_P10,numeric
W091,P01,W091_V05_P01,W091_V06_P01,policy
W091,P02,W091_V05_P02,W091_V06_P02,semantic
W091,P03,W091_V05_P03,W091_V06_P03,numeric
W091,P04,W091_V05_P04,W091_V06_P04,major_semantic
W091,P05,W091_V05_P05,W091_V06_P05,reordering
W091,P06,W091_V05_P06,W091_V06_P06,date_time
W091,P07,W091_V05_P07,W091_V06_P07,deletion
W091,P08,W091_V05_P08,W091_V06_P08,addition
W091,P09,W091_V05_P09,W091_V06_P09,requirement
W091,P10,W091_V05_P10,W091_V06_P10,policy
W091,P01,W091_V06_P01,W091_V07_P01,addition
W091,P02,W091_V06_P02,W091_V07_P02,requirement
W091,P03,W091_V06_P03,W091_V07_P03,policy
W091,P04,W091_V06_P04,W091_V07_P04,semantic
W091,P05,W091_V06_P05,W091_V07_P05,numeric
W091,P06,W091_V06_P06,W091_V07_P06,major_semantic
W091,P07,W091_V06_P07,W091_V07_P07,reordering
W091,P08,W091_V06_P08,W091_V07_P08,date_time
W091,P09,W091_V06_P09,W091_V07_P09,deletion
W091,P10,W091_V06_P10,W091_V07_P10,addition
W091,P01,W091_V07_P01,W091_V08_P01,date_time
W091,P02,W091_V07_P02,W091_V08_P02,deletion
W091,P03,W091_V07_P03,W091_V08_P03,addition
W091,P04,W091_V07_P04,W091_V08_P04,requirement
W091,P05,W091_V07_P05,W091_V08_P05,policy
W091,P06,W091_V07_P06,W091_V08_P06,semantic
W091,P07,W091_V07_P07,W091_V08_P07,numeric
W091,P08,W091_V07_P08,W091_V08_P08,major_semantic
W091,P09,W091_V07_P09,W091_V08_P09,reordering
W091,P10,W091_V07_P10,W091_V08_P10,date_time
W091,P01,W091_V08_P01,W091_V09_P01,major_semantic
W091,P02,W091_V08_P02,W091_V09_P02,reordering
W091,P03,W091_V08_P03,W091_V09_P03,date_time
W091,P04,W091_V08_P04,W091_V09_P04,deletion
W091,P05,W091_V08_P05,W091_V09_P05,addition
W091,P06,W091_V08_P06,W091_V09_P06,requirement
W091,P07,W091_V08_P07,W091_V09_P07,policy
W091,P08,W091_V08_P08,W091_V09_P08,semantic
W091,P09,W091_V08_P09,W091_V09_P09,numeric
W091,P10,W091_V08_P10,W091_V09_P10,major_semantic
W091,P01,W091_V09_P01,W091_V10_P01,semantic
W091,P02,W091_V09_P02,W091_V10_P02,numeric
W091,P03,W091_V09_P03,W091_V10_P03,major_semantic
W091,P04,W091_V09_P04,W091_V10_P04,reordering
W091,P05,W091_V09_P05,W091_V10_P05,date_time
W091,P06,W091_V09_P06,W091_V10_P06,deletion
W091,P07,W091_V09_P07,W091_V10_P07,addition
W091,P08,W091_V09_P08,W091_V10_P08,requirement
W091,P09,W091_V09_P09,W091_V10_P09,policy
W091,P10,W091_V09_P10,W091_V10_P10,semantic
W092,P01,W092_V01_P01,W092_V02_P01,policy
W092,P02,W092_V01_P02,W092_V02_P02,semantic
W092,P03,W092_V01_P03,W092_V02_P03,numeric
W092,P04,W092_V01_P04,W092_V02_P04,major_semantic
W092,P05,W092_V01_P05,W092_V02_P05,reordering
W092,P06,W092_V01_P06,W092_V02_P06,date_time
W092,P07,W092_V01_P07,W092_V02_P07,deletion
W092,P08,W092_V01_P08,W092_V02_P08,addition
W092,P09,W092_V01_P09,W092_V02_P09,requirement
W092,P10,W092_V01_P10,W092_V02_P10,policy
W092,P01,W092_V02_P01,W092_V03_P01,addition
W092,P02,W092_V02_P02,W092_V03_P02,requirement
W092,P03,W092_V02_P03,W092_V03_P03,policy
W092,P04,W092_V02_P04,W092_V03_P04,semantic
W092,P05,W092_V02_P05,W092_V03_P05,numeric
W092,P06,W092_V02_P06,W092_V03_P06,major_semantic
W092,P07,W092_V02_P07,W092_V03_P07,reordering
W092,P08,W092_V02_P08,W092_V03_P08,date_time
W092,P09,W092_V02_P09,W092_V03_P09,deletion
W092,P10,W092_V02_P10,W092_V03_P10,addition
W092,P01,W092_V03_P01,W092_V04_P01,date_time
W092,P02,W092_V03_P02,W092_V04_P02,deletion
W092,P03,W092_V03_P03,W092_V04_P03,addition
W092,P04,W092_V03_P04,W092_V04_P04,requirement
W092,P05,W092_V03_P05,W092_V04_P05,policy
W092,P06,W092_V03_P06,W092_V04_P06,semantic
W092,P07,W092_V03_P07,W092_V04_P07,numeric
W092,P08,W092_V03_P08,W092_V04_P08,major_semantic
W092,P09,W092_V03_P09,W092_V04_P09,reordering
W092,P10,W092_V03_P10,W092_V04_P10,date_time
W092,P01,W092_V04_P01,W092_V05_P01,major_semantic
W092,P02,W092_V04_P02,W092_V05_P02,reordering
W092,P03,W092_V04_P03,W092_V05_P03,date_time
W092,P04,W092_V04_P04,W092_V05_P04,deletion
W092,P05,W092_V04_P05,W092_V05_P05,addition
W092,P06,W092_V04_P06,W092_V05_P06,requirement
W092,P07,W092_V04_P07,W092_V05_P07,policy
W092,P08,W092_V04_P08,W092_V05_P08,semantic
W092,P09,W092_V04_P09,W092_V05_P09,numeric
W092,P10,W092_V04_P10,W092_V05_P10,major_semantic
W092,P01,W092_V05_P01,W092_V06_P01,semantic
W092,P02,W092_V05_P02,W092_V06_P02,numeric
W092,P03,W092_V05_P03,W092_V06_P03,major_semantic
W092,P04,W092_V05_P04,W092_V06_P04,reordering
W092,P05,W092_V05_P05,W092_V06_P05,date_time
W092,P06,W092_V05_P06,W092_V06_P06,deletion
W092,P07,W092_V05_P07,W092_V06_P07,addition
W092,P08,W092_V05_P08,W092_V06_P08,requirement
W092,P09,W092_V05_P09,W092_V06_P09,policy
W092,P10,W092_V05_P10,W092_V06_P10,semantic
W092,P01,W092_V06_P01,W092_V07_P01,requirement
W092,P02,W092_V06_P02,W092_V07_P02,policy
W092,P03,W092_V06_P03,W092_V07_P03,semantic
W092,P04,W092_V06_P04,W092_V07_P04,numeric
W092,P05,W092_V06_P05,W092_V07_P05,major_semantic
W092,P06,W092_V06_P06,W092_V07_P06,reordering
W092,P07,W092_V06_P07,W092_V07_P07,date_time
W092,P08,W092_V06_P08,W092_V07_P08,deletion
W092,P09,W092_V06_P09,W092_V07_P09,addition
W092,P10,W092_V06_P10,W092_V07_P10,requirement
W092,P01,W092_V07_P01,W092_V08_P01,deletion
W092,P02,W092_V07_P02,W092_V08_P02,addition
W092,P03,W092_V07_P03,W092_V08_P03,requirement
W092,P04,W092_V07_P04,W092_V08_P04,policy
W092,P05,W092_V07_P05,W092_V08_P05,semantic
W092,P06,W092_V07_P06,W092_V08_P06,numeric
W092,P07,W092_V07_P07,W092_V08_P07,major_semantic
W092,P08,W092_V07_P08,W092_V08_P08,reordering
W092,P09,W092_V07_P09,W092_V08_P09,date_time
W092,P10,W092_V07_P10,W092_V08_P10,deletion
W092,P01,W092_V08_P01,W092_V09_P01,reordering
W092,P02,W092_V08_P02,W092_V09_P02,date_time
W092,P03,W092_V08_P03,W092_V09_P03,deletion
W092,P04,W092_V08_P04,W092_V09_P04,addition
W092,P05,W092_V08_P05,W092_V09_P05,requirement
W092,P06,W092_V08_P06,W092_V09_P06,policy
W092,P07,W092_V08_P07,W092_V09_P07,semantic
W092,P08,W092_V08_P08,W092_V09_P08,numeric
W092,P09,W092_V08_P09,W092_V09_P09,major_semantic
W092,P10,W092_V08_P10,W092_V09_P10,reordering
W092,P01,W092_V09_P01,W092_V10_P01,numeric
W092,P02,W092_V09_P02,W092_V10_P02,major_semantic
W092,P03,W092_V09_P03,W092_V10_P03,reordering
W092,P04,W092_V09_P04,W092_V10_P04,date_time
W092,P05,W092_V09_P05,W092_V10_P05,deletion
W092,P06,W092_V09_P06,W092_V10_P06,addition
W092,P07,W092_V09_P07,W092_V10_P07,requirement
W092,P08,W092_V09_P08,W092_V10_P08,policy
W092,P09,W092_V09_P09,W092_V10_P09,semantic
W092,P10,W092_V09_P10,W092_V10_P10,numeric
W093,P01,W093_V01_P01,W093_V02_P01,semantic
W093,P02,W093_V01_P02,W093_V02_P02,numeric
W093,P03,W093_V01_P03,W093_V02_P03,major_semantic
W093,P04,W093_V01_P04,W093_V02_P04,reordering
W093,P05,W093_V01_P05,W093_V02_P05,date_time
W093,P06,W093_V01_P06,W093_V02_P06,deletion
W093,P07,W093_V01_P07,W093_V02_P07,addition
W093,P08,W093_V01_P08,W093_V02_P08,requirement
W093,P09,W093_V01_P09,W093_V02_P09,policy
W093,P10,W093_V01_P10,W093_V02_P10,semantic
W093,P01,W093_V02_P01,W093_V03_P01,requirement
W093,P02,W093_V02_P02,W093_V03_P02,policy
W093,P03,W093_V02_P03,W093_V03_P03,semantic
W093,P04,W093_V02_P04,W093_V03_P04,numeric
W093,P05,W093_V02_P05,W093_V03_P05,major_semantic
W093,P06,W093_V02_P06,W093_V03_P06,reordering
W093,P07,W093_V02_P07,W093_V03_P07,date_time
W093,P08,W093_V02_P08,W093_V03_P08,deletion
W093,P09,W093_V02_P09,W093_V03_P09,addition
W093,P10,W093_V02_P10,W093_V03_P10,requirement
W093,P01,W093_V03_P01,W093_V04_P01,deletion
W093,P02,W093_V03_P02,W093_V04_P02,addition
W093,P03,W093_V03_P03,W093_V04_P03,requirement
W093,P04,W093_V03_P04,W093_V04_P04,policy
W093,P05,W093_V03_P05,W093_V04_P05,semantic
W093,P06,W093_V03_P06,W093_V04_P06,numeric
W093,P07,W093_V03_P07,W093_V04_P07,major_semantic
W093,P08,W093_V03_P08,W093_V04_P08,reordering
W093,P09,W093_V03_P09,W093_V04_P09,date_time
W093,P10,W093_V03_P10,W093_V04_P10,deletion
W093,P01,W093_V04_P01,W093_V05_P01,reordering
W093,P02,W093_V04_P02,W093_V05_P02,date_time
W093,P03,W093_V04_P03,W093_V05_P03,deletion
W093,P04,W093_V04_P04,W093_V05_P04,addition
W093,P05,W093_V04_P05,W093_V05_P05,requirement
W093,P06,W093_V04_P06,W093_V05_P06,policy
W093,P07,W093_V04_P07,W093_V05_P07,semantic
W093,P08,W093_V04_P08,W093_V05_P08,numeric
W093,P09,W093_V04_P09,W093_V05_P09,major_semantic
W093,P10,W093_V04_P10,W093_V05_P10,reordering
W093,P01,W093_V05_P01,W093_V06_P01,numeric
W093,P02,W093_V05_P02,W093_V06_P02,major_semantic
W093,P03,W093_V05_P03,W093_V06_P03,reordering
W093,P04,W093_V05_P04,W093_V06_P04,date_time
W093,P05,W093_V05_P05,W093_V06_P05,deletion
W093,P06,W093_V05_P06,W093_V06_P06,addition
W093,P07,W093_V05_P07,W093_V06_P07,requirement
W093,P08,W093_V05_P08,W093_V06_P08,policy
W093,P09,W093_V05_P09,W093_V06_P09,semantic
W093,P10,W093_V05_P10,W093_V06_P10,numeric
W093,P01,W093_V06_P01,W093_V07_P01,policy
W093,P02,W093_V06_P02,W093_V07_P02,semantic
W093,P03,W093_V06_P03,W093_V07_P03,numeric
W093,P04,W093_V06_P04,W093_V07_P04,major_semantic
W093,P05,W093_V06_P05,W093_V07_P05,reordering
W093,P06,W093_V06_P06,W093_V07_P06,date_time
W093,P07,W093_V06_P07,W093_V07_P07,deletion
W093,P08,W093_V06_P08,W093_V07_P08,addition
W093,P09,W093_V06_P09,W093_V07_P09,requirement
W093,P10,W093_V06_P10,W093_V07_P10,policy
W093,P01,W093_V07_P01,W093_V08_P01,addition
W093,P02,W093_V07_P02,W093_V08_P02,requirement
W093,P03,W093_V07_P03,W093_V08_P03,policy
W093,P04,W093_V07_P04,W093_V08_P04,semantic
W093,P05,W093_V07_P05,W093_V08_P05,numeric
W093,P06,W093_V07_P06,W093_V08_P06,major_semantic
W093,P07,W093_V07_P07,W093_V08_P07,reordering
W093,P08,W093_V07_P08,W093_V08_P08,date_time
W093,P09,W093_V07_P09,W093_V08_P09,deletion
W093,P10,W093_V07_P10,W093_V08_P10,addition
W093,P01,W093_V08_P01,W093_V09_P01,date_time
W093,P02,W093_V08_P02,W093_V09_P02,deletion
W093,P03,W093_V08_P03,W093_V09_P03,addition
W093,P04,W093_V08_P04,W093_V09_P04,requirement
W093,P05,W093_V08_P05,W093_V09_P05,policy
W093,P06,W093_V08_P06,W093_V09_P06,semantic
W093,P07,W093_V08_P07,W093_V09_P07,numeric
W093,P08,W093_V08_P08,W093_V09_P08,major_semantic
W093,P09,W093_V08_P09,W093_V09_P09,reordering
W093,P10,W093_V08_P10,W093_V09_P10,date_time
W093,P01,W093_V09_P01,W093_V10_P01,major_semantic
W093,P02,W093_V09_P02,W093_V10_P02,reordering
W093,P03,W093_V09_P03,W093_V10_P03,date_time
W093,P04,W093_V09_P04,W093_V10_P04,deletion
W093,P05,W093_V09_P05,W093_V10_P05,addition
W093,P06,W093_V09_P06,W093_V10_P06,requirement
W093,P07,W093_V09_P07,W093_V10_P07,policy
W093,P08,W093_V09_P08,W093_V10_P08,semantic
W093,P09,W093_V09_P09,W093_V10_P09,numeric
W093,P10,W093_V09_P10,W093_V10_P10,major_semantic
W094,P01,W094_V01_P01,W094_V02_P01,numeric
W094,P02,W094_V01_P02,W094_V02_P02,major_semantic
W094,P03,W094_V01_P03,W094_V02_P03,reordering
W094,P04,W094_V01_P04,W094_V02_P04,date_time
W094,P05,W094_V01_P05,W094_V02_P05,deletion
W094,P06,W094_V01_P06,W094_V02_P06,addition
W094,P07,W094_V01_P07,W094_V02_P07,requirement
W094,P08,W094_V01_P08,W094_V02_P08,policy
W094,P09,W094_V01_P09,W094_V02_P09,semantic
W094,P10,W094_V01_P10,W094_V02_P10,numeric
W094,P01,W094_V02_P01,W094_V03_P01,policy
W094,P02,W094_V02_P02,W094_V03_P02,semantic
W094,P03,W094_V02_P03,W094_V03_P03,numeric
W094,P04,W094_V02_P04,W094_V03_P04,major_semantic
W094,P05,W094_V02_P05,W094_V03_P05,reordering
W094,P06,W094_V02_P06,W094_V03_P06,date_time
W094,P07,W094_V02_P07,W094_V03_P07,deletion
W094,P08,W094_V02_P08,W094_V03_P08,addition
W094,P09,W094_V02_P09,W094_V03_P09,requirement
W094,P10,W094_V02_P10,W094_V03_P10,policy
W094,P01,W094_V03_P01,W094_V04_P01,addition
W094,P02,W094_V03_P02,W094_V04_P02,requirement
W094,P03,W094_V03_P03,W094_V04_P03,policy
W094,P04,W094_V03_P04,W094_V04_P04,semantic
W094,P05,W094_V03_P05,W094_V04_P05,numeric
W094,P06,W094_V03_P06,W094_V04_P06,major_semantic
W094,P07,W094_V03_P07,W094_V04_P07,reordering
W094,P08,W094_V03_P08,W094_V04_P08,date_time
W094,P09,W094_V03_P09,W094_V04_P09,deletion
W094,P10,W094_V03_P10,W094_V04_P10,addition
W094,P01,W094_V04_P01,W094_V05_P01,date_time
W094,P02,W094_V04_P02,W094_V05_P02,deletion
W094,P03,W094_V04_P03,W094_V05_P03,addition
W094,P04,W094_V04_P04,W094_V05_P04,requirement
W094,P05,W094_V04_P05,W094_V05_P05,policy
W094,P06,W094_V04_P06,W094_V05_P06,semantic
W094,P07,W094_V04_P07,W094_V05_P07,numeric
W094,P08,W094_V04_P08,W094_V05_P08,major_semantic
W094,P09,W094_V04_P09,W094_V05_P09,reordering
W094,P10,W094_V04_P10,W094_V05_P10,date_time
W094,P01,W094_V05_P01,W094_V06_P01,major_semantic
W094,P02,W094_V05_P02,W094_V06_P02,reordering
W094,P03,W094_V05_P03,W094_V06_P03,date_time
W094,P04,W094_V05_P04,W094_V06_P04,deletion
W094,P05,W094_V05_P05,W094_V06_P05,addition
W094,P06,W094_V05_P06,W094_V06_P06,requirement
W094,P07,W094_V05_P07,W094_V06_P07,policy
W094,P08,W094_V05_P08,W094_V06_P08,semantic
W094,P09,W094_V05_P09,W094_V06_P09,numeric
W094,P10,W094_V05_P10,W094_V06_P10,major_semantic
W094,P01,W094_V06_P01,W094_V07_P01,semantic
W094,P02,W094_V06_P02,W094_V07_P02,numeric
W094,P03,W094_V06_P03,W094_V07_P03,major_semantic
W094,P04,W094_V06_P04,W094_V07_P04,reordering
W094,P05,W094_V06_P05,W094_V07_P05,date_time
W094,P06,W094_V06_P06,W094_V07_P06,deletion
W094,P07,W094_V06_P07,W094_V07_P07,addition
W094,P08,W094_V06_P08,W094_V07_P08,requirement
W094,P09,W094_V06_P09,W094_V07_P09,policy
W094,P10,W094_V06_P10,W094_V07_P10,semantic
W094,P01,W094_V07_P01,W094_V08_P01,requirement
W094,P02,W094_V07_P02,W094_V08_P02,policy
W094,P03,W094_V07_P03,W094_V08_P03,semantic
W094,P04,W094_V07_P04,W094_V08_P04,numeric
W094,P05,W094_V07_P05,W094_V08_P05,major_semantic
W094,P06,W094_V07_P06,W094_V08_P06,reordering
W094,P07,W094_V07_P07,W094_V08_P07,date_time
W094,P08,W094_V07_P08,W094_V08_P08,deletion
W094,P09,W094_V07_P09,W094_V08_P09,addition
W094,P10,W094_V07_P10,W094_V08_P10,requirement
W094,P01,W094_V08_P01,W094_V09_P01,deletion
W094,P02,W094_V08_P02,W094_V09_P02,addition
W094,P03,W094_V08_P03,W094_V09_P03,requirement
W094,P04,W094_V08_P04,W094_V09_P04,policy
W094,P05,W094_V08_P05,W094_V09_P05,semantic
W094,P06,W094_V08_P06,W094_V09_P06,numeric
W094,P07,W094_V08_P07,W094_V09_P07,major_semantic
W094,P08,W094_V08_P08,W094_V09_P08,reordering
W094,P09,W094_V08_P09,W094_V09_P09,date_time
W094,P10,W094_V08_P10,W094_V09_P10,deletion
W094,P01,W094_V09_P01,W094_V10_P01,reordering
W094,P02,W094_V09_P02,W094_V10_P02,date_time
W094,P03,W094_V09_P03,W094_V10_P03,deletion
W094,P04,W094_V09_P04,W094_V10_P04,addition
W094,P05,W094_V09_P05,W094_V10_P05,requirement
W094,P06,W094_V09_P06,W094_V10_P06,policy
W094,P07,W094_V09_P07,W094_V10_P07,semantic
W094,P08,W094_V09_P08,W094_V10_P08,numeric
W094,P09,W094_V09_P09,W094_V10_P09,major_semantic
W094,P10,W094_V09_P10,W094_V10_P10,reordering
W095,P01,W095_V01_P01,W095_V02_P01,major_semantic
W095,P02,W095_V01_P02,W095_V02_P02,reordering
W095,P03,W095_V01_P03,W095_V02_P03,date_time
W095,P04,W095_V01_P04,W095_V02_P04,deletion
W095,P05,W095_V01_P05,W095_V02_P05,addition
W095,P06,W095_V01_P06,W095_V02_P06,requirement
W095,P07,W095_V01_P07,W095_V02_P07,policy
W095,P08,W095_V01_P08,W095_V02_P08,semantic
W095,P09,W095_V01_P09,W095_V02_P09,numeric
W095,P10,W095_V01_P10,W095_V02_P10,major_semantic
W095,P01,W095_V02_P01,W095_V03_P01,semantic
W095,P02,W095_V02_P02,W095_V03_P02,numeric
W095,P03,W095_V02_P03,W095_V03_P03,major_semantic
W095,P04,W095_V02_P04,W095_V03_P04,reordering
W095,P05,W095_V02_P05,W095_V03_P05,date_time
W095,P06,W095_V02_P06,W095_V03_P06,deletion
W095,P07,W095_V02_P07,W095_V03_P07,addition
W095,P08,W095_V02_P08,W095_V03_P08,requirement
W095,P09,W095_V02_P09,W095_V03_P09,policy
W095,P10,W095_V02_P10,W095_V03_P10,semantic
W095,P01,W095_V03_P01,W095_V04_P01,requirement
W095,P02,W095_V03_P02,W095_V04_P02,policy
W095,P03,W095_V03_P03,W095_V04_P03,semantic
W095,P04,W095_V03_P04,W095_V04_P04,numeric
W095,P05,W095_V03_P05,W095_V04_P05,major_semantic
W095,P06,W095_V03_P06,W095_V04_P06,reordering
W095,P07,W095_V03_P07,W095_V04_P07,date_time
W095,P08,W095_V03_P08,W095_V04_P08,deletion
W095,P09,W095_V03_P09,W095_V04_P09,addition
W095,P10,W095_V03_P10,W095_V04_P10,requirement
W095,P01,W095_V04_P01,W095_V05_P01,deletion
W095,P02,W095_V04_P02,W095_V05_P02,addition
W095,P03,W095_V04_P03,W095_V05_P03,requirement
W095,P04,W095_V04_P04,W095_V05_P04,policy
W095,P05,W095_V04_P05,W095_V05_P05,semantic
W095,P06,W095_V04_P06,W095_V05_P06,numeric
W095,P07,W095_V04_P07,W095_V05_P07,major_semantic
W095,P08,W095_V04_P08,W095_V05_P08,reordering
W095,P09,W095_V04_P09,W095_V05_P09,date_time
W095,P10,W095_V04_P10,W095_V05_P10,deletion
W095,P01,W095_V05_P01,W095_V06_P01,reordering
W095,P02,W095_V05_P02,W095_V06_P02,date_time
W095,P03,W095_V05_P03,W095_V06_P03,deletion
W095,P04,W095_V05_P04,W095_V06_P04,addition
W095,P05,W095_V05_P05,W095_V06_P05,requirement
W095,P06,W095_V05_P06,W095_V06_P06,policy
W095,P07,W095_V05_P07,W095_V06_P07,semantic
W095,P08,W095_V05_P08,W095_V06_P08,numeric
W095,P09,W095_V05_P09,W095_V06_P09,major_semantic
W095,P10,W095_V05_P10,W095_V06_P10,reordering
W095,P01,W095_V06_P01,W095_V07_P01,numeric
W095,P02,W095_V06_P02,W095_V07_P02,major_semantic
W095,P03,W095_V06_P03,W095_V07_P03,reordering
W095,P04,W095_V06_P04,W095_V07_P04,date_time
W095,P05,W095_V06_P05,W095_V07_P05,deletion
W095,P06,W095_V06_P06,W095_V07_P06,addition
W095,P07,W095_V06_P07,W095_V07_P07,requirement
W095,P08,W095_V06_P08,W095_V07_P08,policy
W095,P09,W095_V06_P09,W095_V07_P09,semantic
W095,P10,W095_V06_P10,W095_V07_P10,numeric
W095,P01,W095_V07_P01,W095_V08_P01,policy
W095,P02,W095_V07_P02,W095_V08_P02,semantic
W095,P03,W095_V07_P03,W095_V08_P03,numeric
W095,P04,W095_V07_P04,W095_V08_P04,major_semantic
W095,P05,W095_V07_P05,W095_V08_P05,reordering
W095,P06,W095_V07_P06,W095_V08_P06,date_time
W095,P07,W095_V07_P07,W095_V08_P07,deletion
W095,P08,W095_V07_P08,W095_V08_P08,addition
W095,P09,W095_V07_P09,W095_V08_P09,requirement
W095,P10,W095_V07_P10,W095_V08_P10,policy
W095,P01,W095_V08_P01,W095_V09_P01,addition
W095,P02,W095_V08_P02,W095_V09_P02,requirement
W095,P03,W095_V08_P03,W095_V09_P03,policy
W095,P04,W095_V08_P04,W095_V09_P04,semantic
W095,P05,W095_V08_P05,W095_V09_P05,numeric
W095,P06,W095_V08_P06,W095_V09_P06,major_semantic
W095,P07,W095_V08_P07,W095_V09_P07,reordering
W095,P08,W095_V08_P08,W095_V09_P08,date_time
W095,P09,W095_V08_P09,W095_V09_P09,deletion
W095,P10,W095_V08_P10,W095_V09_P10,addition
W095,P01,W095_V09_P01,W095_V10_P01,date_time
W095,P02,W095_V09_P02,W095_V10_P02,deletion
W095,P03,W095_V09_P03,W095_V10_P03,addition
W095,P04,W095_V09_P04,W095_V10_P04,requirement
W095,P05,W095_V09_P05,W095_V10_P05,policy
W095,P06,W095_V09_P06,W095_V10_P06,semantic
W095,P07,W095_V09_P07,W095_V10_P07,numeric
W095,P08,W095_V09_P08,W095_V10_P08,major_semantic
W095,P09,W095_V09_P09,W095_V10_P09,reordering
W095,P10,W095_V09_P10,W095_V10_P10,date_time
W096,P01,W096_V01_P01,W096_V02_P01,reordering
W096,P02,W096_V01_P02,W096_V02_P02,date_time
W096,P03,W096_V01_P03,W096_V02_P03,deletion
W096,P04,W096_V01_P04,W096_V02_P04,addition
W096,P05,W096_V01_P05,W096_V02_P05,requirement
W096,P06,W096_V01_P06,W096_V02_P06,policy
W096,P07,W096_V01_P07,W096_V02_P07,semantic
W096,P08,W096_V01_P08,W096_V02_P08,numeric
W096,P09,W096_V01_P09,W096_V02_P09,major_semantic
W096,P10,W096_V01_P10,W096_V02_P10,reordering
W096,P01,W096_V02_P01,W096_V03_P01,numeric
W096,P02,W096_V02_P02,W096_V03_P02,major_semantic
W096,P03,W096_V02_P03,W096_V03_P03,reordering
W096,P04,W096_V02_P04,W096_V03_P04,date_time
W096,P05,W096_V02_P05,W096_V03_P05,deletion
W096,P06,W096_V02_P06,W096_V03_P06,addition
W096,P07,W096_V02_P07,W096_V03_P07,requirement
W096,P08,W096_V02_P08,W096_V03_P08,policy
W096,P09,W096_V02_P09,W096_V03_P09,semantic
W096,P10,W096_V02_P10,W096_V03_P10,numeric
W096,P01,W096_V03_P01,W096_V04_P01,policy
W096,P02,W096_V03_P02,W096_V04_P02,semantic
W096,P03,W096_V03_P03,W096_V04_P03,numeric
W096,P04,W096_V03_P04,W096_V04_P04,major_semantic
W096,P05,W096_V03_P05,W096_V04_P05,reordering
W096,P06,W096_V03_P06,W096_V04_P06,date_time
W096,P07,W096_V03_P07,W096_V04_P07,deletion
W096,P08,W096_V03_P08,W096_V04_P08,addition
W096,P09,W096_V03_P09,W096_V04_P09,requirement
W096,P10,W096_V03_P10,W096_V04_P10,policy
W096,P01,W096_V04_P01,W096_V05_P01,addition
W096,P02,W096_V04_P02,W096_V05_P02,requirement
W096,P03,W096_V04_P03,W096_V05_P03,policy
W096,P04,W096_V04_P04,W096_V05_P04,semantic
W096,P05,W096_V04_P05,W096_V05_P05,numeric
W096,P06,W096_V04_P06,W096_V05_P06,major_semantic
W096,P07,W096_V04_P07,W096_V05_P07,reordering
W096,P08,W096_V04_P08,W096_V05_P08,date_time
W096,P09,W096_V04_P09,W096_V05_P09,deletion
W096,P10,W096_V04_P10,W096_V05_P10,addition
W096,P01,W096_V05_P01,W096_V06_P01,date_time
W096,P02,W096_V05_P02,W096_V06_P02,deletion
W096,P03,W096_V05_P03,W096_V06_P03,addition
W096,P04,W096_V05_P04,W096_V06_P04,requirement
W096,P05,W096_V05_P05,W096_V06_P05,policy
W096,P06,W096_V05_P06,W096_V06_P06,semantic
W096,P07,W096_V05_P07,W096_V06_P07,numeric
W096,P08,W096_V05_P08,W096_V06_P08,major_semantic
W096,P09,W096_V05_P09,W096_V06_P09,reordering
W096,P10,W096_V05_P10,W096_V06_P10,date_time
W096,P01,W096_V06_P01,W096_V07_P01,major_semantic
W096,P02,W096_V06_P02,W096_V07_P02,reordering
W096,P03,W096_V06_P03,W096_V07_P03,date_time
W096,P04,W096_V06_P04,W096_V07_P04,deletion
W096,P05,W096_V06_P05,W096_V07_P05,addition
W096,P06,W096_V06_P06,W096_V07_P06,requirement
W096,P07,W096_V06_P07,W096_V07_P07,policy
W096,P08,W096_V06_P08,W096_V07_P08,semantic
W096,P09,W096_V06_P09,W096_V07_P09,numeric
W096,P10,W096_V06_P10,W096_V07_P10,major_semantic
W096,P01,W096_V07_P01,W096_V08_P01,semantic
W096,P02,W096_V07_P02,W096_V08_P02,numeric
W096,P03,W096_V07_P03,W096_V08_P03,major_semantic
W096,P04,W096_V07_P04,W096_V08_P04,reordering
W096,P05,W096_V07_P05,W096_V08_P05,date_time
W096,P06,W096_V07_P06,W096_V08_P06,deletion
W096,P07,W096_V07_P07,W096_V08_P07,addition
W096,P08,W096_V07_P08,W096_V08_P08,requirement
W096,P09,W096_V07_P09,W096_V08_P09,policy
W096,P10,W096_V07_P10,W096_V08_P10,semantic
W096,P01,W096_V08_P01,W096_V09_P01,requirement
W096,P02,W096_V08_P02,W096_V09_P02,policy
W096,P03,W096_V08_P03,W096_V09_P03,semantic
W096,P04,W096_V08_P04,W096_V09_P04,numeric
W096,P05,W096_V08_P05,W096_V09_P05,major_semantic
W096,P06,W096_V08_P06,W096_V09_P06,reordering
W096,P07,W096_V08_P07,W096_V09_P07,date_time
W096,P08,W096_V08_P08,W096_V09_P08,deletion
W096,P09,W096_V08_P09,W096_V09_P09,addition
W096,P10,W096_V08_P10,W096_V09_P10,requirement
W096,P01,W096_V09_P01,W096_V10_P01,deletion
W096,P02,W096_V09_P02,W096_V10_P02,addition
W096,P03,W096_V09_P03,W096_V10_P03,requirement
W096,P04,W096_V09_P04,W096_V10_P04,policy
W096,P05,W096_V09_P05,W096_V10_P05,semantic
W096,P06,W096_V09_P06,W096_V10_P06,numeric
W096,P07,W096_V09_P07,W096_V10_P07,major_semantic
W096,P08,W096_V09_P08,W096_V10_P08,reordering
W096,P09,W096_V09_P09,W096_V10_P09,date_time
W096,P10,W096_V09_P10,W096_V10_P10,deletion
W097,P01,W097_V01_P01,W097_V02_P01,date_time
W097,P02,W097_V01_P02,W097_V02_P02,deletion
W097,P03,W097_V01_P03,W097_V02_P03,addition
W097,P04,W097_V01_P04,W097_V02_P04,requirement
W097,P05,W097_V01_P05,W097_V02_P05,policy
W097,P06,W097_V01_P06,W097_V02_P06,semantic
W097,P07,W097_V01_P07,W097_V02_P07,numeric
W097,P08,W097_V01_P08,W097_V02_P08,major_semantic
W097,P09,W097_V01_P09,W097_V02_P09,reordering
W097,P10,W097_V01_P10,W097_V02_P10,date_time
W097,P01,W097_V02_P01,W097_V03_P01,major_semantic
W097,P02,W097_V02_P02,W097_V03_P02,reordering
W097,P03,W097_V02_P03,W097_V03_P03,date_time
W097,P04,W097_V02_P04,W097_V03_P04,deletion
W097,P05,W097_V02_P05,W097_V03_P05,addition
W097,P06,W097_V02_P06,W097_V03_P06,requirement
W097,P07,W097_V02_P07,W097_V03_P07,policy
W097,P08,W097_V02_P08,W097_V03_P08,semantic
W097,P09,W097_V02_P09,W097_V03_P09,numeric
W097,P10,W097_V02_P10,W097_V03_P10,major_semantic
W097,P01,W097_V03_P01,W097_V04_P01,semantic
W097,P02,W097_V03_P02,W097_V04_P02,numeric
W097,P03,W097_V03_P03,W097_V04_P03,major_semantic
W097,P04,W097_V03_P04,W097_V04_P04,reordering
W097,P05,W097_V03_P05,W097_V04_P05,date_time
W097,P06,W097_V03_P06,W097_V04_P06,deletion
W097,P07,W097_V03_P07,W097_V04_P07,addition
W097,P08,W097_V03_P08,W097_V04_P08,requirement
W097,P09,W097_V03_P09,W097_V04_P09,policy
W097,P10,W097_V03_P10,W097_V04_P10,semantic
W097,P01,W097_V04_P01,W097_V05_P01,requirement
W097,P02,W097_V04_P02,W097_V05_P02,policy
W097,P03,W097_V04_P03,W097_V05_P03,semantic
W097,P04,W097_V04_P04,W097_V05_P04,numeric
W097,P05,W097_V04_P05,W097_V05_P05,major_semantic
W097,P06,W097_V04_P06,W097_V05_P06,reordering
W097,P07,W097_V04_P07,W097_V05_P07,date_time
W097,P08,W097_V04_P08,W097_V05_P08,deletion
W097,P09,W097_V04_P09,W097_V05_P09,addition
W097,P10,W097_V04_P10,W097_V05_P10,requirement
W097,P01,W097_V05_P01,W097_V06_P01,deletion
W097,P02,W097_V05_P02,W097_V06_P02,addition
W097,P03,W097_V05_P03,W097_V06_P03,requirement
W097,P04,W097_V05_P04,W097_V06_P04,policy
W097,P05,W097_V05_P05,W097_V06_P05,semantic
W097,P06,W097_V05_P06,W097_V06_P06,numeric
W097,P07,W097_V05_P07,W097_V06_P07,major_semantic
W097,P08,W097_V05_P08,W097_V06_P08,reordering
W097,P09,W097_V05_P09,W097_V06_P09,date_time
W097,P10,W097_V05_P10,W097_V06_P10,deletion
W097,P01,W097_V06_P01,W097_V07_P01,reordering
W097,P02,W097_V06_P02,W097_V07_P02,date_time
W097,P03,W097_V06_P03,W097_V07_P03,deletion
W097,P04,W097_V06_P04,W097_V07_P04,addition
W097,P05,W097_V06_P05,W097_V07_P05,requirement
W097,P06,W097_V06_P06,W097_V07_P06,policy
W097,P07,W097_V06_P07,W097_V07_P07,semantic
W097,P08,W097_V06_P08,W097_V07_P08,numeric
W097,P09,W097_V06_P09,W097_V07_P09,major_semantic
W097,P10,W097_V06_P10,W097_V07_P10,reordering
W097,P01,W097_V07_P01,W097_V08_P01,numeric
W097,P02,W097_V07_P02,W097_V08_P02,major_semantic
W097,P03,W097_V07_P03,W097_V08_P03,reordering
W097,P04,W097_V07_P04,W097_V08_P04,date_time
W097,P05,W097_V07_P05,W097_V08_P05,deletion
W097,P06,W097_V07_P06,W097_V08_P06,addition
W097,P07,W097_V07_P07,W097_V08_P07,requirement
W097,P08,W097_V07_P08,W097_V08_P08,policy
W097,P09,W097_V07_P09,W097_V08_P09,semantic
W097,P10,W097_V07_P10,W097_V08_P10,numeric
W097,P01,W097_V08_P01,W097_V09_P01,policy
W097,P02,W097_V08_P02,W097_V09_P02,semantic
W097,P03,W097_V08_P03,W097_V09_P03,numeric
W097,P04,W097_V08_P04,W097_V09_P04,major_semantic
W097,P05,W097_V08_P05,W097_V09_P05,reordering
W097,P06,W097_V08_P06,W097_V09_P06,date_time
W097,P07,W097_V08_P07,W097_V09_P07,deletion
W097,P08,W097_V08_P08,W097_V09_P08,addition
W097,P09,W097_V08_P09,W097_V09_P09,requirement
W097,P10,W097_V08_P10,W097_V09_P10,policy
W097,P01,W097_V09_P01,W097_V10_P01,addition
W097,P02,W097_V09_P02,W097_V10_P02,requirement
W097,P03,W097_V09_P03,W097_V10_P03,policy
W097,P04,W097_V09_P04,W097_V10_P04,semantic
W097,P05,W097_V09_P05,W097_V10_P05,numeric
W097,P06,W097_V09_P06,W097_V10_P06,major_semantic
W097,P07,W097_V09_P07,W097_V10_P07,reordering
W097,P08,W097_V09_P08,W097_V10_P08,date_time
W097,P09,W097_V09_P09,W097_V10_P09,deletion
W097,P10,W097_V09_P10,W097_V10_P10,addition
W098,P01,W098_V01_P01,W098_V02_P01,deletion
W098,P02,W098_V01_P02,W098_V02_P02,addition
W098,P03,W098_V01_P03,W098_V02_P03,requirement
W098,P04,W098_V01_P04,W098_V02_P04,policy
W098,P05,W098_V01_P05,W098_V02_P05,semantic
W098,P06,W098_V01_P06,W098_V02_P06,numeric
W098,P07,W098_V01_P07,W098_V02_P07,major_semantic
W098,P08,W098_V01_P08,W098_V02_P08,reordering
W098,P09,W098_V01_P09,W098_V02_P09,date_time
W098,P10,W098_V01_P10,W098_V02_P10,deletion
W098,P01,W098_V02_P01,W098_V03_P01,reordering
W098,P02,W098_V02_P02,W098_V03_P02,date_time
W098,P03,W098_V02_P03,W098_V03_P03,deletion
W098,P04,W098_V02_P04,W098_V03_P04,addition
W098,P05,W098_V02_P05,W098_V03_P05,requirement
W098,P06,W098_V02_P06,W098_V03_P06,policy
W098,P07,W098_V02_P07,W098_V03_P07,semantic
W098,P08,W098_V02_P08,W098_V03_P08,numeric
W098,P09,W098_V02_P09,W098_V03_P09,major_semantic
W098,P10,W098_V02_P10,W098_V03_P10,reordering
W098,P01,W098_V03_P01,W098_V04_P01,numeric
W098,P02,W098_V03_P02,W098_V04_P02,major_semantic
W098,P03,W098_V03_P03,W098_V04_P03,reordering
W098,P04,W098_V03_P04,W098_V04_P04,date_time
W098,P05,W098_V03_P05,W098_V04_P05,deletion
W098,P06,W098_V03_P06,W098_V04_P06,addition
W098,P07,W098_V03_P07,W098_V04_P07,requirement
W098,P08,W098_V03_P08,W098_V04_P08,policy
W098,P09,W098_V03_P09,W098_V04_P09,semantic
W098,P10,W098_V03_P10,W098_V04_P10,numeric
W098,P01,W098_V04_P01,W098_V05_P01,policy
W098,P02,W098_V04_P02,W098_V05_P02,semantic
W098,P03,W098_V04_P03,W098_V05_P03,numeric
W098,P04,W098_V04_P04,W098_V05_P04,major_semantic
W098,P05,W098_V04_P05,W098_V05_P05,reordering
W098,P06,W098_V04_P06,W098_V05_P06,date_time
W098,P07,W098_V04_P07,W098_V05_P07,deletion
W098,P08,W098_V04_P08,W098_V05_P08,addition
W098,P09,W098_V04_P09,W098_V05_P09,requirement
W098,P10,W098_V04_P10,W098_V05_P10,policy
W098,P01,W098_V05_P01,W098_V06_P01,addition
W098,P02,W098_V05_P02,W098_V06_P02,requirement
W098,P03,W098_V05_P03,W098_V06_P03,policy
W098,P04,W098_V05_P04,W098_V06_P04,semantic
W098,P05,W098_V05_P05,W098_V06_P05,numeric
W098,P06,W098_V05_P06,W098_V06_P06,major_semantic
W098,P07,W098_V05_P07,W098_V06_P07,reordering
W098,P08,W098_V05_P08,W098_V06_P08,date_time
W098,P09,W098_V05_P09,W098_V06_P09,deletion
W098,P10,W098_V05_P10,W098_V06_P10,addition
W098,P01,W098_V06_P01,W098_V07_P01,date_time
W098,P02,W098_V06_P02,W098_V07_P02,deletion
W098,P03,W098_V06_P03,W098_V07_P03,addition
W098,P04,W098_V06_P04,W098_V07_P04,requirement
W098,P05,W098_V06_P05,W098_V07_P05,policy
W098,P06,W098_V06_P06,W098_V07_P06,semantic
W098,P07,W098_V06_P07,W098_V07_P07,numeric
W098,P08,W098_V06_P08,W098_V07_P08,major_semantic
W098,P09,W098_V06_P09,W098_V07_P09,reordering
W098,P10,W098_V06_P10,W098_V07_P10,date_time
W098,P01,W098_V07_P01,W098_V08_P01,major_semantic
W098,P02,W098_V07_P02,W098_V08_P02,reordering
W098,P03,W098_V07_P03,W098_V08_P03,date_time
W098,P04,W098_V07_P04,W098_V08_P04,deletion
W098,P05,W098_V07_P05,W098_V08_P05,addition
W098,P06,W098_V07_P06,W098_V08_P06,requirement
W098,P07,W098_V07_P07,W098_V08_P07,policy
W098,P08,W098_V07_P08,W098_V08_P08,semantic
W098,P09,W098_V07_P09,W098_V08_P09,numeric
W098,P10,W098_V07_P10,W098_V08_P10,major_semantic
W098,P01,W098_V08_P01,W098_V09_P01,semantic
W098,P02,W098_V08_P02,W098_V09_P02,numeric
W098,P03,W098_V08_P03,W098_V09_P03,major_semantic
W098,P04,W098_V08_P04,W098_V09_P04,reordering
W098,P05,W098_V08_P05,W098_V09_P05,date_time
W098,P06,W098_V08_P06,W098_V09_P06,deletion
W098,P07,W098_V08_P07,W098_V09_P07,addition
W098,P08,W098_V08_P08,W098_V09_P08,requirement
W098,P09,W098_V08_P09,W098_V09_P09,policy
W098,P10,W098_V08_P10,W098_V09_P10,semantic
W098,P01,W098_V09_P01,W098_V10_P01,requirement
W098,P02,W098_V09_P02,W098_V10_P02,policy
W098,P03,W098_V09_P03,W098_V10_P03,semantic
W098,P04,W098_V09_P04,W098_V10_P04,numeric
W098,P05,W098_V09_P05,W098_V10_P05,major_semantic
W098,P06,W098_V09_P06,W098_V10_P06,reordering
W098,P07,W098_V09_P07,W098_V10_P07,date_time
W098,P08,W098_V09_P08,W098_V10_P08,deletion
W098,P09,W098_V09_P09,W098_V10_P09,addition
W098,P10,W098_V09_P10,W098_V10_P10,requirement
W099,P01,W099_V01_P01,W099_V02_P01,addition
W099,P02,W099_V01_P02,W099_V02_P02,requirement
W099,P03,W099_V01_P03,W099_V02_P03,policy
W099,P04,W099_V01_P04,W099_V02_P04,semantic
W099,P05,W099_V01_P05,W099_V02_P05,numeric
W099,P06,W099_V01_P06,W099_V02_P06,major_semantic
W099,P07,W099_V01_P07,W099_V02_P07,reordering
W099,P08,W099_V01_P08,W099_V02_P08,date_time
W099,P09,W099_V01_P09,W099_V02_P09,deletion
W099,P10,W099_V01_P10,W099_V02_P10,addition
W099,P01,W099_V02_P01,W099_V03_P01,date_time
W099,P02,W099_V02_P02,W099_V03_P02,deletion
W099,P03,W099_V02_P03,W099_V03_P03,addition
W099,P04,W099_V02_P04,W099_V03_P04,requirement
W099,P05,W099_V02_P05,W099_V03_P05,policy
W099,P06,W099_V02_P06,W099_V03_P06,semantic
W099,P07,W099_V02_P07,W099_V03_P07,numeric
W099,P08,W099_V02_P08,W099_V03_P08,major_semantic
W099,P09,W099_V02_P09,W099_V03_P09,reordering
W099,P10,W099_V02_P10,W099_V03_P10,date_time
W099,P01,W099_V03_P01,W099_V04_P01,major_semantic
W099,P02,W099_V03_P02,W099_V04_P02,reordering
W099,P03,W099_V03_P03,W099_V04_P03,date_time
W099,P04,W099_V03_P04,W099_V04_P04,deletion
W099,P05,W099_V03_P05,W099_V04_P05,addition
W099,P06,W099_V03_P06,W099_V04_P06,requirement
W099,P07,W099_V03_P07,W099_V04_P07,policy
W099,P08,W099_V03_P08,W099_V04_P08,semantic
W099,P09,W099_V03_P09,W099_V04_P09,numeric
W099,P10,W099_V03_P10,W099_V04_P10,major_semantic
W099,P01,W099_V04_P01,W099_V05_P01,semantic
W099,P02,W099_V04_P02,W099_V05_P02,numeric
W099,P03,W099_V04_P03,W099_V05_P03,major_semantic
W099,P04,W099_V04_P04,W099_V05_P04,reordering
W099,P05,W099_V04_P05,W099_V05_P05,date_time
W099,P06,W099_V04_P06,W099_V05_P06,deletion
W099,P07,W099_V04_P07,W099_V05_P07,addition
W099,P08,W099_V04_P08,W099_V05_P08,requirement
W099,P09,W099_V04_P09,W099_V05_P09,policy
W099,P10,W099_V04_P10,W099_V05_P10,semantic
W099,P01,W099_V05_P01,W099_V06_P01,requirement
W099,P02,W099_V05_P02,W099_V06_P02,policy
W099,P03,W099_V05_P03,W099_V06_P03,semantic
W099,P04,W099_V05_P04,W099_V06_P04,numeric
W099,P05,W099_V05_P05,W099_V06_P05,major_semantic
W099,P06,W099_V05_P06,W099_V06_P06,reordering
W099,P07,W099_V05_P07,W099_V06_P07,date_time
W099,P08,W099_V05_P08,W099_V06_P08,deletion
W099,P09,W099_V05_P09,W099_V06_P09,addition
W099,P10,W099_V05_P10,W099_V06_P10,requirement
W099,P01,W099_V06_P01,W099_V07_P01,deletion
W099,P02,W099_V06_P02,W099_V07_P02,addition
W099,P03,W099_V06_P03,W099_V07_P03,requirement
W099,P04,W099_V06_P04,W099_V07_P04,policy
W099,P05,W099_V06_P05,W099_V07_P05,semantic
W099,P06,W099_V06_P06,W099_V07_P06,numeric
W099,P07,W099_V06_P07,W099_V07_P07,major_semantic
W099,P08,W099_V06_P08,W099_V07_P08,reordering
W099,P09,W099_V06_P09,W099_V07_P09,date_time
W099,P10,W099_V06_P10,W099_V07_P10,deletion
W099,P01,W099_V07_P01,W099_V08_P01,reordering
W099,P02,W099_V07_P02,W099_V08_P02,date_time
W099,P03,W099_V07_P03,W099_V08_P03,deletion
W099,P04,W099_V07_P04,W099_V08_P04,addition
W099,P05,W099_V07_P05,W099_V08_P05,requirement
W099,P06,W099_V07_P06,W099_V08_P06,policy
W099,P07,W099_V07_P07,W099_V08_P07,semantic
W099,P08,W099_V07_P08,W099_V08_P08,numeric
W099,P09,W099_V07_P09,W099_V08_P09,major_semantic
W099,P10,W099_V07_P10,W099_V08_P10,reordering
W099,P01,W099_V08_P01,W099_V09_P01,numeric
W099,P02,W099_V08_P02,W099_V09_P02,major_semantic
W099,P03,W099_V08_P03,W099_V09_P03,reordering
W099,P04,W099_V08_P04,W099_V09_P04,date_time
W099,P05,W099_V08_P05,W099_V09_P05,deletion
W099,P06,W099_V08_P06,W099_V09_P06,addition
W099,P07,W099_V08_P07,W099_V09_P07,requirement
W099,P08,W099_V08_P08,W099_V09_P08,policy
W099,P09,W099_V08_P09,W099_V09_P09,semantic
W099,P10,W099_V08_P10,W099_V09_P10,numeric
W099,P01,W099_V09_P01,W099_V10_P01,policy
W099,P02,W099_V09_P02,W099_V10_P02,semantic
W099,P03,W099_V09_P03,W099_V10_P03,numeric
W099,P04,W099_V09_P04,W099_V10_P04,major_semantic
W099,P05,W099_V09_P05,W099_V10_P05,reordering
W099,P06,W099_V09_P06,W099_V10_P06,date_time
W099,P07,W099_V09_P07,W099_V10_P07,deletion
W099,P08,W099_V09_P08,W099_V10_P08,addition
W099,P09,W099_V09_P09,W099_V10_P09,requirement
W099,P10,W099_V09_P10,W099_V10_P10,policy
W100,P01,W100_V01_P01,W100_V02_P01,requirement
W100,P02,W100_V01_P02,W100_V02_P02,policy
W100,P03,W100_V01_P03,W100_V02_P03,semantic
W100,P04,W100_V01_P04,W100_V02_P04,numeric
W100,P05,W100_V01_P05,W100_V02_P05,major_semantic
W100,P06,W100_V01_P06,W100_V02_P06,reordering
W100,P07,W100_V01_P07,W100_V02_P07,date_time
W100,P08,W100_V01_P08,W100_V02_P08,deletion
W100,P09,W100_V01_P09,W100_V02_P09,addition
W100,P10,W100_V01_P10,W100_V02_P10,requirement
W100,P01,W100_V02_P01,W100_V03_P01,deletion
W100,P02,W100_V02_P02,W100_V03_P02,addition
W100,P03,W100_V02_P03,W100_V03_P03,requirement
W100,P04,W100_V02_P04,W100_V03_P04,policy
W100,P05,W100_V02_P05,W100_V03_P05,semantic
W100,P06,W100_V02_P06,W100_V03_P06,numeric
W100,P07,W100_V02_P07,W100_V03_P07,major_semantic
W100,P08,W100_V02_P08,W100_V03_P08,reordering
W100,P09,W100_V02_P09,W100_V03_P09,date_time
W100,P10,W100_V02_P10,W100_V03_P10,deletion
W100,P01,W100_V03_P01,W100_V04_P01,reordering
W100,P02,W100_V03_P02,W100_V04_P02,date_time
W100,P03,W100_V03_P03,W100_V04_P03,deletion
W100,P04,W100_V03_P04,W100_V04_P04,addition
W100,P05,W100_V03_P05,W100_V04_P05,requirement
W100,P06,W100_V03_P06,W100_V04_P06,policy
W100,P07,W100_V03_P07,W100_V04_P07,semantic
W100,P08,W100_V03_P08,W100_V04_P08,numeric
W100,P09,W100_V03_P09,W100_V04_P09,major_semantic
W100,P10,W100_V03_P10,W100_V04_P10,reordering
W100,P01,W100_V04_P01,W100_V05_P01,numeric
W100,P02,W100_V04_P02,W100_V05_P02,major_semantic
W100,P03,W100_V04_P03,W100_V05_P03,reordering
W100,P04,W100_V04_P04,W100_V05_P04,date_time
W100,P05,W100_V04_P05,W100_V05_P05,deletion
W100,P06,W100_V04_P06,W100_V05_P06,addition
W100,P07,W100_V04_P07,W100_V05_P07,requirement
W100,P08,W100_V04_P08,W100_V05_P08,policy
W100,P09,W100_V04_P09,W100_V05_P09,semantic
W100,P10,W100_V04_P10,W100_V05_P10,numeric
W100,P01,W100_V05_P01,W100_V06_P01,policy
W100,P02,W100_V05_P02,W100_V06_P02,semantic
W100,P03,W100_V05_P03,W100_V06_P03,numeric
W100,P04,W100_V05_P04,W100_V06_P04,major_semantic
W100,P05,W100_V05_P05,W100_V06_P05,reordering
W100,P06,W100_V05_P06,W100_V06_P06,date_time
W100,P07,W100_V05_P07,W100_V06_P07,deletion
W100,P08,W100_V05_P08,W100_V06_P08,addition
W100,P09,W100_V05_P09,W100_V06_P09,requirement
W100,P10,W100_V05_P10,W100_V06_P10,policy
W100,P01,W100_V06_P01,W100_V07_P01,addition
W100,P02,W100_V06_P02,W100_V07_P02,requirement
W100,P03,W100_V06_P03,W100_V07_P03,policy
W100,P04,W100_V06_P04,W100_V07_P04,semantic
W100,P05,W100_V06_P05,W100_V07_P05,numeric
W100,P06,W100_V06_P06,W100_V07_P06,major_semantic
W100,P07,W100_V06_P07,W100_V07_P07,reordering
W100,P08,W100_V06_P08,W100_V07_P08,date_time
W100,P09,W100_V06_P09,W100_V07_P09,deletion
W100,P10,W100_V06_P10,W100_V07_P10,addition
W100,P01,W100_V07_P01,W100_V08_P01,date_time
W100,P02,W100_V07_P02,W100_V08_P02,deletion
W100,P03,W100_V07_P03,W100_V08_P03,addition
W100,P04,W100_V07_P04,W100_V08_P04,requirement
W100,P05,W100_V07_P05,W100_V08_P05,policy
W100,P06,W100_V07_P06,W100_V08_P06,semantic
W100,P07,W100_V07_P07,W100_V08_P07,numeric
W100,P08,W100_V07_P08,W100_V08_P08,major_semantic
W100,P09,W100_V07_P09,W100_V08_P09,reordering
W100,P10,W100_V07_P10,W100_V08_P10,date_time
W100,P01,W100_V08_P01,W100_V09_P01,major_semantic
W100,P02,W100_V08_P02,W100_V09_P02,reordering
W100,P03,W100_V08_P03,W100_V09_P03,date_time
W100,P04,W100_V08_P04,W100_V09_P04,deletion
W100,P05,W100_V08_P05,W100_V09_P05,addition
W100,P06,W100_V08_P06,W100_V09_P06,requirement
W100,P07,W100_V08_P07,W100_V09_P07,policy
W100,P08,W100_V08_P08,W100_V09_P08,semantic
W100,P09,W100_V08_P09,W100_V09_P09,numeric
W100,P10,W100_V08_P10,W100_V09_P10,major_semantic
W100,P01,W100_V09_P01,W100_V10_P01,semantic
W100,P02,W100_V09_P02,W100_V10_P02,numeric
W100,P03,W100_V09_P03,W100_V10_P03,major_semantic
W100,P04,W100_V09_P04,W100_V10_P04,reordering
W100,P05,W100_V09_P05,W100_V10_P05,date_time
W100,P06,W100_V09_P06,W100_V10_P06,deletion
W100,P07,W100_V09_P07,W100_V10_P07,addition
W100,P08,W100_V09_P08,W100_V10_P08,requirement
W100,P09,W100_V09_P09,W100_V10_P09,policy
W100,P10,W100_V09_P10,W100_V10_P10,semantic
W101,P01,W101_V01_P01,W101_V02_P01,policy
W101,P02,W101_V01_P02,W101_V02_P02,semantic
W101,P03,W101_V01_P03,W101_V02_P03,numeric
W101,P04,W101_V01_P04,W101_V02_P04,major_semantic
W101,P05,W101_V01_P05,W101_V02_P05,reordering
W101,P06,W101_V01_P06,W101_V02_P06,date_time
W101,P07,W101_V01_P07,W101_V02_P07,deletion
W101,P08,W101_V01_P08,W101_V02_P08,addition
W101,P09,W101_V01_P09,W101_V02_P09,requirement
W101,P10,W101_V01_P10,W101_V02_P10,policy
W101,P01,W101_V02_P01,W101_V03_P01,addition
W101,P02,W101_V02_P02,W101_V03_P02,requirement
W101,P03,W101_V02_P03,W101_V03_P03,policy
W101,P04,W101_V02_P04,W101_V03_P04,semantic
W101,P05,W101_V02_P05,W101_V03_P05,numeric
W101,P06,W101_V02_P06,W101_V03_P06,major_semantic
W101,P07,W101_V02_P07,W101_V03_P07,reordering
W101,P08,W101_V02_P08,W101_V03_P08,date_time
W101,P09,W101_V02_P09,W101_V03_P09,deletion
W101,P10,W101_V02_P10,W101_V03_P10,addition
W101,P01,W101_V03_P01,W101_V04_P01,date_time
W101,P02,W101_V03_P02,W101_V04_P02,deletion
W101,P03,W101_V03_P03,W101_V04_P03,addition
W101,P04,W101_V03_P04,W101_V04_P04,requirement
W101,P05,W101_V03_P05,W101_V04_P05,policy
W101,P06,W101_V03_P06,W101_V04_P06,semantic
W101,P07,W101_V03_P07,W101_V04_P07,numeric
W101,P08,W101_V03_P08,W101_V04_P08,major_semantic
W101,P09,W101_V03_P09,W101_V04_P09,reordering
W101,P10,W101_V03_P10,W101_V04_P10,date_time
W101,P01,W101_V04_P01,W101_V05_P01,major_semantic
W101,P02,W101_V04_P02,W101_V05_P02,reordering
W101,P03,W101_V04_P03,W101_V05_P03,date_time
W101,P04,W101_V04_P04,W101_V05_P04,deletion
W101,P05,W101_V04_P05,W101_V05_P05,addition
W101,P06,W101_V04_P06,W101_V05_P06,requirement
W101,P07,W101_V04_P07,W101_V05_P07,policy
W101,P08,W101_V04_P08,W101_V05_P08,semantic
W101,P09,W101_V04_P09,W101_V05_P09,numeric
W101,P10,W101_V04_P10,W101_V05_P10,major_semantic
W101,P01,W101_V05_P01,W101_V06_P01,semantic
W101,P02,W101_V05_P02,W101_V06_P02,numeric
W101,P03,W101_V05_P03,W101_V06_P03,major_semantic
W101,P04,W101_V05_P04,W101_V06_P04,reordering
W101,P05,W101_V05_P05,W101_V06_P05,date_time
W101,P06,W101_V05_P06,W101_V06_P06,deletion
W101,P07,W101_V05_P07,W101_V06_P07,addition
W101,P08,W101_V05_P08,W101_V06_P08,requirement
W101,P09,W101_V05_P09,W101_V06_P09,policy
W101,P10,W101_V05_P10,W101_V06_P10,semantic
W101,P01,W101_V06_P01,W101_V07_P01,requirement
W101,P02,W101_V06_P02,W101_V07_P02,policy
W101,P03,W101_V06_P03,W101_V07_P03,semantic
W101,P04,W101_V06_P04,W101_V07_P04,numeric
W101,P05,W101_V06_P05,W101_V07_P05,major_semantic
W101,P06,W101_V06_P06,W101_V07_P06,reordering
W101,P07,W101_V06_P07,W101_V07_P07,date_time
W101,P08,W101_V06_P08,W101_V07_P08,deletion
W101,P09,W101_V06_P09,W101_V07_P09,addition
W101,P10,W101_V06_P10,W101_V07_P10,requirement
W101,P01,W101_V07_P01,W101_V08_P01,deletion
W101,P02,W101_V07_P02,W101_V08_P02,addition
W101,P03,W101_V07_P03,W101_V08_P03,requirement
W101,P04,W101_V07_P04,W101_V08_P04,policy
W101,P05,W101_V07_P05,W101_V08_P05,semantic
W101,P06,W101_V07_P06,W101_V08_P06,numeric
W101,P07,W101_V07_P07,W101_V08_P07,major_semantic
W101,P08,W101_V07_P08,W101_V08_P08,reordering
W101,P09,W101_V07_P09,W101_V08_P09,date_time
W101,P10,W101_V07_P10,W101_V08_P10,deletion
W101,P01,W101_V08_P01,W101_V09_P01,reordering
W101,P02,W101_V08_P02,W101_V09_P02,date_time
W101,P03,W101_V08_P03,W101_V09_P03,deletion
W101,P04,W101_V08_P04,W101_V09_P04,addition
W101,P05,W101_V08_P05,W101_V09_P05,requirement
W101,P06,W101_V08_P06,W101_V09_P06,policy
W101,P07,W101_V08_P07,W101_V09_P07,semantic
W101,P08,W101_V08_P08,W101_V09_P08,numeric
W101,P09,W101_V08_P09,W101_V09_P09,major_semantic
W101,P10,W101_V08_P10,W101_V09_P10,reordering
W101,P01,W101_V09_P01,W101_V10_P01,numeric
W101,P02,W101_V09_P02,W101_V10_P02,major_semantic
W101,P03,W101_V09_P03,W101_V10_P03,reordering
W101,P04,W101_V09_P04,W101_V10_P04,date_time
W101,P05,W101_V09_P05,W101_V10_P05,deletion
W101,P06,W101_V09_P06,W101_V10_P06,addition
W101,P07,W101_V09_P07,W101_V10_P07,requirement
W101,P08,W101_V09_P08,W101_V10_P08,policy
W101,P09,W101_V09_P09,W101_V10_P09,semantic
W101,P10,W101_V09_P10,W101_V10_P10,numeric
W102,P01,W102_V01_P01,W102_V02_P01,semantic
W102,P02,W102_V01_P02,W102_V02_P02,numeric
W102,P03,W102_V01_P03,W102_V02_P03,major_semantic
W102,P04,W102_V01_P04,W102_V02_P04,reordering
W102,P05,W102_V01_P05,W102_V02_P05,date_time
W102,P06,W102_V01_P06,W102_V02_P06,deletion
W102,P07,W102_V01_P07,W102_V02_P07,addition
W102,P08,W102_V01_P08,W102_V02_P08,requirement
W102,P09,W102_V01_P09,W102_V02_P09,policy
W102,P10,W102_V01_P10,W102_V02_P10,semantic
W102,P01,W102_V02_P01,W102_V03_P01,requirement
W102,P02,W102_V02_P02,W102_V03_P02,policy
W102,P03,W102_V02_P03,W102_V03_P03,semantic
W102,P04,W102_V02_P04,W102_V03_P04,numeric
W102,P05,W102_V02_P05,W102_V03_P05,major_semantic
W102,P06,W102_V02_P06,W102_V03_P06,reordering
W102,P07,W102_V02_P07,W102_V03_P07,date_time
W102,P08,W102_V02_P08,W102_V03_P08,deletion
W102,P09,W102_V02_P09,W102_V03_P09,addition
W102,P10,W102_V02_P10,W102_V03_P10,requirement
W102,P01,W102_V03_P01,W102_V04_P01,deletion
W102,P02,W102_V03_P02,W102_V04_P02,addition
W102,P03,W102_V03_P03,W102_V04_P03,requirement
W102,P04,W102_V03_P04,W102_V04_P04,policy
W102,P05,W102_V03_P05,W102_V04_P05,semantic
W102,P06,W102_V03_P06,W102_V04_P06,numeric
W102,P07,W102_V03_P07,W102_V04_P07,major_semantic
W102,P08,W102_V03_P08,W102_V04_P08,reordering
W102,P09,W102_V03_P09,W102_V04_P09,date_time
W102,P10,W102_V03_P10,W102_V04_P10,deletion
W102,P01,W102_V04_P01,W102_V05_P01,reordering
W102,P02,W102_V04_P02,W102_V05_P02,date_time
W102,P03,W102_V04_P03,W102_V05_P03,deletion
W102,P04,W102_V04_P04,W102_V05_P04,addition
W102,P05,W102_V04_P05,W102_V05_P05,requirement
W102,P06,W102_V04_P06,W102_V05_P06,policy
W102,P07,W102_V04_P07,W102_V05_P07,semantic
W102,P08,W102_V04_P08,W102_V05_P08,numeric
W102,P09,W102_V04_P09,W102_V05_P09,major_semantic
W102,P10,W102_V04_P10,W102_V05_P10,reordering
W102,P01,W102_V05_P01,W102_V06_P01,numeric
W102,P02,W102_V05_P02,W102_V06_P02,major_semantic
W102,P03,W102_V05_P03,W102_V06_P03,reordering
W102,P04,W102_V05_P04,W102_V06_P04,date_time
W102,P05,W102_V05_P05,W102_V06_P05,deletion
W102,P06,W102_V05_P06,W102_V06_P06,addition
W102,P07,W102_V05_P07,W102_V06_P07,requirement
W102,P08,W102_V05_P08,W102_V06_P08,policy
W102,P09,W102_V05_P09,W102_V06_P09,semantic
W102,P10,W102_V05_P10,W102_V06_P10,numeric
W102,P01,W102_V06_P01,W102_V07_P01,policy
W102,P02,W102_V06_P02,W102_V07_P02,semantic
W102,P03,W102_V06_P03,W102_V07_P03,numeric
W102,P04,W102_V06_P04,W102_V07_P04,major_semantic
W102,P05,W102_V06_P05,W102_V07_P05,reordering
W102,P06,W102_V06_P06,W102_V07_P06,date_time
W102,P07,W102_V06_P07,W102_V07_P07,deletion
W102,P08,W102_V06_P08,W102_V07_P08,addition
W102,P09,W102_V06_P09,W102_V07_P09,requirement
W102,P10,W102_V06_P10,W102_V07_P10,policy
W102,P01,W102_V07_P01,W102_V08_P01,addition
W102,P02,W102_V07_P02,W102_V08_P02,requirement
W102,P03,W102_V07_P03,W102_V08_P03,policy
W102,P04,W102_V07_P04,W102_V08_P04,semantic
W102,P05,W102_V07_P05,W102_V08_P05,numeric
W102,P06,W102_V07_P06,W102_V08_P06,major_semantic
W102,P07,W102_V07_P07,W102_V08_P07,reordering
W102,P08,W102_V07_P08,W102_V08_P08,date_time
W102,P09,W102_V07_P09,W102_V08_P09,deletion
W102,P10,W102_V07_P10,W102_V08_P10,addition
W102,P01,W102_V08_P01,W102_V09_P01,date_time
W102,P02,W102_V08_P02,W102_V09_P02,deletion
W102,P03,W102_V08_P03,W102_V09_P03,addition
W102,P04,W102_V08_P04,W102_V09_P04,requirement
W102,P05,W102_V08_P05,W102_V09_P05,policy
W102,P06,W102_V08_P06,W102_V09_P06,semantic
W102,P07,W102_V08_P07,W102_V09_P07,numeric
W102,P08,W102_V08_P08,W102_V09_P08,major_semantic
W102,P09,W102_V08_P09,W102_V09_P09,reordering
W102,P10,W102_V08_P10,W102_V09_P10,date_time
W102,P01,W102_V09_P01,W102_V10_P01,major_semantic
W102,P02,W102_V09_P02,W102_V10_P02,reordering
W102,P03,W102_V09_P03,W102_V10_P03,date_time
W102,P04,W102_V09_P04,W102_V10_P04,deletion
W102,P05,W102_V09_P05,W102_V10_P05,addition
W102,P06,W102_V09_P06,W102_V10_P06,requirement
W102,P07,W102_V09_P07,W102_V10_P07,policy
W102,P08,W102_V09_P08,W102_V10_P08,semantic
W102,P09,W102_V09_P09,W102_V10_P09,numeric
W102,P10,W102_V09_P10,W102_V10_P10,major_semantic
W103,P01,W103_V01_P01,W103_V02_P01,numeric
W103,P02,W103_V01_P02,W103_V02_P02,major_semantic
W103,P03,W103_V01_P03,W103_V02_P03,reordering
W103,P04,W103_V01_P04,W103_V02_P04,date_time
W103,P05,W103_V01_P05,W103_V02_P05,deletion
W103,P06,W103_V01_P06,W103_V02_P06,addition
W103,P07,W103_V01_P07,W103_V02_P07,requirement
W103,P08,W103_V01_P08,W103_V02_P08,policy
W103,P09,W103_V01_P09,W103_V02_P09,semantic
W103,P10,W103_V01_P10,W103_V02_P10,numeric
W103,P01,W103_V02_P01,W103_V03_P01,policy
W103,P02,W103_V02_P02,W103_V03_P02,semantic
W103,P03,W103_V02_P03,W103_V03_P03,numeric
W103,P04,W103_V02_P04,W103_V03_P04,major_semantic
W103,P05,W103_V02_P05,W103_V03_P05,reordering
W103,P06,W103_V02_P06,W103_V03_P06,date_time
W103,P07,W103_V02_P07,W103_V03_P07,deletion
W103,P08,W103_V02_P08,W103_V03_P08,addition
W103,P09,W103_V02_P09,W103_V03_P09,requirement
W103,P10,W103_V02_P10,W103_V03_P10,policy
W103,P01,W103_V03_P01,W103_V04_P01,addition
W103,P02,W103_V03_P02,W103_V04_P02,requirement
W103,P03,W103_V03_P03,W103_V04_P03,policy
W103,P04,W103_V03_P04,W103_V04_P04,semantic
W103,P05,W103_V03_P05,W103_V04_P05,numeric
W103,P06,W103_V03_P06,W103_V04_P06,major_semantic
W103,P07,W103_V03_P07,W103_V04_P07,reordering
W103,P08,W103_V03_P08,W103_V04_P08,date_time
W103,P09,W103_V03_P09,W103_V04_P09,deletion
W103,P10,W103_V03_P10,W103_V04_P10,addition
W103,P01,W103_V04_P01,W103_V05_P01,date_time
W103,P02,W103_V04_P02,W103_V05_P02,deletion
W103,P03,W103_V04_P03,W103_V05_P03,addition
W103,P04,W103_V04_P04,W103_V05_P04,requirement
W103,P05,W103_V04_P05,W103_V05_P05,policy
W103,P06,W103_V04_P06,W103_V05_P06,semantic
W103,P07,W103_V04_P07,W103_V05_P07,numeric
W103,P08,W103_V04_P08,W103_V05_P08,major_semantic
W103,P09,W103_V04_P09,W103_V05_P09,reordering
W103,P10,W103_V04_P10,W103_V05_P10,date_time
W103,P01,W103_V05_P01,W103_V06_P01,major_semantic
W103,P02,W103_V05_P02,W103_V06_P02,reordering
W103,P03,W103_V05_P03,W103_V06_P03,date_time
W103,P04,W103_V05_P04,W103_V06_P04,deletion
W103,P05,W103_V05_P05,W103_V06_P05,addition
W103,P06,W103_V05_P06,W103_V06_P06,requirement
W103,P07,W103_V05_P07,W103_V06_P07,policy
W103,P08,W103_V05_P08,W103_V06_P08,semantic
W103,P09,W103_V05_P09,W103_V06_P09,numeric
W103,P10,W103_V05_P10,W103_V06_P10,major_semantic
W103,P01,W103_V06_P01,W103_V07_P01,semantic
W103,P02,W103_V06_P02,W103_V07_P02,numeric
W103,P03,W103_V06_P03,W103_V07_P03,major_semantic
W103,P04,W103_V06_P04,W103_V07_P04,reordering
W103,P05,W103_V06_P05,W103_V07_P05,date_time
W103,P06,W103_V06_P06,W103_V07_P06,deletion
W103,P07,W103_V06_P07,W103_V07_P07,addition
W103,P08,W103_V06_P08,W103_V07_P08,requirement
W103,P09,W103_V06_P09,W103_V07_P09,policy
W103,P10,W103_V06_P10,W103_V07_P10,semantic
W103,P01,W103_V07_P01,W103_V08_P01,requirement
W103,P02,W103_V07_P02,W103_V08_P02,policy
W103,P03,W103_V07_P03,W103_V08_P03,semantic
W103,P04,W103_V07_P04,W103_V08_P04,numeric
W103,P05,W103_V07_P05,W103_V08_P05,major_semantic
W103,P06,W103_V07_P06,W103_V08_P06,reordering
W103,P07,W103_V07_P07,W103_V08_P07,date_time
W103,P08,W103_V07_P08,W103_V08_P08,deletion
W103,P09,W103_V07_P09,W103_V08_P09,addition
W103,P10,W103_V07_P10,W103_V08_P10,requirement
W103,P01,W103_V08_P01,W103_V09_P01,deletion
W103,P02,W103_V08_P02,W103_V09_P02,addition
W103,P03,W103_V08_P03,W103_V09_P03,requirement
W103,P04,W103_V08_P04,W103_V09_P04,policy
W103,P05,W103_V08_P05,W103_V09_P05,semantic
W103,P06,W103_V08_P06,W103_V09_P06,numeric
W103,P07,W103_V08_P07,W103_V09_P07,major_semantic
W103,P08,W103_V08_P08,W103_V09_P08,reordering
W103,P09,W103_V08_P09,W103_V09_P09,date_time
W103,P10,W103_V08_P10,W103_V09_P10,deletion
W103,P01,W103_V09_P01,W103_V10_P01,reordering
W103,P02,W103_V09_P02,W103_V10_P02,date_time
W103,P03,W103_V09_P03,W103_V10_P03,deletion
W103,P04,W103_V09_P04,W103_V10_P04,addition
W103,P05,W103_V09_P05,W103_V10_P05,requirement
W103,P06,W103_V09_P06,W103_V10_P06,policy
W103,P07,W103_V09_P07,W103_V10_P07,semantic
W103,P08,W103_V09_P08,W103_V10_P08,numeric
W103,P09,W103_V09_P09,W103_V10_P09,major_semantic
W103,P10,W103_V09_P10,W103_V10_P10,reordering
W104,P01,W104_V01_P01,W104_V02_P01,major_semantic
W104,P02,W104_V01_P02,W104_V02_P02,reordering
W104,P03,W104_V01_P03,W104_V02_P03,date_time
W104,P04,W104_V01_P04,W104_V02_P04,deletion
W104,P05,W104_V01_P05,W104_V02_P05,addition
W104,P06,W104_V01_P06,W104_V02_P06,requirement
W104,P07,W104_V01_P07,W104_V02_P07,policy
W104,P08,W104_V01_P08,W104_V02_P08,semantic
W104,P09,W104_V01_P09,W104_V02_P09,numeric
W104,P10,W104_V01_P10,W104_V02_P10,major_semantic
W104,P01,W104_V02_P01,W104_V03_P01,semantic
W104,P02,W104_V02_P02,W104_V03_P02,numeric
W104,P03,W104_V02_P03,W104_V03_P03,major_semantic
W104,P04,W104_V02_P04,W104_V03_P04,reordering
W104,P05,W104_V02_P05,W104_V03_P05,date_time
W104,P06,W104_V02_P06,W104_V03_P06,deletion
W104,P07,W104_V02_P07,W104_V03_P07,addition
W104,P08,W104_V02_P08,W104_V03_P08,requirement
W104,P09,W104_V02_P09,W104_V03_P09,policy
W104,P10,W104_V02_P10,W104_V03_P10,semantic
W104,P01,W104_V03_P01,W104_V04_P01,requirement
W104,P02,W104_V03_P02,W104_V04_P02,policy
W104,P03,W104_V03_P03,W104_V04_P03,semantic
W104,P04,W104_V03_P04,W104_V04_P04,numeric
W104,P05,W104_V03_P05,W104_V04_P05,major_semantic
W104,P06,W104_V03_P06,W104_V04_P06,reordering
W104,P07,W104_V03_P07,W104_V04_P07,date_time
W104,P08,W104_V03_P08,W104_V04_P08,deletion
W104,P09,W104_V03_P09,W104_V04_P09,addition
W104,P10,W104_V03_P10,W104_V04_P10,requirement
W104,P01,W104_V04_P01,W104_V05_P01,deletion
W104,P02,W104_V04_P02,W104_V05_P02,addition
W104,P03,W104_V04_P03,W104_V05_P03,requirement
W104,P04,W104_V04_P04,W104_V05_P04,policy
W104,P05,W104_V04_P05,W104_V05_P05,semantic
W104,P06,W104_V04_P06,W104_V05_P06,numeric
W104,P07,W104_V04_P07,W104_V05_P07,major_semantic
W104,P08,W104_V04_P08,W104_V05_P08,reordering
W104,P09,W104_V04_P09,W104_V05_P09,date_time
W104,P10,W104_V04_P10,W104_V05_P10,deletion
W104,P01,W104_V05_P01,W104_V06_P01,reordering
W104,P02,W104_V05_P02,W104_V06_P02,date_time
W104,P03,W104_V05_P03,W104_V06_P03,deletion
W104,P04,W104_V05_P04,W104_V06_P04,addition
W104,P05,W104_V05_P05,W104_V06_P05,requirement
W104,P06,W104_V05_P06,W104_V06_P06,policy
W104,P07,W104_V05_P07,W104_V06_P07,semantic
W104,P08,W104_V05_P08,W104_V06_P08,numeric
W104,P09,W104_V05_P09,W104_V06_P09,major_semantic
W104,P10,W104_V05_P10,W104_V06_P10,reordering
W104,P01,W104_V06_P01,W104_V07_P01,numeric
W104,P02,W104_V06_P02,W104_V07_P02,major_semantic
W104,P03,W104_V06_P03,W104_V07_P03,reordering
W104,P04,W104_V06_P04,W104_V07_P04,date_time
W104,P05,W104_V06_P05,W104_V07_P05,deletion
W104,P06,W104_V06_P06,W104_V07_P06,addition
W104,P07,W104_V06_P07,W104_V07_P07,requirement
W104,P08,W104_V06_P08,W104_V07_P08,policy
W104,P09,W104_V06_P09,W104_V07_P09,semantic
W104,P10,W104_V06_P10,W104_V07_P10,numeric
W104,P01,W104_V07_P01,W104_V08_P01,policy
W104,P02,W104_V07_P02,W104_V08_P02,semantic
W104,P03,W104_V07_P03,W104_V08_P03,numeric
W104,P04,W104_V07_P04,W104_V08_P04,major_semantic
W104,P05,W104_V07_P05,W104_V08_P05,reordering
W104,P06,W104_V07_P06,W104_V08_P06,date_time
W104,P07,W104_V07_P07,W104_V08_P07,deletion
W104,P08,W104_V07_P08,W104_V08_P08,addition
W104,P09,W104_V07_P09,W104_V08_P09,requirement
W104,P10,W104_V07_P10,W104_V08_P10,policy
W104,P01,W104_V08_P01,W104_V09_P01,addition
W104,P02,W104_V08_P02,W104_V09_P02,requirement
W104,P03,W104_V08_P03,W104_V09_P03,policy
W104,P04,W104_V08_P04,W104_V09_P04,semantic
W104,P05,W104_V08_P05,W104_V09_P05,numeric
W104,P06,W104_V08_P06,W104_V09_P06,major_semantic
W104,P07,W104_V08_P07,W104_V09_P07,reordering
W104,P08,W104_V08_P08,W104_V09_P08,date_time
W104,P09,W104_V08_P09,W104_V09_P09,deletion
W104,P10,W104_V08_P10,W104_V09_P10,addition
W104,P01,W104_V09_P01,W104_V10_P01,date_time
W104,P02,W104_V09_P02,W104_V10_P02,deletion
W104,P03,W104_V09_P03,W104_V10_P03,addition
W104,P04,W104_V09_P04,W104_V10_P04,requirement
W104,P05,W104_V09_P05,W104_V10_P05,policy
W104,P06,W104_V09_P06,W104_V10_P06,semantic
W104,P07,W104_V09_P07,W104_V10_P07,numeric
W104,P08,W104_V09_P08,W104_V10_P08,major_semantic
W104,P09,W104_V09_P09,W104_V10_P09,reordering
W104,P10,W104_V09_P10,W104_V10_P10,date_time
W105,P01,W105_V01_P01,W105_V02_P01,reordering
W105,P02,W105_V01_P02,W105_V02_P02,date_time
W105,P03,W105_V01_P03,W105_V02_P03,deletion
W105,P04,W105_V01_P04,W105_V02_P04,addition
W105,P05,W105_V01_P05,W105_V02_P05,requirement
W105,P06,W105_V01_P06,W105_V02_P06,policy
W105,P07,W105_V01_P07,W105_V02_P07,semantic
W105,P08,W105_V01_P08,W105_V02_P08,numeric
W105,P09,W105_V01_P09,W105_V02_P09,major_semantic
W105,P10,W105_V01_P10,W105_V02_P10,reordering
W105,P01,W105_V02_P01,W105_V03_P01,numeric
W105,P02,W105_V02_P02,W105_V03_P02,major_semantic
W105,P03,W105_V02_P03,W105_V03_P03,reordering
W105,P04,W105_V02_P04,W105_V03_P04,date_time
W105,P05,W105_V02_P05,W105_V03_P05,deletion
W105,P06,W105_V02_P06,W105_V03_P06,addition
W105,P07,W105_V02_P07,W105_V03_P07,requirement
W105,P08,W105_V02_P08,W105_V03_P08,policy
W105,P09,W105_V02_P09,W105_V03_P09,semantic
W105,P10,W105_V02_P10,W105_V03_P10,numeric
W105,P01,W105_V03_P01,W105_V04_P01,policy
W105,P02,W105_V03_P02,W105_V04_P02,semantic
W105,P03,W105_V03_P03,W105_V04_P03,numeric
W105,P04,W105_V03_P04,W105_V04_P04,major_semantic
W105,P05,W105_V03_P05,W105_V04_P05,reordering
W105,P06,W105_V03_P06,W105_V04_P06,date_time
W105,P07,W105_V03_P07,W105_V04_P07,deletion
W105,P08,W105_V03_P08,W105_V04_P08,addition
W105,P09,W105_V03_P09,W105_V04_P09,requirement
W105,P10,W105_V03_P10,W105_V04_P10,policy
W105,P01,W105_V04_P01,W105_V05_P01,addition
W105,P02,W105_V04_P02,W105_V05_P02,requirement
W105,P03,W105_V04_P03,W105_V05_P03,policy
W105,P04,W105_V04_P04,W105_V05_P04,semantic
W105,P05,W105_V04_P05,W105_V05_P05,numeric
W105,P06,W105_V04_P06,W105_V05_P06,major_semantic
W105,P07,W105_V04_P07,W105_V05_P07,reordering
W105,P08,W105_V04_P08,W105_V05_P08,date_time
W105,P09,W105_V04_P09,W105_V05_P09,deletion
W105,P10,W105_V04_P10,W105_V05_P10,addition
W105,P01,W105_V05_P01,W105_V06_P01,date_time
W105,P02,W105_V05_P02,W105_V06_P02,deletion
W105,P03,W105_V05_P03,W105_V06_P03,addition
W105,P04,W105_V05_P04,W105_V06_P04,requirement
W105,P05,W105_V05_P05,W105_V06_P05,policy
W105,P06,W105_V05_P06,W105_V06_P06,semantic
W105,P07,W105_V05_P07,W105_V06_P07,numeric
W105,P08,W105_V05_P08,W105_V06_P08,major_semantic
W105,P09,W105_V05_P09,W105_V06_P09,reordering
W105,P10,W105_V05_P10,W105_V06_P10,date_time
W105,P01,W105_V06_P01,W105_V07_P01,major_semantic
W105,P02,W105_V06_P02,W105_V07_P02,reordering
W105,P03,W105_V06_P03,W105_V07_P03,date_time
W105,P04,W105_V06_P04,W105_V07_P04,deletion
W105,P05,W105_V06_P05,W105_V07_P05,addition
W105,P06,W105_V06_P06,W105_V07_P06,requirement
W105,P07,W105_V06_P07,W105_V07_P07,policy
W105,P08,W105_V06_P08,W105_V07_P08,semantic
W105,P09,W105_V06_P09,W105_V07_P09,numeric
W105,P10,W105_V06_P10,W105_V07_P10,major_semantic
W105,P01,W105_V07_P01,W105_V08_P01,semantic
W105,P02,W105_V07_P02,W105_V08_P02,numeric
W105,P03,W105_V07_P03,W105_V08_P03,major_semantic
W105,P04,W105_V07_P04,W105_V08_P04,reordering
W105,P05,W105_V07_P05,W105_V08_P05,date_time
W105,P06,W105_V07_P06,W105_V08_P06,deletion
W105,P07,W105_V07_P07,W105_V08_P07,addition
W105,P08,W105_V07_P08,W105_V08_P08,requirement
W105,P09,W105_V07_P09,W105_V08_P09,policy
W105,P10,W105_V07_P10,W105_V08_P10,semantic
W105,P01,W105_V08_P01,W105_V09_P01,requirement
W105,P02,W105_V08_P02,W105_V09_P02,policy
W105,P03,W105_V08_P03,W105_V09_P03,semantic
W105,P04,W105_V08_P04,W105_V09_P04,numeric
W105,P05,W105_V08_P05,W105_V09_P05,major_semantic
W105,P06,W105_V08_P06,W105_V09_P06,reordering
W105,P07,W105_V08_P07,W105_V09_P07,date_time
W105,P08,W105_V08_P08,W105_V09_P08,deletion
W105,P09,W105_V08_P09,W105_V09_P09,addition
W105,P10,W105_V08_P10,W105_V09_P10,requirement
W105,P01,W105_V09_P01,W105_V10_P01,deletion
W105,P02,W105_V09_P02,W105_V10_P02,addition
W105,P03,W105_V09_P03,W105_V10_P03,requirement
W105,P04,W105_V09_P04,W105_V10_P04,policy
W105,P05,W105_V09_P05,W105_V10_P05,semantic
W105,P06,W105_V09_P06,W105_V10_P06,numeric
W105,P07,W105_V09_P07,W105_V10_P07,major_semantic
W105,P08,W105_V09_P08,W105_V10_P08,reordering
W105,P09,W105_V09_P09,W105_V10_P09,date_time
W105,P10,W105_V09_P10,W105_V10_P10,deletion
W106,P01,W106_V01_P01,W106_V02_P01,date_time
W106,P02,W106_V01_P02,W106_V02_P02,deletion
W106,P03,W106_V01_P03,W106_V02_P03,addition
W106,P04,W106_V01_P04,W106_V02_P04,requirement
W106,P05,W106_V01_P05,W106_V02_P05,policy
W106,P06,W106_V01_P06,W106_V02_P06,semantic
W106,P07,W106_V01_P07,W106_V02_P07,numeric
W106,P08,W106_V01_P08,W106_V02_P08,major_semantic
W106,P09,W106_V01_P09,W106_V02_P09,reordering
W106,P10,W106_V01_P10,W106_V02_P10,date_time
W106,P01,W106_V02_P01,W106_V03_P01,major_semantic
W106,P02,W106_V02_P02,W106_V03_P02,reordering
W106,P03,W106_V02_P03,W106_V03_P03,date_time
W106,P04,W106_V02_P04,W106_V03_P04,deletion
W106,P05,W106_V02_P05,W106_V03_P05,addition
W106,P06,W106_V02_P06,W106_V03_P06,requirement
W106,P07,W106_V02_P07,W106_V03_P07,policy
W106,P08,W106_V02_P08,W106_V03_P08,semantic
W106,P09,W106_V02_P09,W106_V03_P09,numeric
W106,P10,W106_V02_P10,W106_V03_P10,major_semantic
W106,P01,W106_V03_P01,W106_V04_P01,semantic
W106,P02,W106_V03_P02,W106_V04_P02,numeric
W106,P03,W106_V03_P03,W106_V04_P03,major_semantic
W106,P04,W106_V03_P04,W106_V04_P04,reordering
W106,P05,W106_V03_P05,W106_V04_P05,date_time
W106,P06,W106_V03_P06,W106_V04_P06,deletion
W106,P07,W106_V03_P07,W106_V04_P07,addition
W106,P08,W106_V03_P08,W106_V04_P08,requirement
W106,P09,W106_V03_P09,W106_V04_P09,policy
W106,P10,W106_V03_P10,W106_V04_P10,semantic
W106,P01,W106_V04_P01,W106_V05_P01,requirement
W106,P02,W106_V04_P02,W106_V05_P02,policy
W106,P03,W106_V04_P03,W106_V05_P03,semantic
W106,P04,W106_V04_P04,W106_V05_P04,numeric
W106,P05,W106_V04_P05,W106_V05_P05,major_semantic
W106,P06,W106_V04_P06,W106_V05_P06,reordering
W106,P07,W106_V04_P07,W106_V05_P07,date_time
W106,P08,W106_V04_P08,W106_V05_P08,deletion
W106,P09,W106_V04_P09,W106_V05_P09,addition
W106,P10,W106_V04_P10,W106_V05_P10,requirement
W106,P01,W106_V05_P01,W106_V06_P01,deletion
W106,P02,W106_V05_P02,W106_V06_P02,addition
W106,P03,W106_V05_P03,W106_V06_P03,requirement
W106,P04,W106_V05_P04,W106_V06_P04,policy
W106,P05,W106_V05_P05,W106_V06_P05,semantic
W106,P06,W106_V05_P06,W106_V06_P06,numeric
W106,P07,W106_V05_P07,W106_V06_P07,major_semantic
W106,P08,W106_V05_P08,W106_V06_P08,reordering
W106,P09,W106_V05_P09,W106_V06_P09,date_time
W106,P10,W106_V05_P10,W106_V06_P10,deletion
W106,P01,W106_V06_P01,W106_V07_P01,reordering
W106,P02,W106_V06_P02,W106_V07_P02,date_time
W106,P03,W106_V06_P03,W106_V07_P03,deletion
W106,P04,W106_V06_P04,W106_V07_P04,addition
W106,P05,W106_V06_P05,W106_V07_P05,requirement
W106,P06,W106_V06_P06,W106_V07_P06,policy
W106,P07,W106_V06_P07,W106_V07_P07,semantic
W106,P08,W106_V06_P08,W106_V07_P08,numeric
W106,P09,W106_V06_P09,W106_V07_P09,major_semantic
W106,P10,W106_V06_P10,W106_V07_P10,reordering
W106,P01,W106_V07_P01,W106_V08_P01,numeric
W106,P02,W106_V07_P02,W106_V08_P02,major_semantic
W106,P03,W106_V07_P03,W106_V08_P03,reordering
W106,P04,W106_V07_P04,W106_V08_P04,date_time
W106,P05,W106_V07_P05,W106_V08_P05,deletion
W106,P06,W106_V07_P06,W106_V08_P06,addition
W106,P07,W106_V07_P07,W106_V08_P07,requirement
W106,P08,W106_V07_P08,W106_V08_P08,policy
W106,P09,W106_V07_P09,W106_V08_P09,semantic
W106,P10,W106_V07_P10,W106_V08_P10,numeric
W106,P01,W106_V08_P01,W106_V09_P01,policy
W106,P02,W106_V08_P02,W106_V09_P02,semantic
W106,P03,W106_V08_P03,W106_V09_P03,numeric
W106,P04,W106_V08_P04,W106_V09_P04,major_semantic
W106,P05,W106_V08_P05,W106_V09_P05,reordering
W106,P06,W106_V08_P06,W106_V09_P06,date_time
W106,P07,W106_V08_P07,W106_V09_P07,deletion
W106,P08,W106_V08_P08,W106_V09_P08,addition
W106,P09,W106_V08_P09,W106_V09_P09,requirement
W106,P10,W106_V08_P10,W106_V09_P10,policy
W106,P01,W106_V09_P01,W106_V10_P01,addition
W106,P02,W106_V09_P02,W106_V10_P02,requirement
W106,P03,W106_V09_P03,W106_V10_P03,policy
W106,P04,W106_V09_P04,W106_V10_P04,semantic
W106,P05,W106_V09_P05,W106_V10_P05,numeric
W106,P06,W106_V09_P06,W106_V10_P06,major_semantic
W106,P07,W106_V09_P07,W106_V10_P07,reordering
W106,P08,W106_V09_P08,W106_V10_P08,date_time
W106,P09,W106_V09_P09,W106_V10_P09,deletion
W106,P10,W106_V09_P10,W106_V10_P10,addition
W107,P01,W107_V01_P01,W107_V02_P01,deletion
W107,P02,W107_V01_P02,W107_V02_P02,addition
W107,P03,W107_V01_P03,W107_V02_P03,requirement
W107,P04,W107_V01_P04,W107_V02_P04,policy
W107,P05,W107_V01_P05,W107_V02_P05,semantic
W107,P06,W107_V01_P06,W107_V02_P06,numeric
W107,P07,W107_V01_P07,W107_V02_P07,major_semantic
W107,P08,W107_V01_P08,W107_V02_P08,reordering
W107,P09,W107_V01_P09,W107_V02_P09,date_time
W107,P10,W107_V01_P10,W107_V02_P10,deletion
W107,P01,W107_V02_P01,W107_V03_P01,reordering
W107,P02,W107_V02_P02,W107_V03_P02,date_time
W107,P03,W107_V02_P03,W107_V03_P03,deletion
W107,P04,W107_V02_P04,W107_V03_P04,addition
W107,P05,W107_V02_P05,W107_V03_P05,requirement
W107,P06,W107_V02_P06,W107_V03_P06,policy
W107,P07,W107_V02_P07,W107_V03_P07,semantic
W107,P08,W107_V02_P08,W107_V03_P08,numeric
W107,P09,W107_V02_P09,W107_V03_P09,major_semantic
W107,P10,W107_V02_P10,W107_V03_P10,reordering
W107,P01,W107_V03_P01,W107_V04_P01,numeric
W107,P02,W107_V03_P02,W107_V04_P02,major_semantic
W107,P03,W107_V03_P03,W107_V04_P03,reordering
W107,P04,W107_V03_P04,W107_V04_P04,date_time
W107,P05,W107_V03_P05,W107_V04_P05,deletion
W107,P06,W107_V03_P06,W107_V04_P06,addition
W107,P07,W107_V03_P07,W107_V04_P07,requirement
W107,P08,W107_V03_P08,W107_V04_P08,policy
W107,P09,W107_V03_P09,W107_V04_P09,semantic
W107,P10,W107_V03_P10,W107_V04_P10,numeric
W107,P01,W107_V04_P01,W107_V05_P01,policy
W107,P02,W107_V04_P02,W107_V05_P02,semantic
W107,P03,W107_V04_P03,W107_V05_P03,numeric
W107,P04,W107_V04_P04,W107_V05_P04,major_semantic
W107,P05,W107_V04_P05,W107_V05_P05,reordering
W107,P06,W107_V04_P06,W107_V05_P06,date_time
W107,P07,W107_V04_P07,W107_V05_P07,deletion
W107,P08,W107_V04_P08,W107_V05_P08,addition
W107,P09,W107_V04_P09,W107_V05_P09,requirement
W107,P10,W107_V04_P10,W107_V05_P10,policy
W107,P01,W107_V05_P01,W107_V06_P01,addition
W107,P02,W107_V05_P02,W107_V06_P02,requirement
W107,P03,W107_V05_P03,W107_V06_P03,policy
W107,P04,W107_V05_P04,W107_V06_P04,semantic
W107,P05,W107_V05_P05,W107_V06_P05,numeric
W107,P06,W107_V05_P06,W107_V06_P06,major_semantic
W107,P07,W107_V05_P07,W107_V06_P07,reordering
W107,P08,W107_V05_P08,W107_V06_P08,date_time
W107,P09,W107_V05_P09,W107_V06_P09,deletion
W107,P10,W107_V05_P10,W107_V06_P10,addition
W107,P01,W107_V06_P01,W107_V07_P01,date_time
W107,P02,W107_V06_P02,W107_V07_P02,deletion
W107,P03,W107_V06_P03,W107_V07_P03,addition
W107,P04,W107_V06_P04,W107_V07_P04,requirement
W107,P05,W107_V06_P05,W107_V07_P05,policy
W107,P06,W107_V06_P06,W107_V07_P06,semantic
W107,P07,W107_V06_P07,W107_V07_P07,numeric
W107,P08,W107_V06_P08,W107_V07_P08,major_semantic
W107,P09,W107_V06_P09,W107_V07_P09,reordering
W107,P10,W107_V06_P10,W107_V07_P10,date_time
W107,P01,W107_V07_P01,W107_V08_P01,major_semantic
W107,P02,W107_V07_P02,W107_V08_P02,reordering
W107,P03,W107_V07_P03,W107_V08_P03,date_time
W107,P04,W107_V07_P04,W107_V08_P04,deletion
W107,P05,W107_V07_P05,W107_V08_P05,addition
W107,P06,W107_V07_P06,W107_V08_P06,requirement
W107,P07,W107_V07_P07,W107_V08_P07,policy
W107,P08,W107_V07_P08,W107_V08_P08,semantic
W107,P09,W107_V07_P09,W107_V08_P09,numeric
W107,P10,W107_V07_P10,W107_V08_P10,major_semantic
W107,P01,W107_V08_P01,W107_V09_P01,semantic
W107,P02,W107_V08_P02,W107_V09_P02,numeric
W107,P03,W107_V08_P03,W107_V09_P03,major_semantic
W107,P04,W107_V08_P04,W107_V09_P04,reordering
W107,P05,W107_V08_P05,W107_V09_P05,date_time
W107,P06,W107_V08_P06,W107_V09_P06,deletion
W107,P07,W107_V08_P07,W107_V09_P07,addition
W107,P08,W107_V08_P08,W107_V09_P08,requirement
W107,P09,W107_V08_P09,W107_V09_P09,policy
W107,P10,W107_V08_P10,W107_V09_P10,semantic
W107,P01,W107_V09_P01,W107_V10_P01,requirement
W107,P02,W107_V09_P02,W107_V10_P02,policy
W107,P03,W107_V09_P03,W107_V10_P03,semantic
W107,P04,W107_V09_P04,W107_V10_P04,numeric
W107,P05,W107_V09_P05,W107_V10_P05,major_semantic
W107,P06,W107_V09_P06,W107_V10_P06,reordering
W107,P07,W107_V09_P07,W107_V10_P07,date_time
W107,P08,W107_V09_P08,W107_V10_P08,deletion
W107,P09,W107_V09_P09,W107_V10_P09,addition
W107,P10,W107_V09_P10,W107_V10_P10,requirement
W108,P01,W108_V01_P01,W108_V02_P01,addition
W108,P02,W108_V01_P02,W108_V02_P02,requirement
W108,P03,W108_V01_P03,W108_V02_P03,policy
W108,P04,W108_V01_P04,W108_V02_P04,semantic
W108,P05,W108_V01_P05,W108_V02_P05,numeric
W108,P06,W108_V01_P06,W108_V02_P06,major_semantic
W108,P07,W108_V01_P07,W108_V02_P07,reordering
W108,P08,W108_V01_P08,W108_V02_P08,date_time
W108,P09,W108_V01_P09,W108_V02_P09,deletion
W108,P10,W108_V01_P10,W108_V02_P10,addition
W108,P01,W108_V02_P01,W108_V03_P01,date_time
W108,P02,W108_V02_P02,W108_V03_P02,deletion
W108,P03,W108_V02_P03,W108_V03_P03,addition
W108,P04,W108_V02_P04,W108_V03_P04,requirement
W108,P05,W108_V02_P05,W108_V03_P05,policy
W108,P06,W108_V02_P06,W108_V03_P06,semantic
W108,P07,W108_V02_P07,W108_V03_P07,numeric
W108,P08,W108_V02_P08,W108_V03_P08,major_semantic
W108,P09,W108_V02_P09,W108_V03_P09,reordering
W108,P10,W108_V02_P10,W108_V03_P10,date_time
W108,P01,W108_V03_P01,W108_V04_P01,major_semantic
W108,P02,W108_V03_P02,W108_V04_P02,reordering
W108,P03,W108_V03_P03,W108_V04_P03,date_time
W108,P04,W108_V03_P04,W108_V04_P04,deletion
W108,P05,W108_V03_P05,W108_V04_P05,addition
W108,P06,W108_V03_P06,W108_V04_P06,requirement
W108,P07,W108_V03_P07,W108_V04_P07,policy
W108,P08,W108_V03_P08,W108_V04_P08,semantic
W108,P09,W108_V03_P09,W108_V04_P09,numeric
W108,P10,W108_V03_P10,W108_V04_P10,major_semantic
W108,P01,W108_V04_P01,W108_V05_P01,semantic
W108,P02,W108_V04_P02,W108_V05_P02,numeric
W108,P03,W108_V04_P03,W108_V05_P03,major_semantic
W108,P04,W108_V04_P04,W108_V05_P04,reordering
W108,P05,W108_V04_P05,W108_V05_P05,date_time
W108,P06,W108_V04_P06,W108_V05_P06,deletion
W108,P07,W108_V04_P07,W108_V05_P07,addition
W108,P08,W108_V04_P08,W108_V05_P08,requirement
W108,P09,W108_V04_P09,W108_V05_P09,policy
W108,P10,W108_V04_P10,W108_V05_P10,semantic
W108,P01,W108_V05_P01,W108_V06_P01,requirement
W108,P02,W108_V05_P02,W108_V06_P02,policy
W108,P03,W108_V05_P03,W108_V06_P03,semantic
W108,P04,W108_V05_P04,W108_V06_P04,numeric
W108,P05,W108_V05_P05,W108_V06_P05,major_semantic
W108,P06,W108_V05_P06,W108_V06_P06,reordering
W108,P07,W108_V05_P07,W108_V06_P07,date_time
W108,P08,W108_V05_P08,W108_V06_P08,deletion
W108,P09,W108_V05_P09,W108_V06_P09,addition
W108,P10,W108_V05_P10,W108_V06_P10,requirement
W108,P01,W108_V06_P01,W108_V07_P01,deletion
W108,P02,W108_V06_P02,W108_V07_P02,addition
W108,P03,W108_V06_P03,W108_V07_P03,requirement
W108,P04,W108_V06_P04,W108_V07_P04,policy
W108,P05,W108_V06_P05,W108_V07_P05,semantic
W108,P06,W108_V06_P06,W108_V07_P06,numeric
W108,P07,W108_V06_P07,W108_V07_P07,major_semantic
W108,P08,W108_V06_P08,W108_V07_P08,reordering
W108,P09,W108_V06_P09,W108_V07_P09,date_time
W108,P10,W108_V06_P10,W108_V07_P10,deletion
W108,P01,W108_V07_P01,W108_V08_P01,reordering
W108,P02,W108_V07_P02,W108_V08_P02,date_time
W108,P03,W108_V07_P03,W108_V08_P03,deletion
W108,P04,W108_V07_P04,W108_V08_P04,addition
W108,P05,W108_V07_P05,W108_V08_P05,requirement
W108,P06,W108_V07_P06,W108_V08_P06,policy
W108,P07,W108_V07_P07,W108_V08_P07,semantic
W108,P08,W108_V07_P08,W108_V08_P08,numeric
W108,P09,W108_V07_P09,W108_V08_P09,major_semantic
W108,P10,W108_V07_P10,W108_V08_P10,reordering
W108,P01,W108_V08_P01,W108_V09_P01,numeric
W108,P02,W108_V08_P02,W108_V09_P02,major_semantic
W108,P03,W108_V08_P03,W108_V09_P03,reordering
W108,P04,W108_V08_P04,W108_V09_P04,date_time
W108,P05,W108_V08_P05,W108_V09_P05,deletion
W108,P06,W108_V08_P06,W108_V09_P06,addition
W108,P07,W108_V08_P07,W108_V09_P07,requirement
W108,P08,W108_V08_P08,W108_V09_P08,policy
W108,P09,W108_V08_P09,W108_V09_P09,semantic
W108,P10,W108_V08_P10,W108_V09_P10,numeric
W108,P01,W108_V09_P01,W108_V10_P01,policy
W108,P02,W108_V09_P02,W108_V10_P02,semantic
W108,P03,W108_V09_P03,W108_V10_P03,numeric
W108,P04,W108_V09_P04,W108_V10_P04,major_semantic
W108,P05,W108_V09_P05,W108_V10_P05,reordering
W108,P06,W108_V09_P06,W108_V10_P06,date_time
W108,P07,W108_V09_P07,W108_V10_P07,deletion
W108,P08,W108_V09_P08,W108_V10_P08,addition
W108,P09,W108_V09_P09,W108_V10_P09,requirement
W108,P10,W108_V09_P10,W108_V10_P10,policy
W109,P01,W109_V01_P01,W109_V02_P01,requirement
W109,P02,W109_V01_P02,W109_V02_P02,policy
W109,P03,W109_V01_P03,W109_V02_P03,semantic
W109,P04,W109_V01_P04,W109_V02_P04,numeric
W109,P05,W109_V01_P05,W109_V02_P05,major_semantic
W109,P06,W109_V01_P06,W109_V02_P06,reordering
W109,P07,W109_V01_P07,W109_V02_P07,date_time
W109,P08,W109_V01_P08,W109_V02_P08,deletion
W109,P09,W109_V01_P09,W109_V02_P09,addition
W109,P10,W109_V01_P10,W109_V02_P10,requirement
W109,P01,W109_V02_P01,W109_V03_P01,deletion
W109,P02,W109_V02_P02,W109_V03_P02,addition
W109,P03,W109_V02_P03,W109_V03_P03,requirement
W109,P04,W109_V02_P04,W109_V03_P04,policy
W109,P05,W109_V02_P05,W109_V03_P05,semantic
W109,P06,W109_V02_P06,W109_V03_P06,numeric
W109,P07,W109_V02_P07,W109_V03_P07,major_semantic
W109,P08,W109_V02_P08,W109_V03_P08,reordering
W109,P09,W109_V02_P09,W109_V03_P09,date_time
W109,P10,W109_V02_P10,W109_V03_P10,deletion
W109,P01,W109_V03_P01,W109_V04_P01,reordering
W109,P02,W109_V03_P02,W109_V04_P02,date_time
W109,P03,W109_V03_P03,W109_V04_P03,deletion
W109,P04,W109_V03_P04,W109_V04_P04,addition
W109,P05,W109_V03_P05,W109_V04_P05,requirement
W109,P06,W109_V03_P06,W109_V04_P06,policy
W109,P07,W109_V03_P07,W109_V04_P07,semantic
W109,P08,W109_V03_P08,W109_V04_P08,numeric
W109,P09,W109_V03_P09,W109_V04_P09,major_semantic
W109,P10,W109_V03_P10,W109_V04_P10,reordering
W109,P01,W109_V04_P01,W109_V05_P01,numeric
W109,P02,W109_V04_P02,W109_V05_P02,major_semantic
W109,P03,W109_V04_P03,W109_V05_P03,reordering
W109,P04,W109_V04_P04,W109_V05_P04,date_time
W109,P05,W109_V04_P05,W109_V05_P05,deletion
W109,P06,W109_V04_P06,W109_V05_P06,addition
W109,P07,W109_V04_P07,W109_V05_P07,requirement
W109,P08,W109_V04_P08,W109_V05_P08,policy
W109,P09,W109_V04_P09,W109_V05_P09,semantic
W109,P10,W109_V04_P10,W109_V05_P10,numeric
W109,P01,W109_V05_P01,W109_V06_P01,policy
W109,P02,W109_V05_P02,W109_V06_P02,semantic
W109,P03,W109_V05_P03,W109_V06_P03,numeric
W109,P04,W109_V05_P04,W109_V06_P04,major_semantic
W109,P05,W109_V05_P05,W109_V06_P05,reordering
W109,P06,W109_V05_P06,W109_V06_P06,date_time
W109,P07,W109_V05_P07,W109_V06_P07,deletion
W109,P08,W109_V05_P08,W109_V06_P08,addition
W109,P09,W109_V05_P09,W109_V06_P09,requirement
W109,P10,W109_V05_P10,W109_V06_P10,policy
W109,P01,W109_V06_P01,W109_V07_P01,addition
W109,P02,W109_V06_P02,W109_V07_P02,requirement
W109,P03,W109_V06_P03,W109_V07_P03,policy
W109,P04,W109_V06_P04,W109_V07_P04,semantic
W109,P05,W109_V06_P05,W109_V07_P05,numeric
W109,P06,W109_V06_P06,W109_V07_P06,major_semantic
W109,P07,W109_V06_P07,W109_V07_P07,reordering
W109,P08,W109_V06_P08,W109_V07_P08,date_time
W109,P09,W109_V06_P09,W109_V07_P09,deletion
W109,P10,W109_V06_P10,W109_V07_P10,addition
W109,P01,W109_V07_P01,W109_V08_P01,date_time
W109,P02,W109_V07_P02,W109_V08_P02,deletion
W109,P03,W109_V07_P03,W109_V08_P03,addition
W109,P04,W109_V07_P04,W109_V08_P04,requirement
W109,P05,W109_V07_P05,W109_V08_P05,policy
W109,P06,W109_V07_P06,W109_V08_P06,semantic
W109,P07,W109_V07_P07,W109_V08_P07,numeric
W109,P08,W109_V07_P08,W109_V08_P08,major_semantic
W109,P09,W109_V07_P09,W109_V08_P09,reordering
W109,P10,W109_V07_P10,W109_V08_P10,date_time
W109,P01,W109_V08_P01,W109_V09_P01,major_semantic
W109,P02,W109_V08_P02,W109_V09_P02,reordering
W109,P03,W109_V08_P03,W109_V09_P03,date_time
W109,P04,W109_V08_P04,W109_V09_P04,deletion
W109,P05,W109_V08_P05,W109_V09_P05,addition
W109,P06,W109_V08_P06,W109_V09_P06,requirement
W109,P07,W109_V08_P07,W109_V09_P07,policy
W109,P08,W109_V08_P08,W109_V09_P08,semantic
W109,P09,W109_V08_P09,W109_V09_P09,numeric
W109,P10,W109_V08_P10,W109_V09_P10,major_semantic
W109,P01,W109_V09_P01,W109_V10_P01,semantic
W109,P02,W109_V09_P02,W109_V10_P02,numeric
W109,P03,W109_V09_P03,W109_V10_P03,major_semantic
W109,P04,W109_V09_P04,W109_V10_P04,reordering
W109,P05,W109_V09_P05,W109_V10_P05,date_time
W109,P06,W109_V09_P06,W109_V10_P06,deletion
W109,P07,W109_V09_P07,W109_V10_P07,addition
W109,P08,W109_V09_P08,W109_V10_P08,requirement
W109,P09,W109_V09_P09,W109_V10_P09,policy
W109,P10,W109_V09_P10,W109_V10_P10,semantic
W110,P01,W110_V01_P01,W110_V02_P01,policy
W110,P02,W110_V01_P02,W110_V02_P02,semantic
W110,P03,W110_V01_P03,W110_V02_P03,numeric
W110,P04,W110_V01_P04,W110_V02_P04,major_semantic
W110,P05,W110_V01_P05,W110_V02_P05,reordering
W110,P06,W110_V01_P06,W110_V02_P06,date_time
W110,P07,W110_V01_P07,W110_V02_P07,deletion
W110,P08,W110_V01_P08,W110_V02_P08,addition
W110,P09,W110_V01_P09,W110_V02_P09,requirement
W110,P10,W110_V01_P10,W110_V02_P10,policy
W110,P01,W110_V02_P01,W110_V03_P01,addition
W110,P02,W110_V02_P02,W110_V03_P02,requirement
W110,P03,W110_V02_P03,W110_V03_P03,policy
W110,P04,W110_V02_P04,W110_V03_P04,semantic
W110,P05,W110_V02_P05,W110_V03_P05,numeric
W110,P06,W110_V02_P06,W110_V03_P06,major_semantic
W110,P07,W110_V02_P07,W110_V03_P07,reordering
W110,P08,W110_V02_P08,W110_V03_P08,date_time
W110,P09,W110_V02_P09,W110_V03_P09,deletion
W110,P10,W110_V02_P10,W110_V03_P10,addition
W110,P01,W110_V03_P01,W110_V04_P01,date_time
W110,P02,W110_V03_P02,W110_V04_P02,deletion
W110,P03,W110_V03_P03,W110_V04_P03,addition
W110,P04,W110_V03_P04,W110_V04_P04,requirement
W110,P05,W110_V03_P05,W110_V04_P05,policy
W110,P06,W110_V03_P06,W110_V04_P06,semantic
W110,P07,W110_V03_P07,W110_V04_P07,numeric
W110,P08,W110_V03_P08,W110_V04_P08,major_semantic
W110,P09,W110_V03_P09,W110_V04_P09,reordering
W110,P10,W110_V03_P10,W110_V04_P10,date_time
W110,P01,W110_V04_P01,W110_V05_P01,major_semantic
W110,P02,W110_V04_P02,W110_V05_P02,reordering
W110,P03,W110_V04_P03,W110_V05_P03,date_time
W110,P04,W110_V04_P04,W110_V05_P04,deletion
W110,P05,W110_V04_P05,W110_V05_P05,addition
W110,P06,W110_V04_P06,W110_V05_P06,requirement
W110,P07,W110_V04_P07,W110_V05_P07,policy
W110,P08,W110_V04_P08,W110_V05_P08,semantic
W110,P09,W110_V04_P09,W110_V05_P09,numeric
W110,P10,W110_V04_P10,W110_V05_P10,major_semantic
W110,P01,W110_V05_P01,W110_V06_P01,semantic
W110,P02,W110_V05_P02,W110_V06_P02,numeric
W110,P03,W110_V05_P03,W110_V06_P03,major_semantic
W110,P04,W110_V05_P04,W110_V06_P04,reordering
W110,P05,W110_V05_P05,W110_V06_P05,date_time
W110,P06,W110_V05_P06,W110_V06_P06,deletion
W110,P07,W110_V05_P07,W110_V06_P07,addition
W110,P08,W110_V05_P08,W110_V06_P08,requirement
W110,P09,W110_V05_P09,W110_V06_P09,policy
W110,P10,W110_V05_P10,W110_V06_P10,semantic
W110,P01,W110_V06_P01,W110_V07_P01,requirement
W110,P02,W110_V06_P02,W110_V07_P02,policy
W110,P03,W110_V06_P03,W110_V07_P03,semantic
W110,P04,W110_V06_P04,W110_V07_P04,numeric
W110,P05,W110_V06_P05,W110_V07_P05,major_semantic
W110,P06,W110_V06_P06,W110_V07_P06,reordering
W110,P07,W110_V06_P07,W110_V07_P07,date_time
W110,P08,W110_V06_P08,W110_V07_P08,deletion
W110,P09,W110_V06_P09,W110_V07_P09,addition
W110,P10,W110_V06_P10,W110_V07_P10,requirement
W110,P01,W110_V07_P01,W110_V08_P01,deletion
W110,P02,W110_V07_P02,W110_V08_P02,addition
W110,P03,W110_V07_P03,W110_V08_P03,requirement
W110,P04,W110_V07_P04,W110_V08_P04,policy
W110,P05,W110_V07_P05,W110_V08_P05,semantic
W110,P06,W110_V07_P06,W110_V08_P06,numeric
W110,P07,W110_V07_P07,W110_V08_P07,major_semantic
W110,P08,W110_V07_P08,W110_V08_P08,reordering
W110,P09,W110_V07_P09,W110_V08_P09,date_time
W110,P10,W110_V07_P10,W110_V08_P10,deletion
W110,P01,W110_V08_P01,W110_V09_P01,reordering
W110,P02,W110_V08_P02,W110_V09_P02,date_time
W110,P03,W110_V08_P03,W110_V09_P03,deletion
W110,P04,W110_V08_P04,W110_V09_P04,addition
W110,P05,W110_V08_P05,W110_V09_P05,requirement
W110,P06,W110_V08_P06,W110_V09_P06,policy
W110,P07,W110_V08_P07,W110_V09_P07,semantic
W110,P08,W110_V08_P08,W110_V09_P08,numeric
W110,P09,W110_V08_P09,W110_V09_P09,major_semantic
W110,P10,W110_V08_P10,W110_V09_P10,reordering
W110,P01,W110_V09_P01,W110_V10_P01,numeric
W110,P02,W110_V09_P02,W110_V10_P02,major_semantic
W110,P03,W110_V09_P03,W110_V10_P03,reordering
W110,P04,W110_V09_P04,W110_V10_P04,date_time
W110,P05,W110_V09_P05,W110_V10_P05,deletion
W110,P06,W110_V09_P06,W110_V10_P06,addition
W110,P07,W110_V09_P07,W110_V10_P07,requirement
W110,P08,W110_V09_P08,W110_V10_P08,policy
W110,P09,W110_V09_P09,W110_V10_P09,semantic
W110,P10,W110_V09_P10,W110_V10_P10,numeric
W111,P01,W111_V01_P01,W111_V02_P01,semantic
W111,P02,W111_V01_P02,W111_V02_P02,numeric
W111,P03,W111_V01_P03,W111_V02_P03,major_semantic
W111,P04,W111_V01_P04,W111_V02_P04,reordering
W111,P05,W111_V01_P05,W111_V02_P05,date_time
W111,P06,W111_V01_P06,W111_V02_P06,deletion
W111,P07,W111_V01_P07,W111_V02_P07,addition
W111,P08,W111_V01_P08,W111_V02_P08,requirement
W111,P09,W111_V01_P09,W111_V02_P09,policy
W111,P10,W111_V01_P10,W111_V02_P10,semantic
W111,P01,W111_V02_P01,W111_V03_P01,requirement
W111,P02,W111_V02_P02,W111_V03_P02,policy
W111,P03,W111_V02_P03,W111_V03_P03,semantic
W111,P04,W111_V02_P04,W111_V03_P04,numeric
W111,P05,W111_V02_P05,W111_V03_P05,major_semantic
W111,P06,W111_V02_P06,W111_V03_P06,reordering
W111,P07,W111_V02_P07,W111_V03_P07,date_time
W111,P08,W111_V02_P08,W111_V03_P08,deletion
W111,P09,W111_V02_P09,W111_V03_P09,addition
W111,P10,W111_V02_P10,W111_V03_P10,requirement
W111,P01,W111_V03_P01,W111_V04_P01,deletion
W111,P02,W111_V03_P02,W111_V04_P02,addition
W111,P03,W111_V03_P03,W111_V04_P03,requirement
W111,P04,W111_V03_P04,W111_V04_P04,policy
W111,P05,W111_V03_P05,W111_V04_P05,semantic
W111,P06,W111_V03_P06,W111_V04_P06,numeric
W111,P07,W111_V03_P07,W111_V04_P07,major_semantic
W111,P08,W111_V03_P08,W111_V04_P08,reordering
W111,P09,W111_V03_P09,W111_V04_P09,date_time
W111,P10,W111_V03_P10,W111_V04_P10,deletion
W111,P01,W111_V04_P01,W111_V05_P01,reordering
W111,P02,W111_V04_P02,W111_V05_P02,date_time
W111,P03,W111_V04_P03,W111_V05_P03,deletion
W111,P04,W111_V04_P04,W111_V05_P04,addition
W111,P05,W111_V04_P05,W111_V05_P05,requirement
W111,P06,W111_V04_P06,W111_V05_P06,policy
W111,P07,W111_V04_P07,W111_V05_P07,semantic
W111,P08,W111_V04_P08,W111_V05_P08,numeric
W111,P09,W111_V04_P09,W111_V05_P09,major_semantic
W111,P10,W111_V04_P10,W111_V05_P10,reordering
W111,P01,W111_V05_P01,W111_V06_P01,numeric
W111,P02,W111_V05_P02,W111_V06_P02,major_semantic
W111,P03,W111_V05_P03,W111_V06_P03,reordering
W111,P04,W111_V05_P04,W111_V06_P04,date_time
W111,P05,W111_V05_P05,W111_V06_P05,deletion
W111,P06,W111_V05_P06,W111_V06_P06,addition
W111,P07,W111_V05_P07,W111_V06_P07,requirement
W111,P08,W111_V05_P08,W111_V06_P08,policy
W111,P09,W111_V05_P09,W111_V06_P09,semantic
W111,P10,W111_V05_P10,W111_V06_P10,numeric
W111,P01,W111_V06_P01,W111_V07_P01,policy
W111,P02,W111_V06_P02,W111_V07_P02,semantic
W111,P03,W111_V06_P03,W111_V07_P03,numeric
W111,P04,W111_V06_P04,W111_V07_P04,major_semantic
W111,P05,W111_V06_P05,W111_V07_P05,reordering
W111,P06,W111_V06_P06,W111_V07_P06,date_time
W111,P07,W111_V06_P07,W111_V07_P07,deletion
W111,P08,W111_V06_P08,W111_V07_P08,addition
W111,P09,W111_V06_P09,W111_V07_P09,requirement
W111,P10,W111_V06_P10,W111_V07_P10,policy
W111,P01,W111_V07_P01,W111_V08_P01,addition
W111,P02,W111_V07_P02,W111_V08_P02,requirement
W111,P03,W111_V07_P03,W111_V08_P03,policy
W111,P04,W111_V07_P04,W111_V08_P04,semantic
W111,P05,W111_V07_P05,W111_V08_P05,numeric
W111,P06,W111_V07_P06,W111_V08_P06,major_semantic
W111,P07,W111_V07_P07,W111_V08_P07,reordering
W111,P08,W111_V07_P08,W111_V08_P08,date_time
W111,P09,W111_V07_P09,W111_V08_P09,deletion
W111,P10,W111_V07_P10,W111_V08_P10,addition
W111,P01,W111_V08_P01,W111_V09_P01,date_time
W111,P02,W111_V08_P02,W111_V09_P02,deletion
W111,P03,W111_V08_P03,W111_V09_P03,addition
W111,P04,W111_V08_P04,W111_V09_P04,requirement
W111,P05,W111_V08_P05,W111_V09_P05,policy
W111,P06,W111_V08_P06,W111_V09_P06,semantic
W111,P07,W111_V08_P07,W111_V09_P07,numeric
W111,P08,W111_V08_P08,W111_V09_P08,major_semantic
W111,P09,W111_V08_P09,W111_V09_P09,reordering
W111,P10,W111_V08_P10,W111_V09_P10,date_time
W111,P01,W111_V09_P01,W111_V10_P01,major_semantic
W111,P02,W111_V09_P02,W111_V10_P02,reordering
W111,P03,W111_V09_P03,W111_V10_P03,date_time
W111,P04,W111_V09_P04,W111_V10_P04,deletion
W111,P05,W111_V09_P05,W111_V10_P05,addition
W111,P06,W111_V09_P06,W111_V10_P06,requirement
W111,P07,W111_V09_P07,W111_V10_P07,policy
W111,P08,W111_V09_P08,W111_V10_P08,semantic
W111,P09,W111_V09_P09,W111_V10_P09,numeric
W111,P10,W111_V09_P10,W111_V10_P10,major_semantic
W112,P01,W112_V01_P01,W112_V02_P01,numeric
W112,P02,W112_V01_P02,W112_V02_P02,major_semantic
W112,P03,W112_V01_P03,W112_V02_P03,reordering
W112,P04,W112_V01_P04,W112_V02_P04,date_time
W112,P05,W112_V01_P05,W112_V02_P05,deletion
W112,P06,W112_V01_P06,W112_V02_P06,addition
W112,P07,W112_V01_P07,W112_V02_P07,requirement
W112,P08,W112_V01_P08,W112_V02_P08,policy
W112,P09,W112_V01_P09,W112_V02_P09,semantic
W112,P10,W112_V01_P10,W112_V02_P10,numeric
W112,P01,W112_V02_P01,W112_V03_P01,policy
W112,P02,W112_V02_P02,W112_V03_P02,semantic
W112,P03,W112_V02_P03,W112_V03_P03,numeric
W112,P04,W112_V02_P04,W112_V03_P04,major_semantic
W112,P05,W112_V02_P05,W112_V03_P05,reordering
W112,P06,W112_V02_P06,W112_V03_P06,date_time
W112,P07,W112_V02_P07,W112_V03_P07,deletion
W112,P08,W112_V02_P08,W112_V03_P08,addition
W112,P09,W112_V02_P09,W112_V03_P09,requirement
W112,P10,W112_V02_P10,W112_V03_P10,policy
W112,P01,W112_V03_P01,W112_V04_P01,addition
W112,P02,W112_V03_P02,W112_V04_P02,requirement
W112,P03,W112_V03_P03,W112_V04_P03,policy
W112,P04,W112_V03_P04,W112_V04_P04,semantic
W112,P05,W112_V03_P05,W112_V04_P05,numeric
W112,P06,W112_V03_P06,W112_V04_P06,major_semantic
W112,P07,W112_V03_P07,W112_V04_P07,reordering
W112,P08,W112_V03_P08,W112_V04_P08,date_time
W112,P09,W112_V03_P09,W112_V04_P09,deletion
W112,P10,W112_V03_P10,W112_V04_P10,addition
W112,P01,W112_V04_P01,W112_V05_P01,date_time
W112,P02,W112_V04_P02,W112_V05_P02,deletion
W112,P03,W112_V04_P03,W112_V05_P03,addition
W112,P04,W112_V04_P04,W112_V05_P04,requirement
W112,P05,W112_V04_P05,W112_V05_P05,policy
W112,P06,W112_V04_P06,W112_V05_P06,semantic
W112,P07,W112_V04_P07,W112_V05_P07,numeric
W112,P08,W112_V04_P08,W112_V05_P08,major_semantic
W112,P09,W112_V04_P09,W112_V05_P09,reordering
W112,P10,W112_V04_P10,W112_V05_P10,date_time
W112,P01,W112_V05_P01,W112_V06_P01,major_semantic
W112,P02,W112_V05_P02,W112_V06_P02,reordering
W112,P03,W112_V05_P03,W112_V06_P03,date_time
W112,P04,W112_V05_P04,W112_V06_P04,deletion
W112,P05,W112_V05_P05,W112_V06_P05,addition
W112,P06,W112_V05_P06,W112_V06_P06,requirement
W112,P07,W112_V05_P07,W112_V06_P07,policy
W112,P08,W112_V05_P08,W112_V06_P08,semantic
W112,P09,W112_V05_P09,W112_V06_P09,numeric
W112,P10,W112_V05_P10,W112_V06_P10,major_semantic
W112,P01,W112_V06_P01,W112_V07_P01,semantic
W112,P02,W112_V06_P02,W112_V07_P02,numeric
W112,P03,W112_V06_P03,W112_V07_P03,major_semantic
W112,P04,W112_V06_P04,W112_V07_P04,reordering
W112,P05,W112_V06_P05,W112_V07_P05,date_time
W112,P06,W112_V06_P06,W112_V07_P06,deletion
W112,P07,W112_V06_P07,W112_V07_P07,addition
W112,P08,W112_V06_P08,W112_V07_P08,requirement
W112,P09,W112_V06_P09,W112_V07_P09,policy
W112,P10,W112_V06_P10,W112_V07_P10,semantic
W112,P01,W112_V07_P01,W112_V08_P01,requirement
W112,P02,W112_V07_P02,W112_V08_P02,policy
W112,P03,W112_V07_P03,W112_V08_P03,semantic
W112,P04,W112_V07_P04,W112_V08_P04,numeric
W112,P05,W112_V07_P05,W112_V08_P05,major_semantic
W112,P06,W112_V07_P06,W112_V08_P06,reordering
W112,P07,W112_V07_P07,W112_V08_P07,date_time
W112,P08,W112_V07_P08,W112_V08_P08,deletion
W112,P09,W112_V07_P09,W112_V08_P09,addition
W112,P10,W112_V07_P10,W112_V08_P10,requirement
W112,P01,W112_V08_P01,W112_V09_P01,deletion
W112,P02,W112_V08_P02,W112_V09_P02,addition
W112,P03,W112_V08_P03,W112_V09_P03,requirement
W112,P04,W112_V08_P04,W112_V09_P04,policy
W112,P05,W112_V08_P05,W112_V09_P05,semantic
W112,P06,W112_V08_P06,W112_V09_P06,numeric
W112,P07,W112_V08_P07,W112_V09_P07,major_semantic
W112,P08,W112_V08_P08,W112_V09_P08,reordering
W112,P09,W112_V08_P09,W112_V09_P09,date_time
W112,P10,W112_V08_P10,W112_V09_P10,deletion
W112,P01,W112_V09_P01,W112_V10_P01,reordering
W112,P02,W112_V09_P02,W112_V10_P02,date_time
W112,P03,W112_V09_P03,W112_V10_P03,deletion
W112,P04,W112_V09_P04,W112_V10_P04,addition
W112,P05,W112_V09_P05,W112_V10_P05,requirement
W112,P06,W112_V09_P06,W112_V10_P06,policy
W112,P07,W112_V09_P07,W112_V10_P07,semantic
W112,P08,W112_V09_P08,W112_V10_P08,numeric
W112,P09,W112_V09_P09,W112_V10_P09,major_semantic
W112,P10,W112_V09_P10,W112_V10_P10,reordering
W113,P01,W113_V01_P01,W113_V02_P01,major_semantic
W113,P02,W113_V01_P02,W113_V02_P02,reordering
W113,P03,W113_V01_P03,W113_V02_P03,date_time
W113,P04,W113_V01_P04,W113_V02_P04,deletion
W113,P05,W113_V01_P05,W113_V02_P05,addition
W113,P06,W113_V01_P06,W113_V02_P06,requirement
W113,P07,W113_V01_P07,W113_V02_P07,policy
W113,P08,W113_V01_P08,W113_V02_P08,semantic
W113,P09,W113_V01_P09,W113_V02_P09,numeric
W113,P10,W113_V01_P10,W113_V02_P10,major_semantic
W113,P01,W113_V02_P01,W113_V03_P01,semantic
W113,P02,W113_V02_P02,W113_V03_P02,numeric
W113,P03,W113_V02_P03,W113_V03_P03,major_semantic
W113,P04,W113_V02_P04,W113_V03_P04,reordering
W113,P05,W113_V02_P05,W113_V03_P05,date_time
W113,P06,W113_V02_P06,W113_V03_P06,deletion
W113,P07,W113_V02_P07,W113_V03_P07,addition
W113,P08,W113_V02_P08,W113_V03_P08,requirement
W113,P09,W113_V02_P09,W113_V03_P09,policy
W113,P10,W113_V02_P10,W113_V03_P10,semantic
W113,P01,W113_V03_P01,W113_V04_P01,requirement
W113,P02,W113_V03_P02,W113_V04_P02,policy
W113,P03,W113_V03_P03,W113_V04_P03,semantic
W113,P04,W113_V03_P04,W113_V04_P04,numeric
W113,P05,W113_V03_P05,W113_V04_P05,major_semantic
W113,P06,W113_V03_P06,W113_V04_P06,reordering
W113,P07,W113_V03_P07,W113_V04_P07,date_time
W113,P08,W113_V03_P08,W113_V04_P08,deletion
W113,P09,W113_V03_P09,W113_V04_P09,addition
W113,P10,W113_V03_P10,W113_V04_P10,requirement
W113,P01,W113_V04_P01,W113_V05_P01,deletion
W113,P02,W113_V04_P02,W113_V05_P02,addition
W113,P03,W113_V04_P03,W113_V05_P03,requirement
W113,P04,W113_V04_P04,W113_V05_P04,policy
W113,P05,W113_V04_P05,W113_V05_P05,semantic
W113,P06,W113_V04_P06,W113_V05_P06,numeric
W113,P07,W113_V04_P07,W113_V05_P07,major_semantic
W113,P08,W113_V04_P08,W113_V05_P08,reordering
W113,P09,W113_V04_P09,W113_V05_P09,date_time
W113,P10,W113_V04_P10,W113_V05_P10,deletion
W113,P01,W113_V05_P01,W113_V06_P01,reordering
W113,P02,W113_V05_P02,W113_V06_P02,date_time
W113,P03,W113_V05_P03,W113_V06_P03,deletion
W113,P04,W113_V05_P04,W113_V06_P04,addition
W113,P05,W113_V05_P05,W113_V06_P05,requirement
W113,P06,W113_V05_P06,W113_V06_P06,policy
W113,P07,W113_V05_P07,W113_V06_P07,semantic
W113,P08,W113_V05_P08,W113_V06_P08,numeric
W113,P09,W113_V05_P09,W113_V06_P09,major_semantic
W113,P10,W113_V05_P10,W113_V06_P10,reordering
W113,P01,W113_V06_P01,W113_V07_P01,numeric
W113,P02,W113_V06_P02,W113_V07_P02,major_semantic
W113,P03,W113_V06_P03,W113_V07_P03,reordering
W113,P04,W113_V06_P04,W113_V07_P04,date_time
W113,P05,W113_V06_P05,W113_V07_P05,deletion
W113,P06,W113_V06_P06,W113_V07_P06,addition
W113,P07,W113_V06_P07,W113_V07_P07,requirement
W113,P08,W113_V06_P08,W113_V07_P08,policy
W113,P09,W113_V06_P09,W113_V07_P09,semantic
W113,P10,W113_V06_P10,W113_V07_P10,numeric
W113,P01,W113_V07_P01,W113_V08_P01,policy
W113,P02,W113_V07_P02,W113_V08_P02,semantic
W113,P03,W113_V07_P03,W113_V08_P03,numeric
W113,P04,W113_V07_P04,W113_V08_P04,major_semantic
W113,P05,W113_V07_P05,W113_V08_P05,reordering
W113,P06,W113_V07_P06,W113_V08_P06,date_time
W113,P07,W113_V07_P07,W113_V08_P07,deletion
W113,P08,W113_V07_P08,W113_V08_P08,addition
W113,P09,W113_V07_P09,W113_V08_P09,requirement
W113,P10,W113_V07_P10,W113_V08_P10,policy
W113,P01,W113_V08_P01,W113_V09_P01,addition
W113,P02,W113_V08_P02,W113_V09_P02,requirement
W113,P03,W113_V08_P03,W113_V09_P03,policy
W113,P04,W113_V08_P04,W113_V09_P04,semantic
W113,P05,W113_V08_P05,W113_V09_P05,numeric
W113,P06,W113_V08_P06,W113_V09_P06,major_semantic
W113,P07,W113_V08_P07,W113_V09_P07,reordering
W113,P08,W113_V08_P08,W113_V09_P08,date_time
W113,P09,W113_V08_P09,W113_V09_P09,deletion
W113,P10,W113_V08_P10,W113_V09_P10,addition
W113,P01,W113_V09_P01,W113_V10_P01,date_time
W113,P02,W113_V09_P02,W113_V10_P02,deletion
W113,P03,W113_V09_P03,W113_V10_P03,addition
W113,P04,W113_V09_P04,W113_V10_P04,requirement
W113,P05,W113_V09_P05,W113_V10_P05,policy
W113,P06,W113_V09_P06,W113_V10_P06,semantic
W113,P07,W113_V09_P07,W113_V10_P07,numeric
W113,P08,W113_V09_P08,W113_V10_P08,major_semantic
W113,P09,W113_V09_P09,W113_V10_P09,reordering
W113,P10,W113_V09_P10,W113_V10_P10,date_time
W114,P01,W114_V01_P01,W114_V02_P01,reordering
W114,P02,W114_V01_P02,W114_V02_P02,date_time
W114,P03,W114_V01_P03,W114_V02_P03,deletion
W114,P04,W114_V01_P04,W114_V02_P04,addition
W114,P05,W114_V01_P05,W114_V02_P05,requirement
W114,P06,W114_V01_P06,W114_V02_P06,policy
W114,P07,W114_V01_P07,W114_V02_P07,semantic
W114,P08,W114_V01_P08,W114_V02_P08,numeric
W114,P09,W114_V01_P09,W114_V02_P09,major_semantic
W114,P10,W114_V01_P10,W114_V02_P10,reordering
W114,P01,W114_V02_P01,W114_V03_P01,numeric
W114,P02,W114_V02_P02,W114_V03_P02,major_semantic
W114,P03,W114_V02_P03,W114_V03_P03,reordering
W114,P04,W114_V02_P04,W114_V03_P04,date_time
W114,P05,W114_V02_P05,W114_V03_P05,deletion
W114,P06,W114_V02_P06,W114_V03_P06,addition
W114,P07,W114_V02_P07,W114_V03_P07,requirement
W114,P08,W114_V02_P08,W114_V03_P08,policy
W114,P09,W114_V02_P09,W114_V03_P09,semantic
W114,P10,W114_V02_P10,W114_V03_P10,numeric
W114,P01,W114_V03_P01,W114_V04_P01,policy
W114,P02,W114_V03_P02,W114_V04_P02,semantic
W114,P03,W114_V03_P03,W114_V04_P03,numeric
W114,P04,W114_V03_P04,W114_V04_P04,major_semantic
W114,P05,W114_V03_P05,W114_V04_P05,reordering
W114,P06,W114_V03_P06,W114_V04_P06,date_time
W114,P07,W114_V03_P07,W114_V04_P07,deletion
W114,P08,W114_V03_P08,W114_V04_P08,addition
W114,P09,W114_V03_P09,W114_V04_P09,requirement
W114,P10,W114_V03_P10,W114_V04_P10,policy
W114,P01,W114_V04_P01,W114_V05_P01,addition
W114,P02,W114_V04_P02,W114_V05_P02,requirement
W114,P03,W114_V04_P03,W114_V05_P03,policy
W114,P04,W114_V04_P04,W114_V05_P04,semantic
W114,P05,W114_V04_P05,W114_V05_P05,numeric
W114,P06,W114_V04_P06,W114_V05_P06,major_semantic
W114,P07,W114_V04_P07,W114_V05_P07,reordering
W114,P08,W114_V04_P08,W114_V05_P08,date_time
W114,P09,W114_V04_P09,W114_V05_P09,deletion
W114,P10,W114_V04_P10,W114_V05_P10,addition
W114,P01,W114_V05_P01,W114_V06_P01,date_time
W114,P02,W114_V05_P02,W114_V06_P02,deletion
W114,P03,W114_V05_P03,W114_V06_P03,addition
W114,P04,W114_V05_P04,W114_V06_P04,requirement
W114,P05,W114_V05_P05,W114_V06_P05,policy
W114,P06,W114_V05_P06,W114_V06_P06,semantic
W114,P07,W114_V05_P07,W114_V06_P07,numeric
W114,P08,W114_V05_P08,W114_V06_P08,major_semantic
W114,P09,W114_V05_P09,W114_V06_P09,reordering
W114,P10,W114_V05_P10,W114_V06_P10,date_time
W114,P01,W114_V06_P01,W114_V07_P01,major_semantic
W114,P02,W114_V06_P02,W114_V07_P02,reordering
W114,P03,W114_V06_P03,W114_V07_P03,date_time
W114,P04,W114_V06_P04,W114_V07_P04,deletion
W114,P05,W114_V06_P05,W114_V07_P05,addition
W114,P06,W114_V06_P06,W114_V07_P06,requirement
W114,P07,W114_V06_P07,W114_V07_P07,policy
W114,P08,W114_V06_P08,W114_V07_P08,semantic
W114,P09,W114_V06_P09,W114_V07_P09,numeric
W114,P10,W114_V06_P10,W114_V07_P10,major_semantic
W114,P01,W114_V07_P01,W114_V08_P01,semantic
W114,P02,W114_V07_P02,W114_V08_P02,numeric
W114,P03,W114_V07_P03,W114_V08_P03,major_semantic
W114,P04,W114_V07_P04,W114_V08_P04,reordering
W114,P05,W114_V07_P05,W114_V08_P05,date_time
W114,P06,W114_V07_P06,W114_V08_P06,deletion
W114,P07,W114_V07_P07,W114_V08_P07,addition
W114,P08,W114_V07_P08,W114_V08_P08,requirement
W114,P09,W114_V07_P09,W114_V08_P09,policy
W114,P10,W114_V07_P10,W114_V08_P10,semantic
W114,P01,W114_V08_P01,W114_V09_P01,requirement
W114,P02,W114_V08_P02,W114_V09_P02,policy
W114,P03,W114_V08_P03,W114_V09_P03,semantic
W114,P04,W114_V08_P04,W114_V09_P04,numeric
W114,P05,W114_V08_P05,W114_V09_P05,major_semantic
W114,P06,W114_V08_P06,W114_V09_P06,reordering
W114,P07,W114_V08_P07,W114_V09_P07,date_time
W114,P08,W114_V08_P08,W114_V09_P08,deletion
W114,P09,W114_V08_P09,W114_V09_P09,addition
W114,P10,W114_V08_P10,W114_V09_P10,requirement
W114,P01,W114_V09_P01,W114_V10_P01,deletion
W114,P02,W114_V09_P02,W114_V10_P02,addition
W114,P03,W114_V09_P03,W114_V10_P03,requirement
W114,P04,W114_V09_P04,W114_V10_P04,policy
W114,P05,W114_V09_P05,W114_V10_P05,semantic
W114,P06,W114_V09_P06,W114_V10_P06,numeric
W114,P07,W114_V09_P07,W114_V10_P07,major_semantic
W114,P08,W114_V09_P08,W114_V10_P08,reordering
W114,P09,W114_V09_P09,W114_V10_P09,date_time
W114,P10,W114_V09_P10,W114_V10_P10,deletion
W115,P01,W115_V01_P01,W115_V02_P01,date_time
W115,P02,W115_V01_P02,W115_V02_P02,deletion
W115,P03,W115_V01_P03,W115_V02_P03,addition
W115,P04,W115_V01_P04,W115_V02_P04,requirement
W115,P05,W115_V01_P05,W115_V02_P05,policy
W115,P06,W115_V01_P06,W115_V02_P06,semantic
W115,P07,W115_V01_P07,W115_V02_P07,numeric
W115,P08,W115_V01_P08,W115_V02_P08,major_semantic
W115,P09,W115_V01_P09,W115_V02_P09,reordering
W115,P10,W115_V01_P10,W115_V02_P10,date_time
W115,P01,W115_V02_P01,W115_V03_P01,major_semantic
W115,P02,W115_V02_P02,W115_V03_P02,reordering
W115,P03,W115_V02_P03,W115_V03_P03,date_time
W115,P04,W115_V02_P04,W115_V03_P04,deletion
W115,P05,W115_V02_P05,W115_V03_P05,addition
W115,P06,W115_V02_P06,W115_V03_P06,requirement
W115,P07,W115_V02_P07,W115_V03_P07,policy
W115,P08,W115_V02_P08,W115_V03_P08,semantic
W115,P09,W115_V02_P09,W115_V03_P09,numeric
W115,P10,W115_V02_P10,W115_V03_P10,major_semantic
W115,P01,W115_V03_P01,W115_V04_P01,semantic
W115,P02,W115_V03_P02,W115_V04_P02,numeric
W115,P03,W115_V03_P03,W115_V04_P03,major_semantic
W115,P04,W115_V03_P04,W115_V04_P04,reordering
W115,P05,W115_V03_P05,W115_V04_P05,date_time
W115,P06,W115_V03_P06,W115_V04_P06,deletion
W115,P07,W115_V03_P07,W115_V04_P07,addition
W115,P08,W115_V03_P08,W115_V04_P08,requirement
W115,P09,W115_V03_P09,W115_V04_P09,policy
W115,P10,W115_V03_P10,W115_V04_P10,semantic
W115,P01,W115_V04_P01,W115_V05_P01,requirement
W115,P02,W115_V04_P02,W115_V05_P02,policy
W115,P03,W115_V04_P03,W115_V05_P03,semantic
W115,P04,W115_V04_P04,W115_V05_P04,numeric
W115,P05,W115_V04_P05,W115_V05_P05,major_semantic
W115,P06,W115_V04_P06,W115_V05_P06,reordering
W115,P07,W115_V04_P07,W115_V05_P07,date_time
W115,P08,W115_V04_P08,W115_V05_P08,deletion
W115,P09,W115_V04_P09,W115_V05_P09,addition
W115,P10,W115_V04_P10,W115_V05_P10,requirement
W115,P01,W115_V05_P01,W115_V06_P01,deletion
W115,P02,W115_V05_P02,W115_V06_P02,addition
W115,P03,W115_V05_P03,W115_V06_P03,requirement
W115,P04,W115_V05_P04,W115_V06_P04,policy
W115,P05,W115_V05_P05,W115_V06_P05,semantic
W115,P06,W115_V05_P06,W115_V06_P06,numeric
W115,P07,W115_V05_P07,W115_V06_P07,major_semantic
W115,P08,W115_V05_P08,W115_V06_P08,reordering
W115,P09,W115_V05_P09,W115_V06_P09,date_time
W115,P10,W115_V05_P10,W115_V06_P10,deletion
W115,P01,W115_V06_P01,W115_V07_P01,reordering
W115,P02,W115_V06_P02,W115_V07_P02,date_time
W115,P03,W115_V06_P03,W115_V07_P03,deletion
W115,P04,W115_V06_P04,W115_V07_P04,addition
W115,P05,W115_V06_P05,W115_V07_P05,requirement
W115,P06,W115_V06_P06,W115_V07_P06,policy
W115,P07,W115_V06_P07,W115_V07_P07,semantic
W115,P08,W115_V06_P08,W115_V07_P08,numeric
W115,P09,W115_V06_P09,W115_V07_P09,major_semantic
W115,P10,W115_V06_P10,W115_V07_P10,reordering
W115,P01,W115_V07_P01,W115_V08_P01,numeric
W115,P02,W115_V07_P02,W115_V08_P02,major_semantic
W115,P03,W115_V07_P03,W115_V08_P03,reordering
W115,P04,W115_V07_P04,W115_V08_P04,date_time
W115,P05,W115_V07_P05,W115_V08_P05,deletion
W115,P06,W115_V07_P06,W115_V08_P06,addition
W115,P07,W115_V07_P07,W115_V08_P07,requirement
W115,P08,W115_V07_P08,W115_V08_P08,policy
W115,P09,W115_V07_P09,W115_V08_P09,semantic
W115,P10,W115_V07_P10,W115_V08_P10,numeric
W115,P01,W115_V08_P01,W115_V09_P01,policy
W115,P02,W115_V08_P02,W115_V09_P02,semantic
W115,P03,W115_V08_P03,W115_V09_P03,numeric
W115,P04,W115_V08_P04,W115_V09_P04,major_semantic
W115,P05,W115_V08_P05,W115_V09_P05,reordering
W115,P06,W115_V08_P06,W115_V09_P06,date_time
W115,P07,W115_V08_P07,W115_V09_P07,deletion
W115,P08,W115_V08_P08,W115_V09_P08,addition
W115,P09,W115_V08_P09,W115_V09_P09,requirement
W115,P10,W115_V08_P10,W115_V09_P10,policy
W115,P01,W115_V09_P01,W115_V10_P01,addition
W115,P02,W115_V09_P02,W115_V10_P02,requirement
W115,P03,W115_V09_P03,W115_V10_P03,policy
W115,P04,W115_V09_P04,W115_V10_P04,semantic
W115,P05,W115_V09_P05,W115_V10_P05,numeric
W115,P06,W115_V09_P06,W115_V10_P06,major_semantic
W115,P07,W115_V09_P07,W115_V10_P07,reordering
W115,P08,W115_V09_P08,W115_V10_P08,date_time
W115,P09,W115_V09_P09,W115_V10_P09,deletion
W115,P10,W115_V09_P10,W115_V10_P10,addition
W116,P01,W116_V01_P01,W116_V02_P01,deletion
W116,P02,W116_V01_P02,W116_V02_P02,addition
W116,P03,W116_V01_P03,W116_V02_P03,requirement
W116,P04,W116_V01_P04,W116_V02_P04,policy
W116,P05,W116_V01_P05,W116_V02_P05,semantic
W116,P06,W116_V01_P06,W116_V02_P06,numeric
W116,P07,W116_V01_P07,W116_V02_P07,major_semantic
W116,P08,W116_V01_P08,W116_V02_P08,reordering
W116,P09,W116_V01_P09,W116_V02_P09,date_time
W116,P10,W116_V01_P10,W116_V02_P10,deletion
W116,P01,W116_V02_P01,W116_V03_P01,reordering
W116,P02,W116_V02_P02,W116_V03_P02,date_time
W116,P03,W116_V02_P03,W116_V03_P03,deletion
W116,P04,W116_V02_P04,W116_V03_P04,addition
W116,P05,W116_V02_P05,W116_V03_P05,requirement
W116,P06,W116_V02_P06,W116_V03_P06,policy
W116,P07,W116_V02_P07,W116_V03_P07,semantic
W116,P08,W116_V02_P08,W116_V03_P08,numeric
W116,P09,W116_V02_P09,W116_V03_P09,major_semantic
W116,P10,W116_V02_P10,W116_V03_P10,reordering
W116,P01,W116_V03_P01,W116_V04_P01,numeric
W116,P02,W116_V03_P02,W116_V04_P02,major_semantic
W116,P03,W116_V03_P03,W116_V04_P03,reordering
W116,P04,W116_V03_P04,W116_V04_P04,date_time
W116,P05,W116_V03_P05,W116_V04_P05,deletion
W116,P06,W116_V03_P06,W116_V04_P06,addition
W116,P07,W116_V03_P07,W116_V04_P07,requirement
W116,P08,W116_V03_P08,W116_V04_P08,policy
W116,P09,W116_V03_P09,W116_V04_P09,semantic
W116,P10,W116_V03_P10,W116_V04_P10,numeric
W116,P01,W116_V04_P01,W116_V05_P01,policy
W116,P02,W116_V04_P02,W116_V05_P02,semantic
W116,P03,W116_V04_P03,W116_V05_P03,numeric
W116,P04,W116_V04_P04,W116_V05_P04,major_semantic
W116,P05,W116_V04_P05,W116_V05_P05,reordering
W116,P06,W116_V04_P06,W116_V05_P06,date_time
W116,P07,W116_V04_P07,W116_V05_P07,deletion
W116,P08,W116_V04_P08,W116_V05_P08,addition
W116,P09,W116_V04_P09,W116_V05_P09,requirement
W116,P10,W116_V04_P10,W116_V05_P10,policy
W116,P01,W116_V05_P01,W116_V06_P01,addition
W116,P02,W116_V05_P02,W116_V06_P02,requirement
W116,P03,W116_V05_P03,W116_V06_P03,policy
W116,P04,W116_V05_P04,W116_V06_P04,semantic
W116,P05,W116_V05_P05,W116_V06_P05,numeric
W116,P06,W116_V05_P06,W116_V06_P06,major_semantic
W116,P07,W116_V05_P07,W116_V06_P07,reordering
W116,P08,W116_V05_P08,W116_V06_P08,date_time
W116,P09,W116_V05_P09,W116_V06_P09,deletion
W116,P10,W116_V05_P10,W116_V06_P10,addition
W116,P01,W116_V06_P01,W116_V07_P01,date_time
W116,P02,W116_V06_P02,W116_V07_P02,deletion
W116,P03,W116_V06_P03,W116_V07_P03,addition
W116,P04,W116_V06_P04,W116_V07_P04,requirement
W116,P05,W116_V06_P05,W116_V07_P05,policy
W116,P06,W116_V06_P06,W116_V07_P06,semantic
W116,P07,W116_V06_P07,W116_V07_P07,numeric
W116,P08,W116_V06_P08,W116_V07_P08,major_semantic
W116,P09,W116_V06_P09,W116_V07_P09,reordering
W116,P10,W116_V06_P10,W116_V07_P10,date_time
W116,P01,W116_V07_P01,W116_V08_P01,major_semantic
W116,P02,W116_V07_P02,W116_V08_P02,reordering
W116,P03,W116_V07_P03,W116_V08_P03,date_time
W116,P04,W116_V07_P04,W116_V08_P04,deletion
W116,P05,W116_V07_P05,W116_V08_P05,addition
W116,P06,W116_V07_P06,W116_V08_P06,requirement
W116,P07,W116_V07_P07,W116_V08_P07,policy
W116,P08,W116_V07_P08,W116_V08_P08,semantic
W116,P09,W116_V07_P09,W116_V08_P09,numeric
W116,P10,W116_V07_P10,W116_V08_P10,major_semantic
W116,P01,W116_V08_P01,W116_V09_P01,semantic
W116,P02,W116_V08_P02,W116_V09_P02,numeric
W116,P03,W116_V08_P03,W116_V09_P03,major_semantic
W116,P04,W116_V08_P04,W116_V09_P04,reordering
W116,P05,W116_V08_P05,W116_V09_P05,date_time
W116,P06,W116_V08_P06,W116_V09_P06,deletion
W116,P07,W116_V08_P07,W116_V09_P07,addition
W116,P08,W116_V08_P08,W116_V09_P08,requirement
W116,P09,W116_V08_P09,W116_V09_P09,policy
W116,P10,W116_V08_P10,W116_V09_P10,semantic
W116,P01,W116_V09_P01,W116_V10_P01,requirement
W116,P02,W116_V09_P02,W116_V10_P02,policy
W116,P03,W116_V09_P03,W116_V10_P03,semantic
W116,P04,W116_V09_P04,W116_V10_P04,numeric
W116,P05,W116_V09_P05,W116_V10_P05,major_semantic
W116,P06,W116_V09_P06,W116_V10_P06,reordering
W116,P07,W116_V09_P07,W116_V10_P07,date_time
W116,P08,W116_V09_P08,W116_V10_P08,deletion
W116,P09,W116_V09_P09,W116_V10_P09,addition
W116,P10,W116_V09_P10,W116_V10_P10,requirement
W117,P01,W117_V01_P01,W117_V02_P01,addition
W117,P02,W117_V01_P02,W117_V02_P02,requirement
W117,P03,W117_V01_P03,W117_V02_P03,policy
W117,P04,W117_V01_P04,W117_V02_P04,semantic
W117,P05,W117_V01_P05,W117_V02_P05,numeric
W117,P06,W117_V01_P06,W117_V02_P06,major_semantic
W117,P07,W117_V01_P07,W117_V02_P07,reordering
W117,P08,W117_V01_P08,W117_V02_P08,date_time
W117,P09,W117_V01_P09,W117_V02_P09,deletion
W117,P10,W117_V01_P10,W117_V02_P10,addition
W117,P01,W117_V02_P01,W117_V03_P01,date_time
W117,P02,W117_V02_P02,W117_V03_P02,deletion
W117,P03,W117_V02_P03,W117_V03_P03,addition
W117,P04,W117_V02_P04,W117_V03_P04,requirement
W117,P05,W117_V02_P05,W117_V03_P05,policy
W117,P06,W117_V02_P06,W117_V03_P06,semantic
W117,P07,W117_V02_P07,W117_V03_P07,numeric
W117,P08,W117_V02_P08,W117_V03_P08,major_semantic
W117,P09,W117_V02_P09,W117_V03_P09,reordering
W117,P10,W117_V02_P10,W117_V03_P10,date_time
W117,P01,W117_V03_P01,W117_V04_P01,major_semantic
W117,P02,W117_V03_P02,W117_V04_P02,reordering
W117,P03,W117_V03_P03,W117_V04_P03,date_time
W117,P04,W117_V03_P04,W117_V04_P04,deletion
W117,P05,W117_V03_P05,W117_V04_P05,addition
W117,P06,W117_V03_P06,W117_V04_P06,requirement
W117,P07,W117_V03_P07,W117_V04_P07,policy
W117,P08,W117_V03_P08,W117_V04_P08,semantic
W117,P09,W117_V03_P09,W117_V04_P09,numeric
W117,P10,W117_V03_P10,W117_V04_P10,major_semantic
W117,P01,W117_V04_P01,W117_V05_P01,semantic
W117,P02,W117_V04_P02,W117_V05_P02,numeric
W117,P03,W117_V04_P03,W117_V05_P03,major_semantic
W117,P04,W117_V04_P04,W117_V05_P04,reordering
W117,P05,W117_V04_P05,W117_V05_P05,date_time
W117,P06,W117_V04_P06,W117_V05_P06,deletion
W117,P07,W117_V04_P07,W117_V05_P07,addition
W117,P08,W117_V04_P08,W117_V05_P08,requirement
W117,P09,W117_V04_P09,W117_V05_P09,policy
W117,P10,W117_V04_P10,W117_V05_P10,semantic
W117,P01,W117_V05_P01,W117_V06_P01,requirement
W117,P02,W117_V05_P02,W117_V06_P02,policy
W117,P03,W117_V05_P03,W117_V06_P03,semantic
W117,P04,W117_V05_P04,W117_V06_P04,numeric
W117,P05,W117_V05_P05,W117_V06_P05,major_semantic
W117,P06,W117_V05_P06,W117_V06_P06,reordering
W117,P07,W117_V05_P07,W117_V06_P07,date_time
W117,P08,W117_V05_P08,W117_V06_P08,deletion
W117,P09,W117_V05_P09,W117_V06_P09,addition
W117,P10,W117_V05_P10,W117_V06_P10,requirement
W117,P01,W117_V06_P01,W117_V07_P01,deletion
W117,P02,W117_V06_P02,W117_V07_P02,addition
W117,P03,W117_V06_P03,W117_V07_P03,requirement
W117,P04,W117_V06_P04,W117_V07_P04,policy
W117,P05,W117_V06_P05,W117_V07_P05,semantic
W117,P06,W117_V06_P06,W117_V07_P06,numeric
W117,P07,W117_V06_P07,W117_V07_P07,major_semantic
W117,P08,W117_V06_P08,W117_V07_P08,reordering
W117,P09,W117_V06_P09,W117_V07_P09,date_time
W117,P10,W117_V06_P10,W117_V07_P10,deletion
W117,P01,W117_V07_P01,W117_V08_P01,reordering
W117,P02,W117_V07_P02,W117_V08_P02,date_time
W117,P03,W117_V07_P03,W117_V08_P03,deletion
W117,P04,W117_V07_P04,W117_V08_P04,addition
W117,P05,W117_V07_P05,W117_V08_P05,requirement
W117,P06,W117_V07_P06,W117_V08_P06,policy
W117,P07,W117_V07_P07,W117_V08_P07,semantic
W117,P08,W117_V07_P08,W117_V08_P08,numeric
W117,P09,W117_V07_P09,W117_V08_P09,major_semantic
W117,P10,W117_V07_P10,W117_V08_P10,reordering
W117,P01,W117_V08_P01,W117_V09_P01,numeric
W117,P02,W117_V08_P02,W117_V09_P02,major_semantic
W117,P03,W117_V08_P03,W117_V09_P03,reordering
W117,P04,W117_V08_P04,W117_V09_P04,date_time
W117,P05,W117_V08_P05,W117_V09_P05,deletion
W117,P06,W117_V08_P06,W117_V09_P06,addition
W117,P07,W117_V08_P07,W117_V09_P07,requirement
W117,P08,W117_V08_P08,W117_V09_P08,policy
W117,P09,W117_V08_P09,W117_V09_P09,semantic
W117,P10,W117_V08_P10,W117_V09_P10,numeric
W117,P01,W117_V09_P01,W117_V10_P01,policy
W117,P02,W117_V09_P02,W117_V10_P02,semantic
W117,P03,W117_V09_P03,W117_V10_P03,numeric
W117,P04,W117_V09_P04,W117_V10_P04,major_semantic
W117,P05,W117_V09_P05,W117_V10_P05,reordering
W117,P06,W117_V09_P06,W117_V10_P06,date_time
W117,P07,W117_V09_P07,W117_V10_P07,deletion
W117,P08,W117_V09_P08,W117_V10_P08,addition
W117,P09,W117_V09_P09,W117_V10_P09,requirement
W117,P10,W117_V09_P10,W117_V10_P10,policy
W118,P01,W118_V01_P01,W118_V02_P01,requirement
W118,P02,W118_V01_P02,W118_V02_P02,policy
W118,P03,W118_V01_P03,W118_V02_P03,semantic
W118,P04,W118_V01_P04,W118_V02_P04,numeric
W118,P05,W118_V01_P05,W118_V02_P05,major_semantic
W118,P06,W118_V01_P06,W118_V02_P06,reordering
W118,P07,W118_V01_P07,W118_V02_P07,date_time
W118,P08,W118_V01_P08,W118_V02_P08,deletion
W118,P09,W118_V01_P09,W118_V02_P09,addition
W118,P10,W118_V01_P10,W118_V02_P10,requirement
W118,P01,W118_V02_P01,W118_V03_P01,deletion
W118,P02,W118_V02_P02,W118_V03_P02,addition
W118,P03,W118_V02_P03,W118_V03_P03,requirement
W118,P04,W118_V02_P04,W118_V03_P04,policy
W118,P05,W118_V02_P05,W118_V03_P05,semantic
W118,P06,W118_V02_P06,W118_V03_P06,numeric
W118,P07,W118_V02_P07,W118_V03_P07,major_semantic
W118,P08,W118_V02_P08,W118_V03_P08,reordering
W118,P09,W118_V02_P09,W118_V03_P09,date_time
W118,P10,W118_V02_P10,W118_V03_P10,deletion
W118,P01,W118_V03_P01,W118_V04_P01,reordering
W118,P02,W118_V03_P02,W118_V04_P02,date_time
W118,P03,W118_V03_P03,W118_V04_P03,deletion
W118,P04,W118_V03_P04,W118_V04_P04,addition
W118,P05,W118_V03_P05,W118_V04_P05,requirement
W118,P06,W118_V03_P06,W118_V04_P06,policy
W118,P07,W118_V03_P07,W118_V04_P07,semantic
W118,P08,W118_V03_P08,W118_V04_P08,numeric
W118,P09,W118_V03_P09,W118_V04_P09,major_semantic
W118,P10,W118_V03_P10,W118_V04_P10,reordering
W118,P01,W118_V04_P01,W118_V05_P01,numeric
W118,P02,W118_V04_P02,W118_V05_P02,major_semantic
W118,P03,W118_V04_P03,W118_V05_P03,reordering
W118,P04,W118_V04_P04,W118_V05_P04,date_time
W118,P05,W118_V04_P05,W118_V05_P05,deletion
W118,P06,W118_V04_P06,W118_V05_P06,addition
W118,P07,W118_V04_P07,W118_V05_P07,requirement
W118,P08,W118_V04_P08,W118_V05_P08,policy
W118,P09,W118_V04_P09,W118_V05_P09,semantic
W118,P10,W118_V04_P10,W118_V05_P10,numeric
W118,P01,W118_V05_P01,W118_V06_P01,policy
W118,P02,W118_V05_P02,W118_V06_P02,semantic
W118,P03,W118_V05_P03,W118_V06_P03,numeric
W118,P04,W118_V05_P04,W118_V06_P04,major_semantic
W118,P05,W118_V05_P05,W118_V06_P05,reordering
W118,P06,W118_V05_P06,W118_V06_P06,date_time
W118,P07,W118_V05_P07,W118_V06_P07,deletion
W118,P08,W118_V05_P08,W118_V06_P08,addition
W118,P09,W118_V05_P09,W118_V06_P09,requirement
W118,P10,W118_V05_P10,W118_V06_P10,policy
W118,P01,W118_V06_P01,W118_V07_P01,addition
W118,P02,W118_V06_P02,W118_V07_P02,requirement
W118,P03,W118_V06_P03,W118_V07_P03,policy
W118,P04,W118_V06_P04,W118_V07_P04,semantic
W118,P05,W118_V06_P05,W118_V07_P05,numeric
W118,P06,W118_V06_P06,W118_V07_P06,major_semantic
W118,P07,W118_V06_P07,W118_V07_P07,reordering
W118,P08,W118_V06_P08,W118_V07_P08,date_time
W118,P09,W118_V06_P09,W118_V07_P09,deletion
W118,P10,W118_V06_P10,W118_V07_P10,addition
W118,P01,W118_V07_P01,W118_V08_P01,date_time
W118,P02,W118_V07_P02,W118_V08_P02,deletion
W118,P03,W118_V07_P03,W118_V08_P03,addition
W118,P04,W118_V07_P04,W118_V08_P04,requirement
W118,P05,W118_V07_P05,W118_V08_P05,policy
W118,P06,W118_V07_P06,W118_V08_P06,semantic
W118,P07,W118_V07_P07,W118_V08_P07,numeric
W118,P08,W118_V07_P08,W118_V08_P08,major_semantic
W118,P09,W118_V07_P09,W118_V08_P09,reordering
W118,P10,W118_V07_P10,W118_V08_P10,date_time
W118,P01,W118_V08_P01,W118_V09_P01,major_semantic
W118,P02,W118_V08_P02,W118_V09_P02,reordering
W118,P03,W118_V08_P03,W118_V09_P03,date_time
W118,P04,W118_V08_P04,W118_V09_P04,deletion
W118,P05,W118_V08_P05,W118_V09_P05,addition
W118,P06,W118_V08_P06,W118_V09_P06,requirement
W118,P07,W118_V08_P07,W118_V09_P07,policy
W118,P08,W118_V08_P08,W118_V09_P08,semantic
W118,P09,W118_V08_P09,W118_V09_P09,numeric
W118,P10,W118_V08_P10,W118_V09_P10,major_semantic
W118,P01,W118_V09_P01,W118_V10_P01,semantic
W118,P02,W118_V09_P02,W118_V10_P02,numeric
W118,P03,W118_V09_P03,W118_V10_P03,major_semantic
W118,P04,W118_V09_P04,W118_V10_P04,reordering
W118,P05,W118_V09_P05,W118_V10_P05,date_time
W118,P06,W118_V09_P06,W118_V10_P06,deletion
W118,P07,W118_V09_P07,W118_V10_P07,addition
W118,P08,W118_V09_P08,W118_V10_P08,requirement
W118,P09,W118_V09_P09,W118_V10_P09,policy
W118,P10,W118_V09_P10,W118_V10_P10,semantic
W119,P01,W119_V01_P01,W119_V02_P01,policy
W119,P02,W119_V01_P02,W119_V02_P02,semantic
W119,P03,W119_V01_P03,W119_V02_P03,numeric
W119,P04,W119_V01_P04,W119_V02_P04,major_semantic
W119,P05,W119_V01_P05,W119_V02_P05,reordering
W119,P06,W119_V01_P06,W119_V02_P06,date_time
W119,P07,W119_V01_P07,W119_V02_P07,deletion
W119,P08,W119_V01_P08,W119_V02_P08,addition
W119,P09,W119_V01_P09,W119_V02_P09,requirement
W119,P10,W119_V01_P10,W119_V02_P10,policy
W119,P01,W119_V02_P01,W119_V03_P01,addition
W119,P02,W119_V02_P02,W119_V03_P02,requirement
W119,P03,W119_V02_P03,W119_V03_P03,policy
W119,P04,W119_V02_P04,W119_V03_P04,semantic
W119,P05,W119_V02_P05,W119_V03_P05,numeric
W119,P06,W119_V02_P06,W119_V03_P06,major_semantic
W119,P07,W119_V02_P07,W119_V03_P07,reordering
W119,P08,W119_V02_P08,W119_V03_P08,date_time
W119,P09,W119_V02_P09,W119_V03_P09,deletion
W119,P10,W119_V02_P10,W119_V03_P10,addition
W119,P01,W119_V03_P01,W119_V04_P01,date_time
W119,P02,W119_V03_P02,W119_V04_P02,deletion
W119,P03,W119_V03_P03,W119_V04_P03,addition
W119,P04,W119_V03_P04,W119_V04_P04,requirement
W119,P05,W119_V03_P05,W119_V04_P05,policy
W119,P06,W119_V03_P06,W119_V04_P06,semantic
W119,P07,W119_V03_P07,W119_V04_P07,numeric
W119,P08,W119_V03_P08,W119_V04_P08,major_semantic
W119,P09,W119_V03_P09,W119_V04_P09,reordering
W119,P10,W119_V03_P10,W119_V04_P10,date_time
W119,P01,W119_V04_P01,W119_V05_P01,major_semantic
W119,P02,W119_V04_P02,W119_V05_P02,reordering
W119,P03,W119_V04_P03,W119_V05_P03,date_time
W119,P04,W119_V04_P04,W119_V05_P04,deletion
W119,P05,W119_V04_P05,W119_V05_P05,addition
W119,P06,W119_V04_P06,W119_V05_P06,requirement
W119,P07,W119_V04_P07,W119_V05_P07,policy
W119,P08,W119_V04_P08,W119_V05_P08,semantic
W119,P09,W119_V04_P09,W119_V05_P09,numeric
W119,P10,W119_V04_P10,W119_V05_P10,major_semantic
W119,P01,W119_V05_P01,W119_V06_P01,semantic
W119,P02,W119_V05_P02,W119_V06_P02,numeric
W119,P03,W119_V05_P03,W119_V06_P03,major_semantic
W119,P04,W119_V05_P04,W119_V06_P04,reordering
W119,P05,W119_V05_P05,W119_V06_P05,date_time
W119,P06,W119_V05_P06,W119_V06_P06,deletion
W119,P07,W119_V05_P07,W119_V06_P07,addition
W119,P08,W119_V05_P08,W119_V06_P08,requirement
W119,P09,W119_V05_P09,W119_V06_P09,policy
W119,P10,W119_V05_P10,W119_V06_P10,semantic
W119,P01,W119_V06_P01,W119_V07_P01,requirement
W119,P02,W119_V06_P02,W119_V07_P02,policy
W119,P03,W119_V06_P03,W119_V07_P03,semantic
W119,P04,W119_V06_P04,W119_V07_P04,numeric
W119,P05,W119_V06_P05,W119_V07_P05,major_semantic
W119,P06,W119_V06_P06,W119_V07_P06,reordering
W119,P07,W119_V06_P07,W119_V07_P07,date_time
W119,P08,W119_V06_P08,W119_V07_P08,deletion
W119,P09,W119_V06_P09,W119_V07_P09,addition
W119,P10,W119_V06_P10,W119_V07_P10,requirement
W119,P01,W119_V07_P01,W119_V08_P01,deletion
W119,P02,W119_V07_P02,W119_V08_P02,addition
W119,P03,W119_V07_P03,W119_V08_P03,requirement
W119,P04,W119_V07_P04,W119_V08_P04,policy
W119,P05,W119_V07_P05,W119_V08_P05,semantic
W119,P06,W119_V07_P06,W119_V08_P06,numeric
W119,P07,W119_V07_P07,W119_V08_P07,major_semantic
W119,P08,W119_V07_P08,W119_V08_P08,reordering
W119,P09,W119_V07_P09,W119_V08_P09,date_time
W119,P10,W119_V07_P10,W119_V08_P10,deletion
W119,P01,W119_V08_P01,W119_V09_P01,reordering
W119,P02,W119_V08_P02,W119_V09_P02,date_time
W119,P03,W119_V08_P03,W119_V09_P03,deletion
W119,P04,W119_V08_P04,W119_V09_P04,addition
W119,P05,W119_V08_P05,W119_V09_P05,requirement
W119,P06,W119_V08_P06,W119_V09_P06,policy
W119,P07,W119_V08_P07,W119_V09_P07,semantic
W119,P08,W119_V08_P08,W119_V09_P08,numeric
W119,P09,W119_V08_P09,W119_V09_P09,major_semantic
W119,P10,W119_V08_P10,W119_V09_P10,reordering
W119,P01,W119_V09_P01,W119_V10_P01,numeric
W119,P02,W119_V09_P02,W119_V10_P02,major_semantic
W119,P03,W119_V09_P03,W119_V10_P03,reordering
W119,P04,W119_V09_P04,W119_V10_P04,date_time
W119,P05,W119_V09_P05,W119_V10_P05,deletion
W119,P06,W119_V09_P06,W119_V10_P06,addition
W119,P07,W119_V09_P07,W119_V10_P07,requirement
W119,P08,W119_V09_P08,W119_V10_P08,policy
W119,P09,W119_V09_P09,W119_V10_P09,semantic
W119,P10,W119_V09_P10,W119_V10_P10,numeric
W120,P01,W120_V01_P01,W120_V02_P01,semantic
W120,P02,W120_V01_P02,W120_V02_P02,numeric
W120,P03,W120_V01_P03,W120_V02_P03,major_semantic
W120,P04,W120_V01_P04,W120_V02_P04,reordering
W120,P05,W120_V01_P05,W120_V02_P05,date_time
W120,P06,W120_V01_P06,W120_V02_P06,deletion
W120,P07,W120_V01_P07,W120_V02_P07,addition
W120,P08,W120_V01_P08,W120_V02_P08,requirement
W120,P09,W120_V01_P09,W120_V02_P09,policy
W120,P10,W120_V01_P10,W120_V02_P10,semantic
W120,P01,W120_V02_P01,W120_V03_P01,requirement
W120,P02,W120_V02_P02,W120_V03_P02,policy
W120,P03,W120_V02_P03,W120_V03_P03,semantic
W120,P04,W120_V02_P04,W120_V03_P04,numeric
W120,P05,W120_V02_P05,W120_V03_P05,major_semantic
W120,P06,W120_V02_P06,W120_V03_P06,reordering
W120,P07,W120_V02_P07,W120_V03_P07,date_time
W120,P08,W120_V02_P08,W120_V03_P08,deletion
W120,P09,W120_V02_P09,W120_V03_P09,addition
W120,P10,W120_V02_P10,W120_V03_P10,requirement
W120,P01,W120_V03_P01,W120_V04_P01,deletion
W120,P02,W120_V03_P02,W120_V04_P02,addition
W120,P03,W120_V03_P03,W120_V04_P03,requirement
W120,P04,W120_V03_P04,W120_V04_P04,policy
W120,P05,W120_V03_P05,W120_V04_P05,semantic
W120,P06,W120_V03_P06,W120_V04_P06,numeric
W120,P07,W120_V03_P07,W120_V04_P07,major_semantic
W120,P08,W120_V03_P08,W120_V04_P08,reordering
W120,P09,W120_V03_P09,W120_V04_P09,date_time
W120,P10,W120_V03_P10,W120_V04_P10,deletion
W120,P01,W120_V04_P01,W120_V05_P01,reordering
W120,P02,W120_V04_P02,W120_V05_P02,date_time
W120,P03,W120_V04_P03,W120_V05_P03,deletion
W120,P04,W120_V04_P04,W120_V05_P04,addition
W120,P05,W120_V04_P05,W120_V05_P05,requirement
W120,P06,W120_V04_P06,W120_V05_P06,policy
W120,P07,W120_V04_P07,W120_V05_P07,semantic
W120,P08,W120_V04_P08,W120_V05_P08,numeric
W120,P09,W120_V04_P09,W120_V05_P09,major_semantic
W120,P10,W120_V04_P10,W120_V05_P10,reordering
W120,P01,W120_V05_P01,W120_V06_P01,numeric
W120,P02,W120_V05_P02,W120_V06_P02,major_semantic
W120,P03,W120_V05_P03,W120_V06_P03,reordering
W120,P04,W120_V05_P04,W120_V06_P04,date_time
W120,P05,W120_V05_P05,W120_V06_P05,deletion
W120,P06,W120_V05_P06,W120_V06_P06,addition
W120,P07,W120_V05_P07,W120_V06_P07,requirement
W120,P08,W120_V05_P08,W120_V06_P08,policy
W120,P09,W120_V05_P09,W120_V06_P09,semantic
W120,P10,W120_V05_P10,W120_V06_P10,numeric
W120,P01,W120_V06_P01,W120_V07_P01,policy
W120,P02,W120_V06_P02,W120_V07_P02,semantic
W120,P03,W120_V06_P03,W120_V07_P03,numeric
W120,P04,W120_V06_P04,W120_V07_P04,major_semantic
W120,P05,W120_V06_P05,W120_V07_P05,reordering
W120,P06,W120_V06_P06,W120_V07_P06,date_time
W120,P07,W120_V06_P07,W120_V07_P07,deletion
W120,P08,W120_V06_P08,W120_V07_P08,addition
W120,P09,W120_V06_P09,W120_V07_P09,requirement
W120,P10,W120_V06_P10,W120_V07_P10,policy
W120,P01,W120_V07_P01,W120_V08_P01,addition
W120,P02,W120_V07_P02,W120_V08_P02,requirement
W120,P03,W120_V07_P03,W120_V08_P03,policy
W120,P04,W120_V07_P04,W120_V08_P04,semantic
W120,P05,W120_V07_P05,W120_V08_P05,numeric
W120,P06,W120_V07_P06,W120_V08_P06,major_semantic
W120,P07,W120_V07_P07,W120_V08_P07,reordering
W120,P08,W120_V07_P08,W120_V08_P08,date_time
W120,P09,W120_V07_P09,W120_V08_P09,deletion
W120,P10,W120_V07_P10,W120_V08_P10,addition
W120,P01,W120_V08_P01,W120_V09_P01,date_time
W120,P02,W120_V08_P02,W120_V09_P02,deletion
W120,P03,W120_V08_P03,W120_V09_P03,addition
W120,P04,W120_V08_P04,W120_V09_P04,requirement
W120,P05,W120_V08_P05,W120_V09_P05,policy
W120,P06,W120_V08_P06,W120_V09_P06,semantic
W120,P07,W120_V08_P07,W120_V09_P07,numeric
W120,P08,W120_V08_P08,W120_V09_P08,major_semantic
W120,P09,W120_V08_P09,W120_V09_P09,reordering
W120,P10,W120_V08_P10,W120_V09_P10,date_time
W120,P01,W120_V09_P01,W120_V10_P01,major_semantic
W120,P02,W120_V09_P02,W120_V10_P02,reordering
W120,P03,W120_V09_P03,W120_V10_P03,date_time
W120,P04,W120_V09_P04,W120_V10_P04,deletion
W120,P05,W120_V09_P05,W120_V10_P05,addition
W120,P06,W120_V09_P06,W120_V10_P06,requirement
W120,P07,W120_V09_P07,W120_V10_P07,policy
W120,P08,W120_V09_P08,W120_V10_P08,semantic
W120,P09,W120_V09_P09,W120_V10_P09,numeric
W120,P10,W120_V09_P10,W120_V10_P10,major_semantic
W121,P01,W121_V01_P01,W121_V02_P01,numeric
W121,P02,W121_V01_P02,W121_V02_P02,major_semantic
W121,P03,W121_V01_P03,W121_V02_P03,reordering
W121,P04,W121_V01_P04,W121_V02_P04,date_time
W121,P05,W121_V01_P05,W121_V02_P05,deletion
W121,P06,W121_V01_P06,W121_V02_P06,addition
W121,P07,W121_V01_P07,W121_V02_P07,requirement
W121,P08,W121_V01_P08,W121_V02_P08,policy
W121,P09,W121_V01_P09,W121_V02_P09,semantic
W121,P10,W121_V01_P10,W121_V02_P10,numeric
W121,P01,W121_V02_P01,W121_V03_P01,policy
W121,P02,W121_V02_P02,W121_V03_P02,semantic
W121,P03,W121_V02_P03,W121_V03_P03,numeric
W121,P04,W121_V02_P04,W121_V03_P04,major_semantic
W121,P05,W121_V02_P05,W121_V03_P05,reordering
W121,P06,W121_V02_P06,W121_V03_P06,date_time
W121,P07,W121_V02_P07,W121_V03_P07,deletion
W121,P08,W121_V02_P08,W121_V03_P08,addition
W121,P09,W121_V02_P09,W121_V03_P09,requirement
W121,P10,W121_V02_P10,W121_V03_P10,policy
W121,P01,W121_V03_P01,W121_V04_P01,addition
W121,P02,W121_V03_P02,W121_V04_P02,requirement
W121,P03,W121_V03_P03,W121_V04_P03,policy
W121,P04,W121_V03_P04,W121_V04_P04,semantic
W121,P05,W121_V03_P05,W121_V04_P05,numeric
W121,P06,W121_V03_P06,W121_V04_P06,major_semantic
W121,P07,W121_V03_P07,W121_V04_P07,reordering
W121,P08,W121_V03_P08,W121_V04_P08,date_time
W121,P09,W121_V03_P09,W121_V04_P09,deletion
W121,P10,W121_V03_P10,W121_V04_P10,addition
W121,P01,W121_V04_P01,W121_V05_P01,date_time
W121,P02,W121_V04_P02,W121_V05_P02,deletion
W121,P03,W121_V04_P03,W121_V05_P03,addition
W121,P04,W121_V04_P04,W121_V05_P04,requirement
W121,P05,W121_V04_P05,W121_V05_P05,policy
W121,P06,W121_V04_P06,W121_V05_P06,semantic
W121,P07,W121_V04_P07,W121_V05_P07,numeric
W121,P08,W121_V04_P08,W121_V05_P08,major_semantic
W121,P09,W121_V04_P09,W121_V05_P09,reordering
W121,P10,W121_V04_P10,W121_V05_P10,date_time
W121,P01,W121_V05_P01,W121_V06_P01,major_semantic
W121,P02,W121_V05_P02,W121_V06_P02,reordering
W121,P03,W121_V05_P03,W121_V06_P03,date_time
W121,P04,W121_V05_P04,W121_V06_P04,deletion
W121,P05,W121_V05_P05,W121_V06_P05,addition
W121,P06,W121_V05_P06,W121_V06_P06,requirement
W121,P07,W121_V05_P07,W121_V06_P07,policy
W121,P08,W121_V05_P08,W121_V06_P08,semantic
W121,P09,W121_V05_P09,W121_V06_P09,numeric
W121,P10,W121_V05_P10,W121_V06_P10,major_semantic
W121,P01,W121_V06_P01,W121_V07_P01,semantic
W121,P02,W121_V06_P02,W121_V07_P02,numeric
W121,P03,W121_V06_P03,W121_V07_P03,major_semantic
W121,P04,W121_V06_P04,W121_V07_P04,reordering
W121,P05,W121_V06_P05,W121_V07_P05,date_time
W121,P06,W121_V06_P06,W121_V07_P06,deletion
W121,P07,W121_V06_P07,W121_V07_P07,addition
W121,P08,W121_V06_P08,W121_V07_P08,requirement
W121,P09,W121_V06_P09,W121_V07_P09,policy
W121,P10,W121_V06_P10,W121_V07_P10,semantic
W121,P01,W121_V07_P01,W121_V08_P01,requirement
W121,P02,W121_V07_P02,W121_V08_P02,policy
W121,P03,W121_V07_P03,W121_V08_P03,semantic
W121,P04,W121_V07_P04,W121_V08_P04,numeric
W121,P05,W121_V07_P05,W121_V08_P05,major_semantic
W121,P06,W121_V07_P06,W121_V08_P06,reordering
W121,P07,W121_V07_P07,W121_V08_P07,date_time
W121,P08,W121_V07_P08,W121_V08_P08,deletion
W121,P09,W121_V07_P09,W121_V08_P09,addition
W121,P10,W121_V07_P10,W121_V08_P10,requirement
W121,P01,W121_V08_P01,W121_V09_P01,deletion
W121,P02,W121_V08_P02,W121_V09_P02,addition
W121,P03,W121_V08_P03,W121_V09_P03,requirement
W121,P04,W121_V08_P04,W121_V09_P04,policy
W121,P05,W121_V08_P05,W121_V09_P05,semantic
W121,P06,W121_V08_P06,W121_V09_P06,numeric
W121,P07,W121_V08_P07,W121_V09_P07,major_semantic
W121,P08,W121_V08_P08,W121_V09_P08,reordering
W121,P09,W121_V08_P09,W121_V09_P09,date_time
W121,P10,W121_V08_P10,W121_V09_P10,deletion
W121,P01,W121_V09_P01,W121_V10_P01,reordering
W121,P02,W121_V09_P02,W121_V10_P02,date_time
W121,P03,W121_V09_P03,W121_V10_P03,deletion
W121,P04,W121_V09_P04,W121_V10_P04,addition
W121,P05,W121_V09_P05,W121_V10_P05,requirement
W121,P06,W121_V09_P06,W121_V10_P06,policy
W121,P07,W121_V09_P07,W121_V10_P07,semantic
W121,P08,W121_V09_P08,W121_V10_P08,numeric
W121,P09,W121_V09_P09,W121_V10_P09,major_semantic
W121,P10,W121_V09_P10,W121_V10_P10,reordering
W122,P01,W122_V01_P01,W122_V02_P01,major_semantic
W122,P02,W122_V01_P02,W122_V02_P02,reordering
W122,P03,W122_V01_P03,W122_V02_P03,date_time
W122,P04,W122_V01_P04,W122_V02_P04,deletion
W122,P05,W122_V01_P05,W122_V02_P05,addition
W122,P06,W122_V01_P06,W122_V02_P06,requirement
W122,P07,W122_V01_P07,W122_V02_P07,policy
W122,P08,W122_V01_P08,W122_V02_P08,semantic
W122,P09,W122_V01_P09,W122_V02_P09,numeric
W122,P10,W122_V01_P10,W122_V02_P10,major_semantic
W122,P01,W122_V02_P01,W122_V03_P01,semantic
W122,P02,W122_V02_P02,W122_V03_P02,numeric
W122,P03,W122_V02_P03,W122_V03_P03,major_semantic
W122,P04,W122_V02_P04,W122_V03_P04,reordering
W122,P05,W122_V02_P05,W122_V03_P05,date_time
W122,P06,W122_V02_P06,W122_V03_P06,deletion
W122,P07,W122_V02_P07,W122_V03_P07,addition
W122,P08,W122_V02_P08,W122_V03_P08,requirement
W122,P09,W122_V02_P09,W122_V03_P09,policy
W122,P10,W122_V02_P10,W122_V03_P10,semantic
W122,P01,W122_V03_P01,W122_V04_P01,requirement
W122,P02,W122_V03_P02,W122_V04_P02,policy
W122,P03,W122_V03_P03,W122_V04_P03,semantic
W122,P04,W122_V03_P04,W122_V04_P04,numeric
W122,P05,W122_V03_P05,W122_V04_P05,major_semantic
W122,P06,W122_V03_P06,W122_V04_P06,reordering
W122,P07,W122_V03_P07,W122_V04_P07,date_time
W122,P08,W122_V03_P08,W122_V04_P08,deletion
W122,P09,W122_V03_P09,W122_V04_P09,addition
W122,P10,W122_V03_P10,W122_V04_P10,requirement
W122,P01,W122_V04_P01,W122_V05_P01,deletion
W122,P02,W122_V04_P02,W122_V05_P02,addition
W122,P03,W122_V04_P03,W122_V05_P03,requirement
W122,P04,W122_V04_P04,W122_V05_P04,policy
W122,P05,W122_V04_P05,W122_V05_P05,semantic
W122,P06,W122_V04_P06,W122_V05_P06,numeric
W122,P07,W122_V04_P07,W122_V05_P07,major_semantic
W122,P08,W122_V04_P08,W122_V05_P08,reordering
W122,P09,W122_V04_P09,W122_V05_P09,date_time
W122,P10,W122_V04_P10,W122_V05_P10,deletion
W122,P01,W122_V05_P01,W122_V06_P01,reordering
W122,P02,W122_V05_P02,W122_V06_P02,date_time
W122,P03,W122_V05_P03,W122_V06_P03,deletion
W122,P04,W122_V05_P04,W122_V06_P04,addition
W122,P05,W122_V05_P05,W122_V06_P05,requirement
W122,P06,W122_V05_P06,W122_V06_P06,policy
W122,P07,W122_V05_P07,W122_V06_P07,semantic
W122,P08,W122_V05_P08,W122_V06_P08,numeric
W122,P09,W122_V05_P09,W122_V06_P09,major_semantic
W122,P10,W122_V05_P10,W122_V06_P10,reordering
W122,P01,W122_V06_P01,W122_V07_P01,numeric
W122,P02,W122_V06_P02,W122_V07_P02,major_semantic
W122,P03,W122_V06_P03,W122_V07_P03,reordering
W122,P04,W122_V06_P04,W122_V07_P04,date_time
W122,P05,W122_V06_P05,W122_V07_P05,deletion
W122,P06,W122_V06_P06,W122_V07_P06,addition
W122,P07,W122_V06_P07,W122_V07_P07,requirement
W122,P08,W122_V06_P08,W122_V07_P08,policy
W122,P09,W122_V06_P09,W122_V07_P09,semantic
W122,P10,W122_V06_P10,W122_V07_P10,numeric
W122,P01,W122_V07_P01,W122_V08_P01,policy
W122,P02,W122_V07_P02,W122_V08_P02,semantic
W122,P03,W122_V07_P03,W122_V08_P03,numeric
W122,P04,W122_V07_P04,W122_V08_P04,major_semantic
W122,P05,W122_V07_P05,W122_V08_P05,reordering
W122,P06,W122_V07_P06,W122_V08_P06,date_time
W122,P07,W122_V07_P07,W122_V08_P07,deletion
W122,P08,W122_V07_P08,W122_V08_P08,addition
W122,P09,W122_V07_P09,W122_V08_P09,requirement
W122,P10,W122_V07_P10,W122_V08_P10,policy
W122,P01,W122_V08_P01,W122_V09_P01,addition
W122,P02,W122_V08_P02,W122_V09_P02,requirement
W122,P03,W122_V08_P03,W122_V09_P03,policy
W122,P04,W122_V08_P04,W122_V09_P04,semantic
W122,P05,W122_V08_P05,W122_V09_P05,numeric
W122,P06,W122_V08_P06,W122_V09_P06,major_semantic
W122,P07,W122_V08_P07,W122_V09_P07,reordering
W122,P08,W122_V08_P08,W122_V09_P08,date_time
W122,P09,W122_V08_P09,W122_V09_P09,deletion
W122,P10,W122_V08_P10,W122_V09_P10,addition
W122,P01,W122_V09_P01,W122_V10_P01,date_time
W122,P02,W122_V09_P02,W122_V10_P02,deletion
W122,P03,W122_V09_P03,W122_V10_P03,addition
W122,P04,W122_V09_P04,W122_V10_P04,requirement
W122,P05,W122_V09_P05,W122_V10_P05,policy
W122,P06,W122_V09_P06,W122_V10_P06,semantic
W122,P07,W122_V09_P07,W122_V10_P07,numeric
W122,P08,W122_V09_P08,W122_V10_P08,major_semantic
W122,P09,W122_V09_P09,W122_V10_P09,reordering
W122,P10,W122_V09_P10,W122_V10_P10,date_time
W123,P01,W123_V01_P01,W123_V02_P01,reordering
W123,P02,W123_V01_P02,W123_V02_P02,date_time
W123,P03,W123_V01_P03,W123_V02_P03,deletion
W123,P04,W123_V01_P04,W123_V02_P04,addition
W123,P05,W123_V01_P05,W123_V02_P05,requirement
W123,P06,W123_V01_P06,W123_V02_P06,policy
W123,P07,W123_V01_P07,W123_V02_P07,semantic
W123,P08,W123_V01_P08,W123_V02_P08,numeric
W123,P09,W123_V01_P09,W123_V02_P09,major_semantic
W123,P10,W123_V01_P10,W123_V02_P10,reordering
W123,P01,W123_V02_P01,W123_V03_P01,numeric
W123,P02,W123_V02_P02,W123_V03_P02,major_semantic
W123,P03,W123_V02_P03,W123_V03_P03,reordering
W123,P04,W123_V02_P04,W123_V03_P04,date_time
W123,P05,W123_V02_P05,W123_V03_P05,deletion
W123,P06,W123_V02_P06,W123_V03_P06,addition
W123,P07,W123_V02_P07,W123_V03_P07,requirement
W123,P08,W123_V02_P08,W123_V03_P08,policy
W123,P09,W123_V02_P09,W123_V03_P09,semantic
W123,P10,W123_V02_P10,W123_V03_P10,numeric
W123,P01,W123_V03_P01,W123_V04_P01,policy
W123,P02,W123_V03_P02,W123_V04_P02,semantic
W123,P03,W123_V03_P03,W123_V04_P03,numeric
W123,P04,W123_V03_P04,W123_V04_P04,major_semantic
W123,P05,W123_V03_P05,W123_V04_P05,reordering
W123,P06,W123_V03_P06,W123_V04_P06,date_time
W123,P07,W123_V03_P07,W123_V04_P07,deletion
W123,P08,W123_V03_P08,W123_V04_P08,addition
W123,P09,W123_V03_P09,W123_V04_P09,requirement
W123,P10,W123_V03_P10,W123_V04_P10,policy
W123,P01,W123_V04_P01,W123_V05_P01,addition
W123,P02,W123_V04_P02,W123_V05_P02,requirement
W123,P03,W123_V04_P03,W123_V05_P03,policy
W123,P04,W123_V04_P04,W123_V05_P04,semantic
W123,P05,W123_V04_P05,W123_V05_P05,numeric
W123,P06,W123_V04_P06,W123_V05_P06,major_semantic
W123,P07,W123_V04_P07,W123_V05_P07,reordering
W123,P08,W123_V04_P08,W123_V05_P08,date_time
W123,P09,W123_V04_P09,W123_V05_P09,deletion
W123,P10,W123_V04_P10,W123_V05_P10,addition
W123,P01,W123_V05_P01,W123_V06_P01,date_time
W123,P02,W123_V05_P02,W123_V06_P02,deletion
W123,P03,W123_V05_P03,W123_V06_P03,addition
W123,P04,W123_V05_P04,W123_V06_P04,requirement
W123,P05,W123_V05_P05,W123_V06_P05,policy
W123,P06,W123_V05_P06,W123_V06_P06,semantic
W123,P07,W123_V05_P07,W123_V06_P07,numeric
W123,P08,W123_V05_P08,W123_V06_P08,major_semantic
W123,P09,W123_V05_P09,W123_V06_P09,reordering
W123,P10,W123_V05_P10,W123_V06_P10,date_time
W123,P01,W123_V06_P01,W123_V07_P01,major_semantic
W123,P02,W123_V06_P02,W123_V07_P02,reordering
W123,P03,W123_V06_P03,W123_V07_P03,date_time
W123,P04,W123_V06_P04,W123_V07_P04,deletion
W123,P05,W123_V06_P05,W123_V07_P05,addition
W123,P06,W123_V06_P06,W123_V07_P06,requirement
W123,P07,W123_V06_P07,W123_V07_P07,policy
W123,P08,W123_V06_P08,W123_V07_P08,semantic
W123,P09,W123_V06_P09,W123_V07_P09,numeric
W123,P10,W123_V06_P10,W123_V07_P10,major_semantic
W123,P01,W123_V07_P01,W123_V08_P01,semantic
W123,P02,W123_V07_P02,W123_V08_P02,numeric
W123,P03,W123_V07_P03,W123_V08_P03,major_semantic
W123,P04,W123_V07_P04,W123_V08_P04,reordering
W123,P05,W123_V07_P05,W123_V08_P05,date_time
W123,P06,W123_V07_P06,W123_V08_P06,deletion
W123,P07,W123_V07_P07,W123_V08_P07,addition
W123,P08,W123_V07_P08,W123_V08_P08,requirement
W123,P09,W123_V07_P09,W123_V08_P09,policy
W123,P10,W123_V07_P10,W123_V08_P10,semantic
W123,P01,W123_V08_P01,W123_V09_P01,requirement
W123,P02,W123_V08_P02,W123_V09_P02,policy
W123,P03,W123_V08_P03,W123_V09_P03,semantic
W123,P04,W123_V08_P04,W123_V09_P04,numeric
W123,P05,W123_V08_P05,W123_V09_P05,major_semantic
W123,P06,W123_V08_P06,W123_V09_P06,reordering
W123,P07,W123_V08_P07,W123_V09_P07,date_time
W123,P08,W123_V08_P08,W123_V09_P08,deletion
W123,P09,W123_V08_P09,W123_V09_P09,addition
W123,P10,W123_V08_P10,W123_V09_P10,requirement
W123,P01,W123_V09_P01,W123_V10_P01,deletion
W123,P02,W123_V09_P02,W123_V10_P02,addition
W123,P03,W123_V09_P03,W123_V10_P03,requirement
W123,P04,W123_V09_P04,W123_V10_P04,policy
W123,P05,W123_V09_P05,W123_V10_P05,semantic
W123,P06,W123_V09_P06,W123_V10_P06,numeric
W123,P07,W123_V09_P07,W123_V10_P07,major_semantic
W123,P08,W123_V09_P08,W123_V10_P08,reordering
W123,P09,W123_V09_P09,W123_V10_P09,date_time
W123,P10,W123_V09_P10,W123_V10_P10,deletion
W124,P01,W124_V01_P01,W124_V02_P01,date_time
W124,P02,W124_V01_P02,W124_V02_P02,deletion
W124,P03,W124_V01_P03,W124_V02_P03,addition
W124,P04,W124_V01_P04,W124_V02_P04,requirement
W124,P05,W124_V01_P05,W124_V02_P05,policy
W124,P06,W124_V01_P06,W124_V02_P06,semantic
W124,P07,W124_V01_P07,W124_V02_P07,numeric
W124,P08,W124_V01_P08,W124_V02_P08,major_semantic
W124,P09,W124_V01_P09,W124_V02_P09,reordering
W124,P10,W124_V01_P10,W124_V02_P10,date_time
W124,P01,W124_V02_P01,W124_V03_P01,major_semantic
W124,P02,W124_V02_P02,W124_V03_P02,reordering
W124,P03,W124_V02_P03,W124_V03_P03,date_time
W124,P04,W124_V02_P04,W124_V03_P04,deletion
W124,P05,W124_V02_P05,W124_V03_P05,addition
W124,P06,W124_V02_P06,W124_V03_P06,requirement
W124,P07,W124_V02_P07,W124_V03_P07,policy
W124,P08,W124_V02_P08,W124_V03_P08,semantic
W124,P09,W124_V02_P09,W124_V03_P09,numeric
W124,P10,W124_V02_P10,W124_V03_P10,major_semantic
W124,P01,W124_V03_P01,W124_V04_P01,semantic
W124,P02,W124_V03_P02,W124_V04_P02,numeric
W124,P03,W124_V03_P03,W124_V04_P03,major_semantic
W124,P04,W124_V03_P04,W124_V04_P04,reordering
W124,P05,W124_V03_P05,W124_V04_P05,date_time
W124,P06,W124_V03_P06,W124_V04_P06,deletion
W124,P07,W124_V03_P07,W124_V04_P07,addition
W124,P08,W124_V03_P08,W124_V04_P08,requirement
W124,P09,W124_V03_P09,W124_V04_P09,policy
W124,P10,W124_V03_P10,W124_V04_P10,semantic
W124,P01,W124_V04_P01,W124_V05_P01,requirement
W124,P02,W124_V04_P02,W124_V05_P02,policy
W124,P03,W124_V04_P03,W124_V05_P03,semantic
W124,P04,W124_V04_P04,W124_V05_P04,numeric
W124,P05,W124_V04_P05,W124_V05_P05,major_semantic
W124,P06,W124_V04_P06,W124_V05_P06,reordering
W124,P07,W124_V04_P07,W124_V05_P07,date_time
W124,P08,W124_V04_P08,W124_V05_P08,deletion
W124,P09,W124_V04_P09,W124_V05_P09,addition
W124,P10,W124_V04_P10,W124_V05_P10,requirement
W124,P01,W124_V05_P01,W124_V06_P01,deletion
W124,P02,W124_V05_P02,W124_V06_P02,addition
W124,P03,W124_V05_P03,W124_V06_P03,requirement
W124,P04,W124_V05_P04,W124_V06_P04,policy
W124,P05,W124_V05_P05,W124_V06_P05,semantic
W124,P06,W124_V05_P06,W124_V06_P06,numeric
W124,P07,W124_V05_P07,W124_V06_P07,major_semantic
W124,P08,W124_V05_P08,W124_V06_P08,reordering
W124,P09,W124_V05_P09,W124_V06_P09,date_time
W124,P10,W124_V05_P10,W124_V06_P10,deletion
W124,P01,W124_V06_P01,W124_V07_P01,reordering
W124,P02,W124_V06_P02,W124_V07_P02,date_time
W124,P03,W124_V06_P03,W124_V07_P03,deletion
W124,P04,W124_V06_P04,W124_V07_P04,addition
W124,P05,W124_V06_P05,W124_V07_P05,requirement
W124,P06,W124_V06_P06,W124_V07_P06,policy
W124,P07,W124_V06_P07,W124_V07_P07,semantic
W124,P08,W124_V06_P08,W124_V07_P08,numeric
W124,P09,W124_V06_P09,W124_V07_P09,major_semantic
W124,P10,W124_V06_P10,W124_V07_P10,reordering
W124,P01,W124_V07_P01,W124_V08_P01,numeric
W124,P02,W124_V07_P02,W124_V08_P02,major_semantic
W124,P03,W124_V07_P03,W124_V08_P03,reordering
W124,P04,W124_V07_P04,W124_V08_P04,date_time
W124,P05,W124_V07_P05,W124_V08_P05,deletion
W124,P06,W124_V07_P06,W124_V08_P06,addition
W124,P07,W124_V07_P07,W124_V08_P07,requirement
W124,P08,W124_V07_P08,W124_V08_P08,policy
W124,P09,W124_V07_P09,W124_V08_P09,semantic
W124,P10,W124_V07_P10,W124_V08_P10,numeric
W124,P01,W124_V08_P01,W124_V09_P01,policy
W124,P02,W124_V08_P02,W124_V09_P02,semantic
W124,P03,W124_V08_P03,W124_V09_P03,numeric
W124,P04,W124_V08_P04,W124_V09_P04,major_semantic
W124,P05,W124_V08_P05,W124_V09_P05,reordering
W124,P06,W124_V08_P06,W124_V09_P06,date_time
W124,P07,W124_V08_P07,W124_V09_P07,deletion
W124,P08,W124_V08_P08,W124_V09_P08,addition
W124,P09,W124_V08_P09,W124_V09_P09,requirement
W124,P10,W124_V08_P10,W124_V09_P10,policy
W124,P01,W124_V09_P01,W124_V10_P01,addition
W124,P02,W124_V09_P02,W124_V10_P02,requirement
W124,P03,W124_V09_P03,W124_V10_P03,policy
W124,P04,W124_V09_P04,W124_V10_P04,semantic
W124,P05,W124_V09_P05,W124_V10_P05,numeric
W124,P06,W124_V09_P06,W124_V10_P06,major_semantic
W124,P07,W124_V09_P07,W124_V10_P07,reordering
W124,P08,W124_V09_P08,W124_V10_P08,date_time
W124,P09,W124_V09_P09,W124_V10_P09,deletion
W124,P10,W124_V09_P10,W124_V10_P10,addition
W125,P01,W125_V01_P01,W125_V02_P01,deletion
W125,P02,W125_V01_P02,W125_V02_P02,addition
W125,P03,W125_V01_P03,W125_V02_P03,requirement
W125,P04,W125_V01_P04,W125_V02_P04,policy
W125,P05,W125_V01_P05,W125_V02_P05,semantic
W125,P06,W125_V01_P06,W125_V02_P06,numeric
W125,P07,W125_V01_P07,W125_V02_P07,major_semantic
W125,P08,W125_V01_P08,W125_V02_P08,reordering
W125,P09,W125_V01_P09,W125_V02_P09,date_time
W125,P10,W125_V01_P10,W125_V02_P10,deletion
W125,P01,W125_V02_P01,W125_V03_P01,reordering
W125,P02,W125_V02_P02,W125_V03_P02,date_time
W125,P03,W125_V02_P03,W125_V03_P03,deletion
W125,P04,W125_V02_P04,W125_V03_P04,addition
W125,P05,W125_V02_P05,W125_V03_P05,requirement
W125,P06,W125_V02_P06,W125_V03_P06,policy
W125,P07,W125_V02_P07,W125_V03_P07,semantic
W125,P08,W125_V02_P08,W125_V03_P08,numeric
W125,P09,W125_V02_P09,W125_V03_P09,major_semantic
W125,P10,W125_V02_P10,W125_V03_P10,reordering
W125,P01,W125_V03_P01,W125_V04_P01,numeric
W125,P02,W125_V03_P02,W125_V04_P02,major_semantic
W125,P03,W125_V03_P03,W125_V04_P03,reordering
W125,P04,W125_V03_P04,W125_V04_P04,date_time
W125,P05,W125_V03_P05,W125_V04_P05,deletion
W125,P06,W125_V03_P06,W125_V04_P06,addition
W125,P07,W125_V03_P07,W125_V04_P07,requirement
W125,P08,W125_V03_P08,W125_V04_P08,policy
W125,P09,W125_V03_P09,W125_V04_P09,semantic
W125,P10,W125_V03_P10,W125_V04_P10,numeric
W125,P01,W125_V04_P01,W125_V05_P01,policy
W125,P02,W125_V04_P02,W125_V05_P02,semantic
W125,P03,W125_V04_P03,W125_V05_P03,numeric
W125,P04,W125_V04_P04,W125_V05_P04,major_semantic
W125,P05,W125_V04_P05,W125_V05_P05,reordering
W125,P06,W125_V04_P06,W125_V05_P06,date_time
W125,P07,W125_V04_P07,W125_V05_P07,deletion
W125,P08,W125_V04_P08,W125_V05_P08,addition
W125,P09,W125_V04_P09,W125_V05_P09,requirement
W125,P10,W125_V04_P10,W125_V05_P10,policy
W125,P01,W125_V05_P01,W125_V06_P01,addition
W125,P02,W125_V05_P02,W125_V06_P02,requirement
W125,P03,W125_V05_P03,W125_V06_P03,policy
W125,P04,W125_V05_P04,W125_V06_P04,semantic
W125,P05,W125_V05_P05,W125_V06_P05,numeric
W125,P06,W125_V05_P06,W125_V06_P06,major_semantic
W125,P07,W125_V05_P07,W125_V06_P07,reordering
W125,P08,W125_V05_P08,W125_V06_P08,date_time
W125,P09,W125_V05_P09,W125_V06_P09,deletion
W125,P10,W125_V05_P10,W125_V06_P10,addition
W125,P01,W125_V06_P01,W125_V07_P01,date_time
W125,P02,W125_V06_P02,W125_V07_P02,deletion
W125,P03,W125_V06_P03,W125_V07_P03,addition
W125,P04,W125_V06_P04,W125_V07_P04,requirement
W125,P05,W125_V06_P05,W125_V07_P05,policy
W125,P06,W125_V06_P06,W125_V07_P06,semantic
W125,P07,W125_V06_P07,W125_V07_P07,numeric
W125,P08,W125_V06_P08,W125_V07_P08,major_semantic
W125,P09,W125_V06_P09,W125_V07_P09,reordering
W125,P10,W125_V06_P10,W125_V07_P10,date_time
W125,P01,W125_V07_P01,W125_V08_P01,major_semantic
W125,P02,W125_V07_P02,W125_V08_P02,reordering
W125,P03,W125_V07_P03,W125_V08_P03,date_time
W125,P04,W125_V07_P04,W125_V08_P04,deletion
W125,P05,W125_V07_P05,W125_V08_P05,addition
W125,P06,W125_V07_P06,W125_V08_P06,requirement
W125,P07,W125_V07_P07,W125_V08_P07,policy
W125,P08,W125_V07_P08,W125_V08_P08,semantic
W125,P09,W125_V07_P09,W125_V08_P09,numeric
W125,P10,W125_V07_P10,W125_V08_P10,major_semantic
W125,P01,W125_V08_P01,W125_V09_P01,semantic
W125,P02,W125_V08_P02,W125_V09_P02,numeric
W125,P03,W125_V08_P03,W125_V09_P03,major_semantic
W125,P04,W125_V08_P04,W125_V09_P04,reordering
W125,P05,W125_V08_P05,W125_V09_P05,date_time
W125,P06,W125_V08_P06,W125_V09_P06,deletion
W125,P07,W125_V08_P07,W125_V09_P07,addition
W125,P08,W125_V08_P08,W125_V09_P08,requirement
W125,P09,W125_V08_P09,W125_V09_P09,policy
W125,P10,W125_V08_P10,W125_V09_P10,semantic
W125,P01,W125_V09_P01,W125_V10_P01,requirement
W125,P02,W125_V09_P02,W125_V10_P02,policy
W125,P03,W125_V09_P03,W125_V10_P03,semantic
W125,P04,W125_V09_P04,W125_V10_P04,numeric
W125,P05,W125_V09_P05,W125_V10_P05,major_semantic
W125,P06,W125_V09_P06,W125_V10_P06,reordering
W125,P07,W125_V09_P07,W125_V10_P07,date_time
W125,P08,W125_V09_P08,W125_V10_P08,deletion
W125,P09,W125_V09_P09,W125_V10_P09,addition
W125,P10,W125_V09_P10,W125_V10_P10,requirement
W126,P01,W126_V01_P01,W126_V02_P01,addition
W126,P02,W126_V01_P02,W126_V02_P02,requirement
W126,P03,W126_V01_P03,W126_V02_P03,policy
W126,P04,W126_V01_P04,W126_V02_P04,semantic
W126,P05,W126_V01_P05,W126_V02_P05,numeric
W126,P06,W126_V01_P06,W126_V02_P06,major_semantic
W126,P07,W126_V01_P07,W126_V02_P07,reordering
W126,P08,W126_V01_P08,W126_V02_P08,date_time
W126,P09,W126_V01_P09,W126_V02_P09,deletion
W126,P10,W126_V01_P10,W126_V02_P10,addition
W126,P01,W126_V02_P01,W126_V03_P01,date_time
W126,P02,W126_V02_P02,W126_V03_P02,deletion
W126,P03,W126_V02_P03,W126_V03_P03,addition
W126,P04,W126_V02_P04,W126_V03_P04,requirement
W126,P05,W126_V02_P05,W126_V03_P05,policy
W126,P06,W126_V02_P06,W126_V03_P06,semantic
W126,P07,W126_V02_P07,W126_V03_P07,numeric
W126,P08,W126_V02_P08,W126_V03_P08,major_semantic
W126,P09,W126_V02_P09,W126_V03_P09,reordering
W126,P10,W126_V02_P10,W126_V03_P10,date_time
W126,P01,W126_V03_P01,W126_V04_P01,major_semantic
W126,P02,W126_V03_P02,W126_V04_P02,reordering
W126,P03,W126_V03_P03,W126_V04_P03,date_time
W126,P04,W126_V03_P04,W126_V04_P04,deletion
W126,P05,W126_V03_P05,W126_V04_P05,addition
W126,P06,W126_V03_P06,W126_V04_P06,requirement
W126,P07,W126_V03_P07,W126_V04_P07,policy
W126,P08,W126_V03_P08,W126_V04_P08,semantic
W126,P09,W126_V03_P09,W126_V04_P09,numeric
W126,P10,W126_V03_P10,W126_V04_P10,major_semantic
W126,P01,W126_V04_P01,W126_V05_P01,semantic
W126,P02,W126_V04_P02,W126_V05_P02,numeric
W126,P03,W126_V04_P03,W126_V05_P03,major_semantic
W126,P04,W126_V04_P04,W126_V05_P04,reordering
W126,P05,W126_V04_P05,W126_V05_P05,date_time
W126,P06,W126_V04_P06,W126_V05_P06,deletion
W126,P07,W126_V04_P07,W126_V05_P07,addition
W126,P08,W126_V04_P08,W126_V05_P08,requirement
W126,P09,W126_V04_P09,W126_V05_P09,policy
W126,P10,W126_V04_P10,W126_V05_P10,semantic
W126,P01,W126_V05_P01,W126_V06_P01,requirement
W126,P02,W126_V05_P02,W126_V06_P02,policy
W126,P03,W126_V05_P03,W126_V06_P03,semantic
W126,P04,W126_V05_P04,W126_V06_P04,numeric
W126,P05,W126_V05_P05,W126_V06_P05,major_semantic
W126,P06,W126_V05_P06,W126_V06_P06,reordering
W126,P07,W126_V05_P07,W126_V06_P07,date_time
W126,P08,W126_V05_P08,W126_V06_P08,deletion
W126,P09,W126_V05_P09,W126_V06_P09,addition
W126,P10,W126_V05_P10,W126_V06_P10,requirement
W126,P01,W126_V06_P01,W126_V07_P01,deletion
W126,P02,W126_V06_P02,W126_V07_P02,addition
W126,P03,W126_V06_P03,W126_V07_P03,requirement
W126,P04,W126_V06_P04,W126_V07_P04,policy
W126,P05,W126_V06_P05,W126_V07_P05,semantic
W126,P06,W126_V06_P06,W126_V07_P06,numeric
W126,P07,W126_V06_P07,W126_V07_P07,major_semantic
W126,P08,W126_V06_P08,W126_V07_P08,reordering
W126,P09,W126_V06_P09,W126_V07_P09,date_time
W126,P10,W126_V06_P10,W126_V07_P10,deletion
W126,P01,W126_V07_P01,W126_V08_P01,reordering
W126,P02,W126_V07_P02,W126_V08_P02,date_time
W126,P03,W126_V07_P03,W126_V08_P03,deletion
W126,P04,W126_V07_P04,W126_V08_P04,addition
W126,P05,W126_V07_P05,W126_V08_P05,requirement
W126,P06,W126_V07_P06,W126_V08_P06,policy
W126,P07,W126_V07_P07,W126_V08_P07,semantic
W126,P08,W126_V07_P08,W126_V08_P08,numeric
W126,P09,W126_V07_P09,W126_V08_P09,major_semantic
W126,P10,W126_V07_P10,W126_V08_P10,reordering
W126,P01,W126_V08_P01,W126_V09_P01,numeric
W126,P02,W126_V08_P02,W126_V09_P02,major_semantic
W126,P03,W126_V08_P03,W126_V09_P03,reordering
W126,P04,W126_V08_P04,W126_V09_P04,date_time
W126,P05,W126_V08_P05,W126_V09_P05,deletion
W126,P06,W126_V08_P06,W126_V09_P06,addition
W126,P07,W126_V08_P07,W126_V09_P07,requirement
W126,P08,W126_V08_P08,W126_V09_P08,policy
W126,P09,W126_V08_P09,W126_V09_P09,semantic
W126,P10,W126_V08_P10,W126_V09_P10,numeric
W126,P01,W126_V09_P01,W126_V10_P01,policy
W126,P02,W126_V09_P02,W126_V10_P02,semantic
W126,P03,W126_V09_P03,W126_V10_P03,numeric
W126,P04,W126_V09_P04,W126_V10_P04,major_semantic
W126,P05,W126_V09_P05,W126_V10_P05,reordering
W126,P06,W126_V09_P06,W126_V10_P06,date_time
W126,P07,W126_V09_P07,W126_V10_P07,deletion
W126,P08,W126_V09_P08,W126_V10_P08,addition
W126,P09,W126_V09_P09,W126_V10_P09,requirement
W126,P10,W126_V09_P10,W126_V10_P10,policy
W127,P01,W127_V01_P01,W127_V02_P01,requirement
W127,P02,W127_V01_P02,W127_V02_P02,policy
W127,P03,W127_V01_P03,W127_V02_P03,semantic
W127,P04,W127_V01_P04,W127_V02_P04,numeric
W127,P05,W127_V01_P05,W127_V02_P05,major_semantic
W127,P06,W127_V01_P06,W127_V02_P06,reordering
W127,P07,W127_V01_P07,W127_V02_P07,date_time
W127,P08,W127_V01_P08,W127_V02_P08,deletion
W127,P09,W127_V01_P09,W127_V02_P09,addition
W127,P10,W127_V01_P10,W127_V02_P10,requirement
W127,P01,W127_V02_P01,W127_V03_P01,deletion
W127,P02,W127_V02_P02,W127_V03_P02,addition
W127,P03,W127_V02_P03,W127_V03_P03,requirement
W127,P04,W127_V02_P04,W127_V03_P04,policy
W127,P05,W127_V02_P05,W127_V03_P05,semantic
W127,P06,W127_V02_P06,W127_V03_P06,numeric
W127,P07,W127_V02_P07,W127_V03_P07,major_semantic
W127,P08,W127_V02_P08,W127_V03_P08,reordering
W127,P09,W127_V02_P09,W127_V03_P09,date_time
W127,P10,W127_V02_P10,W127_V03_P10,deletion
W127,P01,W127_V03_P01,W127_V04_P01,reordering
W127,P02,W127_V03_P02,W127_V04_P02,date_time
W127,P03,W127_V03_P03,W127_V04_P03,deletion
W127,P04,W127_V03_P04,W127_V04_P04,addition
W127,P05,W127_V03_P05,W127_V04_P05,requirement
W127,P06,W127_V03_P06,W127_V04_P06,policy
W127,P07,W127_V03_P07,W127_V04_P07,semantic
W127,P08,W127_V03_P08,W127_V04_P08,numeric
W127,P09,W127_V03_P09,W127_V04_P09,major_semantic
W127,P10,W127_V03_P10,W127_V04_P10,reordering
W127,P01,W127_V04_P01,W127_V05_P01,numeric
W127,P02,W127_V04_P02,W127_V05_P02,major_semantic
W127,P03,W127_V04_P03,W127_V05_P03,reordering
W127,P04,W127_V04_P04,W127_V05_P04,date_time
W127,P05,W127_V04_P05,W127_V05_P05,deletion
W127,P06,W127_V04_P06,W127_V05_P06,addition
W127,P07,W127_V04_P07,W127_V05_P07,requirement
W127,P08,W127_V04_P08,W127_V05_P08,policy
W127,P09,W127_V04_P09,W127_V05_P09,semantic
W127,P10,W127_V04_P10,W127_V05_P10,numeric
W127,P01,W127_V05_P01,W127_V06_P01,policy
W127,P02,W127_V05_P02,W127_V06_P02,semantic
W127,P03,W127_V05_P03,W127_V06_P03,numeric
W127,P04,W127_V05_P04,W127_V06_P04,major_semantic
W127,P05,W127_V05_P05,W127_V06_P05,reordering
W127,P06,W127_V05_P06,W127_V06_P06,date_time
W127,P07,W127_V05_P07,W127_V06_P07,deletion
W127,P08,W127_V05_P08,W127_V06_P08,addition
W127,P09,W127_V05_P09,W127_V06_P09,requirement
W127,P10,W127_V05_P10,W127_V06_P10,policy
W127,P01,W127_V06_P01,W127_V07_P01,addition
W127,P02,W127_V06_P02,W127_V07_P02,requirement
W127,P03,W127_V06_P03,W127_V07_P03,policy
W127,P04,W127_V06_P04,W127_V07_P04,semantic
W127,P05,W127_V06_P05,W127_V07_P05,numeric
W127,P06,W127_V06_P06,W127_V07_P06,major_semantic
W127,P07,W127_V06_P07,W127_V07_P07,reordering
W127,P08,W127_V06_P08,W127_V07_P08,date_time
W127,P09,W127_V06_P09,W127_V07_P09,deletion
W127,P10,W127_V06_P10,W127_V07_P10,addition
W127,P01,W127_V07_P01,W127_V08_P01,date_time
W127,P02,W127_V07_P02,W127_V08_P02,deletion
W127,P03,W127_V07_P03,W127_V08_P03,addition
W127,P04,W127_V07_P04,W127_V08_P04,requirement
W127,P05,W127_V07_P05,W127_V08_P05,policy
W127,P06,W127_V07_P06,W127_V08_P06,semantic
W127,P07,W127_V07_P07,W127_V08_P07,numeric
W127,P08,W127_V07_P08,W127_V08_P08,major_semantic
W127,P09,W127_V07_P09,W127_V08_P09,reordering
W127,P10,W127_V07_P10,W127_V08_P10,date_time
W127,P01,W127_V08_P01,W127_V09_P01,major_semantic
W127,P02,W127_V08_P02,W127_V09_P02,reordering
W127,P03,W127_V08_P03,W127_V09_P03,date_time
W127,P04,W127_V08_P04,W127_V09_P04,deletion
W127,P05,W127_V08_P05,W127_V09_P05,addition
W127,P06,W127_V08_P06,W127_V09_P06,requirement
W127,P07,W127_V08_P07,W127_V09_P07,policy
W127,P08,W127_V08_P08,W127_V09_P08,semantic
W127,P09,W127_V08_P09,W127_V09_P09,numeric
W127,P10,W127_V08_P10,W127_V09_P10,major_semantic
W127,P01,W127_V09_P01,W127_V10_P01,semantic
W127,P02,W127_V09_P02,W127_V10_P02,numeric
W127,P03,W127_V09_P03,W127_V10_P03,major_semantic
W127,P04,W127_V09_P04,W127_V10_P04,reordering
W127,P05,W127_V09_P05,W127_V10_P05,date_time
W127,P06,W127_V09_P06,W127_V10_P06,deletion
W127,P07,W127_V09_P07,W127_V10_P07,addition
W127,P08,W127_V09_P08,W127_V10_P08,requirement
W127,P09,W127_V09_P09,W127_V10_P09,policy
W127,P10,W127_V09_P10,W127_V10_P10,semantic
W128,P01,W128_V01_P01,W128_V02_P01,policy
W128,P02,W128_V01_P02,W128_V02_P02,semantic
W128,P03,W128_V01_P03,W128_V02_P03,numeric
W128,P04,W128_V01_P04,W128_V02_P04,major_semantic
W128,P05,W128_V01_P05,W128_V02_P05,reordering
W128,P06,W128_V01_P06,W128_V02_P06,date_time
W128,P07,W128_V01_P07,W128_V02_P07,deletion
W128,P08,W128_V01_P08,W128_V02_P08,addition
W128,P09,W128_V01_P09,W128_V02_P09,requirement
W128,P10,W128_V01_P10,W128_V02_P10,policy
W128,P01,W128_V02_P01,W128_V03_P01,addition
W128,P02,W128_V02_P02,W128_V03_P02,requirement
W128,P03,W128_V02_P03,W128_V03_P03,policy
W128,P04,W128_V02_P04,W128_V03_P04,semantic
W128,P05,W128_V02_P05,W128_V03_P05,numeric
W128,P06,W128_V02_P06,W128_V03_P06,major_semantic
W128,P07,W128_V02_P07,W128_V03_P07,reordering
W128,P08,W128_V02_P08,W128_V03_P08,date_time
W128,P09,W128_V02_P09,W128_V03_P09,deletion
W128,P10,W128_V02_P10,W128_V03_P10,addition
W128,P01,W128_V03_P01,W128_V04_P01,date_time
W128,P02,W128_V03_P02,W128_V04_P02,deletion
W128,P03,W128_V03_P03,W128_V04_P03,addition
W128,P04,W128_V03_P04,W128_V04_P04,requirement
W128,P05,W128_V03_P05,W128_V04_P05,policy
W128,P06,W128_V03_P06,W128_V04_P06,semantic
W128,P07,W128_V03_P07,W128_V04_P07,numeric
W128,P08,W128_V03_P08,W128_V04_P08,major_semantic
W128,P09,W128_V03_P09,W128_V04_P09,reordering
W128,P10,W128_V03_P10,W128_V04_P10,date_time
W128,P01,W128_V04_P01,W128_V05_P01,major_semantic
W128,P02,W128_V04_P02,W128_V05_P02,reordering
W128,P03,W128_V04_P03,W128_V05_P03,date_time
W128,P04,W128_V04_P04,W128_V05_P04,deletion
W128,P05,W128_V04_P05,W128_V05_P05,addition
W128,P06,W128_V04_P06,W128_V05_P06,requirement
W128,P07,W128_V04_P07,W128_V05_P07,policy
W128,P08,W128_V04_P08,W128_V05_P08,semantic
W128,P09,W128_V04_P09,W128_V05_P09,numeric
W128,P10,W128_V04_P10,W128_V05_P10,major_semantic
W128,P01,W128_V05_P01,W128_V06_P01,semantic
W128,P02,W128_V05_P02,W128_V06_P02,numeric
W128,P03,W128_V05_P03,W128_V06_P03,major_semantic
W128,P04,W128_V05_P04,W128_V06_P04,reordering
W128,P05,W128_V05_P05,W128_V06_P05,date_time
W128,P06,W128_V05_P06,W128_V06_P06,deletion
W128,P07,W128_V05_P07,W128_V06_P07,addition
W128,P08,W128_V05_P08,W128_V06_P08,requirement
W128,P09,W128_V05_P09,W128_V06_P09,policy
W128,P10,W128_V05_P10,W128_V06_P10,semantic
W128,P01,W128_V06_P01,W128_V07_P01,requirement
W128,P02,W128_V06_P02,W128_V07_P02,policy
W128,P03,W128_V06_P03,W128_V07_P03,semantic
W128,P04,W128_V06_P04,W128_V07_P04,numeric
W128,P05,W128_V06_P05,W128_V07_P05,major_semantic
W128,P06,W128_V06_P06,W128_V07_P06,reordering
W128,P07,W128_V06_P07,W128_V07_P07,date_time
W128,P08,W128_V06_P08,W128_V07_P08,deletion
W128,P09,W128_V06_P09,W128_V07_P09,addition
W128,P10,W128_V06_P10,W128_V07_P10,requirement
W128,P01,W128_V07_P01,W128_V08_P01,deletion
W128,P02,W128_V07_P02,W128_V08_P02,addition
W128,P03,W128_V07_P03,W128_V08_P03,requirement
W128,P04,W128_V07_P04,W128_V08_P04,policy
W128,P05,W128_V07_P05,W128_V08_P05,semantic
W128,P06,W128_V07_P06,W128_V08_P06,numeric
W128,P07,W128_V07_P07,W128_V08_P07,major_semantic
W128,P08,W128_V07_P08,W128_V08_P08,reordering
W128,P09,W128_V07_P09,W128_V08_P09,date_time
W128,P10,W128_V07_P10,W128_V08_P10,deletion
W128,P01,W128_V08_P01,W128_V09_P01,reordering
W128,P02,W128_V08_P02,W128_V09_P02,date_time
W128,P03,W128_V08_P03,W128_V09_P03,deletion
W128,P04,W128_V08_P04,W128_V09_P04,addition
W128,P05,W128_V08_P05,W128_V09_P05,requirement
W128,P06,W128_V08_P06,W128_V09_P06,policy
W128,P07,W128_V08_P07,W128_V09_P07,semantic
W128,P08,W128_V08_P08,W128_V09_P08,numeric
W128,P09,W128_V08_P09,W128_V09_P09,major_semantic
W128,P10,W128_V08_P10,W128_V09_P10,reordering
W128,P01,W128_V09_P01,W128_V10_P01,numeric
W128,P02,W128_V09_P02,W128_V10_P02,major_semantic
W128,P03,W128_V09_P03,W128_V10_P03,reordering
W128,P04,W128_V09_P04,W128_V10_P04,date_time
W128,P05,W128_V09_P05,W128_V10_P05,deletion
W128,P06,W128_V09_P06,W128_V10_P06,addition
W128,P07,W128_V09_P07,W128_V10_P07,requirement
W128,P08,W128_V09_P08,W128_V10_P08,policy
W128,P09,W128_V09_P09,W128_V10_P09,semantic
W128,P10,W128_V09_P10,W128_V10_P10,numeric
W129,P01,W129_V01_P01,W129_V02_P01,semantic
W129,P02,W129_V01_P02,W129_V02_P02,numeric
W129,P03,W129_V01_P03,W129_V02_P03,major_semantic
W129,P04,W129_V01_P04,W129_V02_P04,reordering
W129,P05,W129_V01_P05,W129_V02_P05,date_time
W129,P06,W129_V01_P06,W129_V02_P06,deletion
W129,P07,W129_V01_P07,W129_V02_P07,addition
W129,P08,W129_V01_P08,W129_V02_P08,requirement
W129,P09,W129_V01_P09,W129_V02_P09,policy
W129,P10,W129_V01_P10,W129_V02_P10,semantic
W129,P01,W129_V02_P01,W129_V03_P01,requirement
W129,P02,W129_V02_P02,W129_V03_P02,policy
W129,P03,W129_V02_P03,W129_V03_P03,semantic
W129,P04,W129_V02_P04,W129_V03_P04,numeric
W129,P05,W129_V02_P05,W129_V03_P05,major_semantic
W129,P06,W129_V02_P06,W129_V03_P06,reordering
W129,P07,W129_V02_P07,W129_V03_P07,date_time
W129,P08,W129_V02_P08,W129_V03_P08,deletion
W129,P09,W129_V02_P09,W129_V03_P09,addition
W129,P10,W129_V02_P10,W129_V03_P10,requirement
W129,P01,W129_V03_P01,W129_V04_P01,deletion
W129,P02,W129_V03_P02,W129_V04_P02,addition
W129,P03,W129_V03_P03,W129_V04_P03,requirement
W129,P04,W129_V03_P04,W129_V04_P04,policy
W129,P05,W129_V03_P05,W129_V04_P05,semantic
W129,P06,W129_V03_P06,W129_V04_P06,numeric
W129,P07,W129_V03_P07,W129_V04_P07,major_semantic
W129,P08,W129_V03_P08,W129_V04_P08,reordering
W129,P09,W129_V03_P09,W129_V04_P09,date_time
W129,P10,W129_V03_P10,W129_V04_P10,deletion
W129,P01,W129_V04_P01,W129_V05_P01,reordering
W129,P02,W129_V04_P02,W129_V05_P02,date_time
W129,P03,W129_V04_P03,W129_V05_P03,deletion
W129,P04,W129_V04_P04,W129_V05_P04,addition
W129,P05,W129_V04_P05,W129_V05_P05,requirement
W129,P06,W129_V04_P06,W129_V05_P06,policy
W129,P07,W129_V04_P07,W129_V05_P07,semantic
W129,P08,W129_V04_P08,W129_V05_P08,numeric
W129,P09,W129_V04_P09,W129_V05_P09,major_semantic
W129,P10,W129_V04_P10,W129_V05_P10,reordering
W129,P01,W129_V05_P01,W129_V06_P01,numeric
W129,P02,W129_V05_P02,W129_V06_P02,major_semantic
W129,P03,W129_V05_P03,W129_V06_P03,reordering
W129,P04,W129_V05_P04,W129_V06_P04,date_time
W129,P05,W129_V05_P05,W129_V06_P05,deletion
W129,P06,W129_V05_P06,W129_V06_P06,addition
W129,P07,W129_V05_P07,W129_V06_P07,requirement
W129,P08,W129_V05_P08,W129_V06_P08,policy
W129,P09,W129_V05_P09,W129_V06_P09,semantic
W129,P10,W129_V05_P10,W129_V06_P10,numeric
W129,P01,W129_V06_P01,W129_V07_P01,policy
W129,P02,W129_V06_P02,W129_V07_P02,semantic
W129,P03,W129_V06_P03,W129_V07_P03,numeric
W129,P04,W129_V06_P04,W129_V07_P04,major_semantic
W129,P05,W129_V06_P05,W129_V07_P05,reordering
W129,P06,W129_V06_P06,W129_V07_P06,date_time
W129,P07,W129_V06_P07,W129_V07_P07,deletion
W129,P08,W129_V06_P08,W129_V07_P08,addition
W129,P09,W129_V06_P09,W129_V07_P09,requirement
W129,P10,W129_V06_P10,W129_V07_P10,policy
W129,P01,W129_V07_P01,W129_V08_P01,addition
W129,P02,W129_V07_P02,W129_V08_P02,requirement
W129,P03,W129_V07_P03,W129_V08_P03,policy
W129,P04,W129_V07_P04,W129_V08_P04,semantic
W129,P05,W129_V07_P05,W129_V08_P05,numeric
W129,P06,W129_V07_P06,W129_V08_P06,major_semantic
W129,P07,W129_V07_P07,W129_V08_P07,reordering
W129,P08,W129_V07_P08,W129_V08_P08,date_time
W129,P09,W129_V07_P09,W129_V08_P09,deletion
W129,P10,W129_V07_P10,W129_V08_P10,addition
W129,P01,W129_V08_P01,W129_V09_P01,date_time
W129,P02,W129_V08_P02,W129_V09_P02,deletion
W129,P03,W129_V08_P03,W129_V09_P03,addition
W129,P04,W129_V08_P04,W129_V09_P04,requirement
W129,P05,W129_V08_P05,W129_V09_P05,policy
W129,P06,W129_V08_P06,W129_V09_P06,semantic
W129,P07,W129_V08_P07,W129_V09_P07,numeric
W129,P08,W129_V08_P08,W129_V09_P08,major_semantic
W129,P09,W129_V08_P09,W129_V09_P09,reordering
W129,P10,W129_V08_P10,W129_V09_P10,date_time
W129,P01,W129_V09_P01,W129_V10_P01,major_semantic
W129,P02,W129_V09_P02,W129_V10_P02,reordering
W129,P03,W129_V09_P03,W129_V10_P03,date_time
W129,P04,W129_V09_P04,W129_V10_P04,deletion
W129,P05,W129_V09_P05,W129_V10_P05,addition
W129,P06,W129_V09_P06,W129_V10_P06,requirement
W129,P07,W129_V09_P07,W129_V10_P07,policy
W129,P08,W129_V09_P08,W129_V10_P08,semantic
W129,P09,W129_V09_P09,W129_V10_P09,numeric
W129,P10,W129_V09_P10,W129_V10_P10,major_semantic
W130,P01,W130_V01_P01,W130_V02_P01,numeric
W130,P02,W130_V01_P02,W130_V02_P02,major_semantic
W130,P03,W130_V01_P03,W130_V02_P03,reordering
W130,P04,W130_V01_P04,W130_V02_P04,date_time
W130,P05,W130_V01_P05,W130_V02_P05,deletion
W130,P06,W130_V01_P06,W130_V02_P06,addition
W130,P07,W130_V01_P07,W130_V02_P07,requirement
W130,P08,W130_V01_P08,W130_V02_P08,policy
W130,P09,W130_V01_P09,W130_V02_P09,semantic
W130,P10,W130_V01_P10,W130_V02_P10,numeric
W130,P01,W130_V02_P01,W130_V03_P01,policy
W130,P02,W130_V02_P02,W130_V03_P02,semantic
W130,P03,W130_V02_P03,W130_V03_P03,numeric
W130,P04,W130_V02_P04,W130_V03_P04,major_semantic
W130,P05,W130_V02_P05,W130_V03_P05,reordering
W130,P06,W130_V02_P06,W130_V03_P06,date_time
W130,P07,W130_V02_P07,W130_V03_P07,deletion
W130,P08,W130_V02_P08,W130_V03_P08,addition
W130,P09,W130_V02_P09,W130_V03_P09,requirement
W130,P10,W130_V02_P10,W130_V03_P10,policy
W130,P01,W130_V03_P01,W130_V04_P01,addition
W130,P02,W130_V03_P02,W130_V04_P02,requirement
W130,P03,W130_V03_P03,W130_V04_P03,policy
W130,P04,W130_V03_P04,W130_V04_P04,semantic
W130,P05,W130_V03_P05,W130_V04_P05,numeric
W130,P06,W130_V03_P06,W130_V04_P06,major_semantic
W130,P07,W130_V03_P07,W130_V04_P07,reordering
W130,P08,W130_V03_P08,W130_V04_P08,date_time
W130,P09,W130_V03_P09,W130_V04_P09,deletion
W130,P10,W130_V03_P10,W130_V04_P10,addition
W130,P01,W130_V04_P01,W130_V05_P01,date_time
W130,P02,W130_V04_P02,W130_V05_P02,deletion
W130,P03,W130_V04_P03,W130_V05_P03,addition
W130,P04,W130_V04_P04,W130_V05_P04,requirement
W130,P05,W130_V04_P05,W130_V05_P05,policy
W130,P06,W130_V04_P06,W130_V05_P06,semantic
W130,P07,W130_V04_P07,W130_V05_P07,numeric
W130,P08,W130_V04_P08,W130_V05_P08,major_semantic
W130,P09,W130_V04_P09,W130_V05_P09,reordering
W130,P10,W130_V04_P10,W130_V05_P10,date_time
W130,P01,W130_V05_P01,W130_V06_P01,major_semantic
W130,P02,W130_V05_P02,W130_V06_P02,reordering
W130,P03,W130_V05_P03,W130_V06_P03,date_time
W130,P04,W130_V05_P04,W130_V06_P04,deletion
W130,P05,W130_V05_P05,W130_V06_P05,addition
W130,P06,W130_V05_P06,W130_V06_P06,requirement
W130,P07,W130_V05_P07,W130_V06_P07,policy
W130,P08,W130_V05_P08,W130_V06_P08,semantic
W130,P09,W130_V05_P09,W130_V06_P09,numeric
W130,P10,W130_V05_P10,W130_V06_P10,major_semantic
W130,P01,W130_V06_P01,W130_V07_P01,semantic
W130,P02,W130_V06_P02,W130_V07_P02,numeric
W130,P03,W130_V06_P03,W130_V07_P03,major_semantic
W130,P04,W130_V06_P04,W130_V07_P04,reordering
W130,P05,W130_V06_P05,W130_V07_P05,date_time
W130,P06,W130_V06_P06,W130_V07_P06,deletion
W130,P07,W130_V06_P07,W130_V07_P07,addition
W130,P08,W130_V06_P08,W130_V07_P08,requirement
W130,P09,W130_V06_P09,W130_V07_P09,policy
W130,P10,W130_V06_P10,W130_V07_P10,semantic
W130,P01,W130_V07_P01,W130_V08_P01,requirement
W130,P02,W130_V07_P02,W130_V08_P02,policy
W130,P03,W130_V07_P03,W130_V08_P03,semantic
W130,P04,W130_V07_P04,W130_V08_P04,numeric
W130,P05,W130_V07_P05,W130_V08_P05,major_semantic
W130,P06,W130_V07_P06,W130_V08_P06,reordering
W130,P07,W130_V07_P07,W130_V08_P07,date_time
W130,P08,W130_V07_P08,W130_V08_P08,deletion
W130,P09,W130_V07_P09,W130_V08_P09,addition
W130,P10,W130_V07_P10,W130_V08_P10,requirement
W130,P01,W130_V08_P01,W130_V09_P01,deletion
W130,P02,W130_V08_P02,W130_V09_P02,addition
W130,P03,W130_V08_P03,W130_V09_P03,requirement
W130,P04,W130_V08_P04,W130_V09_P04,policy
W130,P05,W130_V08_P05,W130_V09_P05,semantic
W130,P06,W130_V08_P06,W130_V09_P06,numeric
W130,P07,W130_V08_P07,W130_V09_P07,major_semantic
W130,P08,W130_V08_P08,W130_V09_P08,reordering
W130,P09,W130_V08_P09,W130_V09_P09,date_time
W130,P10,W130_V08_P10,W130_V09_P10,deletion
W130,P01,W130_V09_P01,W130_V10_P01,reordering
W130,P02,W130_V09_P02,W130_V10_P02,date_time
W130,P03,W130_V09_P03,W130_V10_P03,deletion
W130,P04,W130_V09_P04,W130_V10_P04,addition
W130,P05,W130_V09_P05,W130_V10_P05,requirement
W130,P06,W130_V09_P06,W130_V10_P06,policy
W130,P07,W130_V09_P07,W130_V10_P07,semantic
W130,P08,W130_V09_P08,W130_V10_P08,numeric
W130,P09,W130_V09_P09,W130_V10_P09,major_semantic
W130,P10,W130_V09_P10,W130_V10_P10,reordering
W131,P01,W131_V01_P01,W131_V02_P01,major_semantic
W131,P02,W131_V01_P02,W131_V02_P02,reordering
W131,P03,W131_V01_P03,W131_V02_P03,date_time
W131,P04,W131_V01_P04,W131_V02_P04,deletion
W131,P05,W131_V01_P05,W131_V02_P05,addition
W131,P06,W131_V01_P06,W131_V02_P06,requirement
W131,P07,W131_V01_P07,W131_V02_P07,policy
W131,P08,W131_V01_P08,W131_V02_P08,semantic
W131,P09,W131_V01_P09,W131_V02_P09,numeric
W131,P10,W131_V01_P10,W131_V02_P10,major_semantic
W131,P01,W131_V02_P01,W131_V03_P01,semantic
W131,P02,W131_V02_P02,W131_V03_P02,numeric
W131,P03,W131_V02_P03,W131_V03_P03,major_semantic
W131,P04,W131_V02_P04,W131_V03_P04,reordering
W131,P05,W131_V02_P05,W131_V03_P05,date_time
W131,P06,W131_V02_P06,W131_V03_P06,deletion
W131,P07,W131_V02_P07,W131_V03_P07,addition
W131,P08,W131_V02_P08,W131_V03_P08,requirement
W131,P09,W131_V02_P09,W131_V03_P09,policy
W131,P10,W131_V02_P10,W131_V03_P10,semantic
W131,P01,W131_V03_P01,W131_V04_P01,requirement
W131,P02,W131_V03_P02,W131_V04_P02,policy
W131,P03,W131_V03_P03,W131_V04_P03,semantic
W131,P04,W131_V03_P04,W131_V04_P04,numeric
W131,P05,W131_V03_P05,W131_V04_P05,major_semantic
W131,P06,W131_V03_P06,W131_V04_P06,reordering
W131,P07,W131_V03_P07,W131_V04_P07,date_time
W131,P08,W131_V03_P08,W131_V04_P08,deletion
W131,P09,W131_V03_P09,W131_V04_P09,addition
W131,P10,W131_V03_P10,W131_V04_P10,requirement
W131,P01,W131_V04_P01,W131_V05_P01,deletion
W131,P02,W131_V04_P02,W131_V05_P02,addition
W131,P03,W131_V04_P03,W131_V05_P03,requirement
W131,P04,W131_V04_P04,W131_V05_P04,policy
W131,P05,W131_V04_P05,W131_V05_P05,semantic
W131,P06,W131_V04_P06,W131_V05_P06,numeric
W131,P07,W131_V04_P07,W131_V05_P07,major_semantic
W131,P08,W131_V04_P08,W131_V05_P08,reordering
W131,P09,W131_V04_P09,W131_V05_P09,date_time
W131,P10,W131_V04_P10,W131_V05_P10,deletion
W131,P01,W131_V05_P01,W131_V06_P01,reordering
W131,P02,W131_V05_P02,W131_V06_P02,date_time
W131,P03,W131_V05_P03,W131_V06_P03,deletion
W131,P04,W131_V05_P04,W131_V06_P04,addition
W131,P05,W131_V05_P05,W131_V06_P05,requirement
W131,P06,W131_V05_P06,W131_V06_P06,policy
W131,P07,W131_V05_P07,W131_V06_P07,semantic
W131,P08,W131_V05_P08,W131_V06_P08,numeric
W131,P09,W131_V05_P09,W131_V06_P09,major_semantic
W131,P10,W131_V05_P10,W131_V06_P10,reordering
W131,P01,W131_V06_P01,W131_V07_P01,numeric
W131,P02,W131_V06_P02,W131_V07_P02,major_semantic
W131,P03,W131_V06_P03,W131_V07_P03,reordering
W131,P04,W131_V06_P04,W131_V07_P04,date_time
W131,P05,W131_V06_P05,W131_V07_P05,deletion
W131,P06,W131_V06_P06,W131_V07_P06,addition
W131,P07,W131_V06_P07,W131_V07_P07,requirement
W131,P08,W131_V06_P08,W131_V07_P08,policy
W131,P09,W131_V06_P09,W131_V07_P09,semantic
W131,P10,W131_V06_P10,W131_V07_P10,numeric
W131,P01,W131_V07_P01,W131_V08_P01,policy
W131,P02,W131_V07_P02,W131_V08_P02,semantic
W131,P03,W131_V07_P03,W131_V08_P03,numeric
W131,P04,W131_V07_P04,W131_V08_P04,major_semantic
W131,P05,W131_V07_P05,W131_V08_P05,reordering
W131,P06,W131_V07_P06,W131_V08_P06,date_time
W131,P07,W131_V07_P07,W131_V08_P07,deletion
W131,P08,W131_V07_P08,W131_V08_P08,addition
W131,P09,W131_V07_P09,W131_V08_P09,requirement
W131,P10,W131_V07_P10,W131_V08_P10,policy
W131,P01,W131_V08_P01,W131_V09_P01,addition
W131,P02,W131_V08_P02,W131_V09_P02,requirement
W131,P03,W131_V08_P03,W131_V09_P03,policy
W131,P04,W131_V08_P04,W131_V09_P04,semantic
W131,P05,W131_V08_P05,W131_V09_P05,numeric
W131,P06,W131_V08_P06,W131_V09_P06,major_semantic
W131,P07,W131_V08_P07,W131_V09_P07,reordering
W131,P08,W131_V08_P08,W131_V09_P08,date_time
W131,P09,W131_V08_P09,W131_V09_P09,deletion
W131,P10,W131_V08_P10,W131_V09_P10,addition
W131,P01,W131_V09_P01,W131_V10_P01,date_time
W131,P02,W131_V09_P02,W131_V10_P02,deletion
W131,P03,W131_V09_P03,W131_V10_P03,addition
W131,P04,W131_V09_P04,W131_V10_P04,requirement
W131,P05,W131_V09_P05,W131_V10_P05,policy
W131,P06,W131_V09_P06,W131_V10_P06,semantic
W131,P07,W131_V09_P07,W131_V10_P07,numeric
W131,P08,W131_V09_P08,W131_V10_P08,major_semantic
W131,P09,W131_V09_P09,W131_V10_P09,reordering
W131,P10,W131_V09_P10,W131_V10_P10,date_time
W132,P01,W132_V01_P01,W132_V02_P01,reordering
W132,P02,W132_V01_P02,W132_V02_P02,date_time
W132,P03,W132_V01_P03,W132_V02_P03,deletion
W132,P04,W132_V01_P04,W132_V02_P04,addition
W132,P05,W132_V01_P05,W132_V02_P05,requirement
W132,P06,W132_V01_P06,W132_V02_P06,policy
W132,P07,W132_V01_P07,W132_V02_P07,semantic
W132,P08,W132_V01_P08,W132_V02_P08,numeric
W132,P09,W132_V01_P09,W132_V02_P09,major_semantic
W132,P10,W132_V01_P10,W132_V02_P10,reordering
W132,P01,W132_V02_P01,W132_V03_P01,numeric
W132,P02,W132_V02_P02,W132_V03_P02,major_semantic
W132,P03,W132_V02_P03,W132_V03_P03,reordering
W132,P04,W132_V02_P04,W132_V03_P04,date_time
W132,P05,W132_V02_P05,W132_V03_P05,deletion
W132,P06,W132_V02_P06,W132_V03_P06,addition
W132,P07,W132_V02_P07,W132_V03_P07,requirement
W132,P08,W132_V02_P08,W132_V03_P08,policy
W132,P09,W132_V02_P09,W132_V03_P09,semantic
W132,P10,W132_V02_P10,W132_V03_P10,numeric
W132,P01,W132_V03_P01,W132_V04_P01,policy
W132,P02,W132_V03_P02,W132_V04_P02,semantic
W132,P03,W132_V03_P03,W132_V04_P03,numeric
W132,P04,W132_V03_P04,W132_V04_P04,major_semantic
W132,P05,W132_V03_P05,W132_V04_P05,reordering
W132,P06,W132_V03_P06,W132_V04_P06,date_time
W132,P07,W132_V03_P07,W132_V04_P07,deletion
W132,P08,W132_V03_P08,W132_V04_P08,addition
W132,P09,W132_V03_P09,W132_V04_P09,requirement
W132,P10,W132_V03_P10,W132_V04_P10,policy
W132,P01,W132_V04_P01,W132_V05_P01,addition
W132,P02,W132_V04_P02,W132_V05_P02,requirement
W132,P03,W132_V04_P03,W132_V05_P03,policy
W132,P04,W132_V04_P04,W132_V05_P04,semantic
W132,P05,W132_V04_P05,W132_V05_P05,numeric
W132,P06,W132_V04_P06,W132_V05_P06,major_semantic
W132,P07,W132_V04_P07,W132_V05_P07,reordering
W132,P08,W132_V04_P08,W132_V05_P08,date_time
W132,P09,W132_V04_P09,W132_V05_P09,deletion
W132,P10,W132_V04_P10,W132_V05_P10,addition
W132,P01,W132_V05_P01,W132_V06_P01,date_time
W132,P02,W132_V05_P02,W132_V06_P02,deletion
W132,P03,W132_V05_P03,W132_V06_P03,addition
W132,P04,W132_V05_P04,W132_V06_P04,requirement
W132,P05,W132_V05_P05,W132_V06_P05,policy
W132,P06,W132_V05_P06,W132_V06_P06,semantic
W132,P07,W132_V05_P07,W132_V06_P07,numeric
W132,P08,W132_V05_P08,W132_V06_P08,major_semantic
W132,P09,W132_V05_P09,W132_V06_P09,reordering
W132,P10,W132_V05_P10,W132_V06_P10,date_time
W132,P01,W132_V06_P01,W132_V07_P01,major_semantic
W132,P02,W132_V06_P02,W132_V07_P02,reordering
W132,P03,W132_V06_P03,W132_V07_P03,date_time
W132,P04,W132_V06_P04,W132_V07_P04,deletion
W132,P05,W132_V06_P05,W132_V07_P05,addition
W132,P06,W132_V06_P06,W132_V07_P06,requirement
W132,P07,W132_V06_P07,W132_V07_P07,policy
W132,P08,W132_V06_P08,W132_V07_P08,semantic
W132,P09,W132_V06_P09,W132_V07_P09,numeric
W132,P10,W132_V06_P10,W132_V07_P10,major_semantic
W132,P01,W132_V07_P01,W132_V08_P01,semantic
W132,P02,W132_V07_P02,W132_V08_P02,numeric
W132,P03,W132_V07_P03,W132_V08_P03,major_semantic
W132,P04,W132_V07_P04,W132_V08_P04,reordering
W132,P05,W132_V07_P05,W132_V08_P05,date_time
W132,P06,W132_V07_P06,W132_V08_P06,deletion
W132,P07,W132_V07_P07,W132_V08_P07,addition
W132,P08,W132_V07_P08,W132_V08_P08,requirement
W132,P09,W132_V07_P09,W132_V08_P09,policy
W132,P10,W132_V07_P10,W132_V08_P10,semantic
W132,P01,W132_V08_P01,W132_V09_P01,requirement
W132,P02,W132_V08_P02,W132_V09_P02,policy
W132,P03,W132_V08_P03,W132_V09_P03,semantic
W132,P04,W132_V08_P04,W132_V09_P04,numeric
W132,P05,W132_V08_P05,W132_V09_P05,major_semantic
W132,P06,W132_V08_P06,W132_V09_P06,reordering
W132,P07,W132_V08_P07,W132_V09_P07,date_time
W132,P08,W132_V08_P08,W132_V09_P08,deletion
W132,P09,W132_V08_P09,W132_V09_P09,addition
W132,P10,W132_V08_P10,W132_V09_P10,requirement
W132,P01,W132_V09_P01,W132_V10_P01,deletion
W132,P02,W132_V09_P02,W132_V10_P02,addition
W132,P03,W132_V09_P03,W132_V10_P03,requirement
W132,P04,W132_V09_P04,W132_V10_P04,policy
W132,P05,W132_V09_P05,W132_V10_P05,semantic
W132,P06,W132_V09_P06,W132_V10_P06,numeric
W132,P07,W132_V09_P07,W132_V10_P07,major_semantic
W132,P08,W132_V09_P08,W132_V10_P08,reordering
W132,P09,W132_V09_P09,W132_V10_P09,date_time
W132,P10,W132_V09_P10,W132_V10_P10,deletion
W133,P01,W133_V01_P01,W133_V02_P01,date_time
W133,P02,W133_V01_P02,W133_V02_P02,deletion
W133,P03,W133_V01_P03,W133_V02_P03,addition
W133,P04,W133_V01_P04,W133_V02_P04,requirement
W133,P05,W133_V01_P05,W133_V02_P05,policy
W133,P06,W133_V01_P06,W133_V02_P06,semantic
W133,P07,W133_V01_P07,W133_V02_P07,numeric
W133,P08,W133_V01_P08,W133_V02_P08,major_semantic
W133,P09,W133_V01_P09,W133_V02_P09,reordering
W133,P10,W133_V01_P10,W133_V02_P10,date_time
W133,P01,W133_V02_P01,W133_V03_P01,major_semantic
W133,P02,W133_V02_P02,W133_V03_P02,reordering
W133,P03,W133_V02_P03,W133_V03_P03,date_time
W133,P04,W133_V02_P04,W133_V03_P04,deletion
W133,P05,W133_V02_P05,W133_V03_P05,addition
W133,P06,W133_V02_P06,W133_V03_P06,requirement
W133,P07,W133_V02_P07,W133_V03_P07,policy
W133,P08,W133_V02_P08,W133_V03_P08,semantic
W133,P09,W133_V02_P09,W133_V03_P09,numeric
W133,P10,W133_V02_P10,W133_V03_P10,major_semantic
W133,P01,W133_V03_P01,W133_V04_P01,semantic
W133,P02,W133_V03_P02,W133_V04_P02,numeric
W133,P03,W133_V03_P03,W133_V04_P03,major_semantic
W133,P04,W133_V03_P04,W133_V04_P04,reordering
W133,P05,W133_V03_P05,W133_V04_P05,date_time
W133,P06,W133_V03_P06,W133_V04_P06,deletion
W133,P07,W133_V03_P07,W133_V04_P07,addition
W133,P08,W133_V03_P08,W133_V04_P08,requirement
W133,P09,W133_V03_P09,W133_V04_P09,policy
W133,P10,W133_V03_P10,W133_V04_P10,semantic
W133,P01,W133_V04_P01,W133_V05_P01,requirement
W133,P02,W133_V04_P02,W133_V05_P02,policy
W133,P03,W133_V04_P03,W133_V05_P03,semantic
W133,P04,W133_V04_P04,W133_V05_P04,numeric
W133,P05,W133_V04_P05,W133_V05_P05,major_semantic
W133,P06,W133_V04_P06,W133_V05_P06,reordering
W133,P07,W133_V04_P07,W133_V05_P07,date_time
W133,P08,W133_V04_P08,W133_V05_P08,deletion
W133,P09,W133_V04_P09,W133_V05_P09,addition
W133,P10,W133_V04_P10,W133_V05_P10,requirement
W133,P01,W133_V05_P01,W133_V06_P01,deletion
W133,P02,W133_V05_P02,W133_V06_P02,addition
W133,P03,W133_V05_P03,W133_V06_P03,requirement
W133,P04,W133_V05_P04,W133_V06_P04,policy
W133,P05,W133_V05_P05,W133_V06_P05,semantic
W133,P06,W133_V05_P06,W133_V06_P06,numeric
W133,P07,W133_V05_P07,W133_V06_P07,major_semantic
W133,P08,W133_V05_P08,W133_V06_P08,reordering
W133,P09,W133_V05_P09,W133_V06_P09,date_time
W133,P10,W133_V05_P10,W133_V06_P10,deletion
W133,P01,W133_V06_P01,W133_V07_P01,reordering
W133,P02,W133_V06_P02,W133_V07_P02,date_time
W133,P03,W133_V06_P03,W133_V07_P03,deletion
W133,P04,W133_V06_P04,W133_V07_P04,addition
W133,P05,W133_V06_P05,W133_V07_P05,requirement
W133,P06,W133_V06_P06,W133_V07_P06,policy
W133,P07,W133_V06_P07,W133_V07_P07,semantic
W133,P08,W133_V06_P08,W133_V07_P08,numeric
W133,P09,W133_V06_P09,W133_V07_P09,major_semantic
W133,P10,W133_V06_P10,W133_V07_P10,reordering
W133,P01,W133_V07_P01,W133_V08_P01,numeric
W133,P02,W133_V07_P02,W133_V08_P02,major_semantic
W133,P03,W133_V07_P03,W133_V08_P03,reordering
W133,P04,W133_V07_P04,W133_V08_P04,date_time
W133,P05,W133_V07_P05,W133_V08_P05,deletion
W133,P06,W133_V07_P06,W133_V08_P06,addition
W133,P07,W133_V07_P07,W133_V08_P07,requirement
W133,P08,W133_V07_P08,W133_V08_P08,policy
W133,P09,W133_V07_P09,W133_V08_P09,semantic
W133,P10,W133_V07_P10,W133_V08_P10,numeric
W133,P01,W133_V08_P01,W133_V09_P01,policy
W133,P02,W133_V08_P02,W133_V09_P02,semantic
W133,P03,W133_V08_P03,W133_V09_P03,numeric
W133,P04,W133_V08_P04,W133_V09_P04,major_semantic
W133,P05,W133_V08_P05,W133_V09_P05,reordering
W133,P06,W133_V08_P06,W133_V09_P06,date_time
W133,P07,W133_V08_P07,W133_V09_P07,deletion
W133,P08,W133_V08_P08,W133_V09_P08,addition
W133,P09,W133_V08_P09,W133_V09_P09,requirement
W133,P10,W133_V08_P10,W133_V09_P10,policy
W133,P01,W133_V09_P01,W133_V10_P01,addition
W133,P02,W133_V09_P02,W133_V10_P02,requirement
W133,P03,W133_V09_P03,W133_V10_P03,policy
W133,P04,W133_V09_P04,W133_V10_P04,semantic
W133,P05,W133_V09_P05,W133_V10_P05,numeric
W133,P06,W133_V09_P06,W133_V10_P06,major_semantic
W133,P07,W133_V09_P07,W133_V10_P07,reordering
W133,P08,W133_V09_P08,W133_V10_P08,date_time
W133,P09,W133_V09_P09,W133_V10_P09,deletion
W133,P10,W133_V09_P10,W133_V10_P10,addition
W134,P01,W134_V01_P01,W134_V02_P01,deletion
W134,P02,W134_V01_P02,W134_V02_P02,addition
W134,P03,W134_V01_P03,W134_V02_P03,requirement
W134,P04,W134_V01_P04,W134_V02_P04,policy
W134,P05,W134_V01_P05,W134_V02_P05,semantic
W134,P06,W134_V01_P06,W134_V02_P06,numeric
W134,P07,W134_V01_P07,W134_V02_P07,major_semantic
W134,P08,W134_V01_P08,W134_V02_P08,reordering
W134,P09,W134_V01_P09,W134_V02_P09,date_time
W134,P10,W134_V01_P10,W134_V02_P10,deletion
W134,P01,W134_V02_P01,W134_V03_P01,reordering
W134,P02,W134_V02_P02,W134_V03_P02,date_time
W134,P03,W134_V02_P03,W134_V03_P03,deletion
W134,P04,W134_V02_P04,W134_V03_P04,addition
W134,P05,W134_V02_P05,W134_V03_P05,requirement
W134,P06,W134_V02_P06,W134_V03_P06,policy
W134,P07,W134_V02_P07,W134_V03_P07,semantic
W134,P08,W134_V02_P08,W134_V03_P08,numeric
W134,P09,W134_V02_P09,W134_V03_P09,major_semantic
W134,P10,W134_V02_P10,W134_V03_P10,reordering
W134,P01,W134_V03_P01,W134_V04_P01,numeric
W134,P02,W134_V03_P02,W134_V04_P02,major_semantic
W134,P03,W134_V03_P03,W134_V04_P03,reordering
W134,P04,W134_V03_P04,W134_V04_P04,date_time
W134,P05,W134_V03_P05,W134_V04_P05,deletion
W134,P06,W134_V03_P06,W134_V04_P06,addition
W134,P07,W134_V03_P07,W134_V04_P07,requirement
W134,P08,W134_V03_P08,W134_V04_P08,policy
W134,P09,W134_V03_P09,W134_V04_P09,semantic
W134,P10,W134_V03_P10,W134_V04_P10,numeric
W134,P01,W134_V04_P01,W134_V05_P01,policy
W134,P02,W134_V04_P02,W134_V05_P02,semantic
W134,P03,W134_V04_P03,W134_V05_P03,numeric
W134,P04,W134_V04_P04,W134_V05_P04,major_semantic
W134,P05,W134_V04_P05,W134_V05_P05,reordering
W134,P06,W134_V04_P06,W134_V05_P06,date_time
W134,P07,W134_V04_P07,W134_V05_P07,deletion
W134,P08,W134_V04_P08,W134_V05_P08,addition
W134,P09,W134_V04_P09,W134_V05_P09,requirement
W134,P10,W134_V04_P10,W134_V05_P10,policy
W134,P01,W134_V05_P01,W134_V06_P01,addition
W134,P02,W134_V05_P02,W134_V06_P02,requirement
W134,P03,W134_V05_P03,W134_V06_P03,policy
W134,P04,W134_V05_P04,W134_V06_P04,semantic
W134,P05,W134_V05_P05,W134_V06_P05,numeric
W134,P06,W134_V05_P06,W134_V06_P06,major_semantic
W134,P07,W134_V05_P07,W134_V06_P07,reordering
W134,P08,W134_V05_P08,W134_V06_P08,date_time
W134,P09,W134_V05_P09,W134_V06_P09,deletion
W134,P10,W134_V05_P10,W134_V06_P10,addition
W134,P01,W134_V06_P01,W134_V07_P01,date_time
W134,P02,W134_V06_P02,W134_V07_P02,deletion
W134,P03,W134_V06_P03,W134_V07_P03,addition
W134,P04,W134_V06_P04,W134_V07_P04,requirement
W134,P05,W134_V06_P05,W134_V07_P05,policy
W134,P06,W134_V06_P06,W134_V07_P06,semantic
W134,P07,W134_V06_P07,W134_V07_P07,numeric
W134,P08,W134_V06_P08,W134_V07_P08,major_semantic
W134,P09,W134_V06_P09,W134_V07_P09,reordering
W134,P10,W134_V06_P10,W134_V07_P10,date_time
W134,P01,W134_V07_P01,W134_V08_P01,major_semantic
W134,P02,W134_V07_P02,W134_V08_P02,reordering
W134,P03,W134_V07_P03,W134_V08_P03,date_time
W134,P04,W134_V07_P04,W134_V08_P04,deletion
W134,P05,W134_V07_P05,W134_V08_P05,addition
W134,P06,W134_V07_P06,W134_V08_P06,requirement
W134,P07,W134_V07_P07,W134_V08_P07,policy
W134,P08,W134_V07_P08,W134_V08_P08,semantic
W134,P09,W134_V07_P09,W134_V08_P09,numeric
W134,P10,W134_V07_P10,W134_V08_P10,major_semantic
W134,P01,W134_V08_P01,W134_V09_P01,semantic
W134,P02,W134_V08_P02,W134_V09_P02,numeric
W134,P03,W134_V08_P03,W134_V09_P03,major_semantic
W134,P04,W134_V08_P04,W134_V09_P04,reordering
W134,P05,W134_V08_P05,W134_V09_P05,date_time
W134,P06,W134_V08_P06,W134_V09_P06,deletion
W134,P07,W134_V08_P07,W134_V09_P07,addition
W134,P08,W134_V08_P08,W134_V09_P08,requirement
W134,P09,W134_V08_P09,W134_V09_P09,policy
W134,P10,W134_V08_P10,W134_V09_P10,semantic
W134,P01,W134_V09_P01,W134_V10_P01,requirement
W134,P02,W134_V09_P02,W134_V10_P02,policy
W134,P03,W134_V09_P03,W134_V10_P03,semantic
W134,P04,W134_V09_P04,W134_V10_P04,numeric
W134,P05,W134_V09_P05,W134_V10_P05,major_semantic
W134,P06,W134_V09_P06,W134_V10_P06,reordering
W134,P07,W134_V09_P07,W134_V10_P07,date_time
W134,P08,W134_V09_P08,W134_V10_P08,deletion
W134,P09,W134_V09_P09,W134_V10_P09,addition
W134,P10,W134_V09_P10,W134_V10_P10,requirement
W135,P01,W135_V01_P01,W135_V02_P01,addition
W135,P02,W135_V01_P02,W135_V02_P02,requirement
W135,P03,W135_V01_P03,W135_V02_P03,policy
W135,P04,W135_V01_P04,W135_V02_P04,semantic
W135,P05,W135_V01_P05,W135_V02_P05,numeric
W135,P06,W135_V01_P06,W135_V02_P06,major_semantic
W135,P07,W135_V01_P07,W135_V02_P07,reordering
W135,P08,W135_V01_P08,W135_V02_P08,date_time
W135,P09,W135_V01_P09,W135_V02_P09,deletion
W135,P10,W135_V01_P10,W135_V02_P10,addition
W135,P01,W135_V02_P01,W135_V03_P01,date_time
W135,P02,W135_V02_P02,W135_V03_P02,deletion
W135,P03,W135_V02_P03,W135_V03_P03,addition
W135,P04,W135_V02_P04,W135_V03_P04,requirement
W135,P05,W135_V02_P05,W135_V03_P05,policy
W135,P06,W135_V02_P06,W135_V03_P06,semantic
W135,P07,W135_V02_P07,W135_V03_P07,numeric
W135,P08,W135_V02_P08,W135_V03_P08,major_semantic
W135,P09,W135_V02_P09,W135_V03_P09,reordering
W135,P10,W135_V02_P10,W135_V03_P10,date_time
W135,P01,W135_V03_P01,W135_V04_P01,major_semantic
W135,P02,W135_V03_P02,W135_V04_P02,reordering
W135,P03,W135_V03_P03,W135_V04_P03,date_time
W135,P04,W135_V03_P04,W135_V04_P04,deletion
W135,P05,W135_V03_P05,W135_V04_P05,addition
W135,P06,W135_V03_P06,W135_V04_P06,requirement
W135,P07,W135_V03_P07,W135_V04_P07,policy
W135,P08,W135_V03_P08,W135_V04_P08,semantic
W135,P09,W135_V03_P09,W135_V04_P09,numeric
W135,P10,W135_V03_P10,W135_V04_P10,major_semantic
W135,P01,W135_V04_P01,W135_V05_P01,semantic
W135,P02,W135_V04_P02,W135_V05_P02,numeric
W135,P03,W135_V04_P03,W135_V05_P03,major_semantic
W135,P04,W135_V04_P04,W135_V05_P04,reordering
W135,P05,W135_V04_P05,W135_V05_P05,date_time
W135,P06,W135_V04_P06,W135_V05_P06,deletion
W135,P07,W135_V04_P07,W135_V05_P07,addition
W135,P08,W135_V04_P08,W135_V05_P08,requirement
W135,P09,W135_V04_P09,W135_V05_P09,policy
W135,P10,W135_V04_P10,W135_V05_P10,semantic
W135,P01,W135_V05_P01,W135_V06_P01,requirement
W135,P02,W135_V05_P02,W135_V06_P02,policy
W135,P03,W135_V05_P03,W135_V06_P03,semantic
W135,P04,W135_V05_P04,W135_V06_P04,numeric
W135,P05,W135_V05_P05,W135_V06_P05,major_semantic
W135,P06,W135_V05_P06,W135_V06_P06,reordering
W135,P07,W135_V05_P07,W135_V06_P07,date_time
W135,P08,W135_V05_P08,W135_V06_P08,deletion
W135,P09,W135_V05_P09,W135_V06_P09,addition
W135,P10,W135_V05_P10,W135_V06_P10,requirement
W135,P01,W135_V06_P01,W135_V07_P01,deletion
W135,P02,W135_V06_P02,W135_V07_P02,addition
W135,P03,W135_V06_P03,W135_V07_P03,requirement
W135,P04,W135_V06_P04,W135_V07_P04,policy
W135,P05,W135_V06_P05,W135_V07_P05,semantic
W135,P06,W135_V06_P06,W135_V07_P06,numeric
W135,P07,W135_V06_P07,W135_V07_P07,major_semantic
W135,P08,W135_V06_P08,W135_V07_P08,reordering
W135,P09,W135_V06_P09,W135_V07_P09,date_time
W135,P10,W135_V06_P10,W135_V07_P10,deletion
W135,P01,W135_V07_P01,W135_V08_P01,reordering
W135,P02,W135_V07_P02,W135_V08_P02,date_time
W135,P03,W135_V07_P03,W135_V08_P03,deletion
W135,P04,W135_V07_P04,W135_V08_P04,addition
W135,P05,W135_V07_P05,W135_V08_P05,requirement
W135,P06,W135_V07_P06,W135_V08_P06,policy
W135,P07,W135_V07_P07,W135_V08_P07,semantic
W135,P08,W135_V07_P08,W135_V08_P08,numeric
W135,P09,W135_V07_P09,W135_V08_P09,major_semantic
W135,P10,W135_V07_P10,W135_V08_P10,reordering
W135,P01,W135_V08_P01,W135_V09_P01,numeric
W135,P02,W135_V08_P02,W135_V09_P02,major_semantic
W135,P03,W135_V08_P03,W135_V09_P03,reordering
W135,P04,W135_V08_P04,W135_V09_P04,date_time
W135,P05,W135_V08_P05,W135_V09_P05,deletion
W135,P06,W135_V08_P06,W135_V09_P06,addition
W135,P07,W135_V08_P07,W135_V09_P07,requirement
W135,P08,W135_V08_P08,W135_V09_P08,policy
W135,P09,W135_V08_P09,W135_V09_P09,semantic
W135,P10,W135_V08_P10,W135_V09_P10,numeric
W135,P01,W135_V09_P01,W135_V10_P01,policy
W135,P02,W135_V09_P02,W135_V10_P02,semantic
W135,P03,W135_V09_P03,W135_V10_P03,numeric
W135,P04,W135_V09_P04,W135_V10_P04,major_semantic
W135,P05,W135_V09_P05,W135_V10_P05,reordering
W135,P06,W135_V09_P06,W135_V10_P06,date_time
W135,P07,W135_V09_P07,W135_V10_P07,deletion
W135,P08,W135_V09_P08,W135_V10_P08,addition
W135,P09,W135_V09_P09,W135_V10_P09,requirement
W135,P10,W135_V09_P10,W135_V10_P10,policy
W136,P01,W136_V01_P01,W136_V02_P01,requirement
W136,P02,W136_V01_P02,W136_V02_P02,policy
W136,P03,W136_V01_P03,W136_V02_P03,semantic
W136,P04,W136_V01_P04,W136_V02_P04,numeric
W136,P05,W136_V01_P05,W136_V02_P05,major_semantic
W136,P06,W136_V01_P06,W136_V02_P06,reordering
W136,P07,W136_V01_P07,W136_V02_P07,date_time
W136,P08,W136_V01_P08,W136_V02_P08,deletion
W136,P09,W136_V01_P09,W136_V02_P09,addition
W136,P10,W136_V01_P10,W136_V02_P10,requirement
W136,P01,W136_V02_P01,W136_V03_P01,deletion
W136,P02,W136_V02_P02,W136_V03_P02,addition
W136,P03,W136_V02_P03,W136_V03_P03,requirement
W136,P04,W136_V02_P04,W136_V03_P04,policy
W136,P05,W136_V02_P05,W136_V03_P05,semantic
W136,P06,W136_V02_P06,W136_V03_P06,numeric
W136,P07,W136_V02_P07,W136_V03_P07,major_semantic
W136,P08,W136_V02_P08,W136_V03_P08,reordering
W136,P09,W136_V02_P09,W136_V03_P09,date_time
W136,P10,W136_V02_P10,W136_V03_P10,deletion
W136,P01,W136_V03_P01,W136_V04_P01,reordering
W136,P02,W136_V03_P02,W136_V04_P02,date_time
W136,P03,W136_V03_P03,W136_V04_P03,deletion
W136,P04,W136_V03_P04,W136_V04_P04,addition
W136,P05,W136_V03_P05,W136_V04_P05,requirement
W136,P06,W136_V03_P06,W136_V04_P06,policy
W136,P07,W136_V03_P07,W136_V04_P07,semantic
W136,P08,W136_V03_P08,W136_V04_P08,numeric
W136,P09,W136_V03_P09,W136_V04_P09,major_semantic
W136,P10,W136_V03_P10,W136_V04_P10,reordering
W136,P01,W136_V04_P01,W136_V05_P01,numeric
W136,P02,W136_V04_P02,W136_V05_P02,major_semantic
W136,P03,W136_V04_P03,W136_V05_P03,reordering
W136,P04,W136_V04_P04,W136_V05_P04,date_time
W136,P05,W136_V04_P05,W136_V05_P05,deletion
W136,P06,W136_V04_P06,W136_V05_P06,addition
W136,P07,W136_V04_P07,W136_V05_P07,requirement
W136,P08,W136_V04_P08,W136_V05_P08,policy
W136,P09,W136_V04_P09,W136_V05_P09,semantic
W136,P10,W136_V04_P10,W136_V05_P10,numeric
W136,P01,W136_V05_P01,W136_V06_P01,policy
W136,P02,W136_V05_P02,W136_V06_P02,semantic
W136,P03,W136_V05_P03,W136_V06_P03,numeric
W136,P04,W136_V05_P04,W136_V06_P04,major_semantic
W136,P05,W136_V05_P05,W136_V06_P05,reordering
W136,P06,W136_V05_P06,W136_V06_P06,date_time
W136,P07,W136_V05_P07,W136_V06_P07,deletion
W136,P08,W136_V05_P08,W136_V06_P08,addition
W136,P09,W136_V05_P09,W136_V06_P09,requirement
W136,P10,W136_V05_P10,W136_V06_P10,policy
W136,P01,W136_V06_P01,W136_V07_P01,addition
W136,P02,W136_V06_P02,W136_V07_P02,requirement
W136,P03,W136_V06_P03,W136_V07_P03,policy
W136,P04,W136_V06_P04,W136_V07_P04,semantic
W136,P05,W136_V06_P05,W136_V07_P05,numeric
W136,P06,W136_V06_P06,W136_V07_P06,major_semantic
W136,P07,W136_V06_P07,W136_V07_P07,reordering
W136,P08,W136_V06_P08,W136_V07_P08,date_time
W136,P09,W136_V06_P09,W136_V07_P09,deletion
W136,P10,W136_V06_P10,W136_V07_P10,addition
W136,P01,W136_V07_P01,W136_V08_P01,date_time
W136,P02,W136_V07_P02,W136_V08_P02,deletion
W136,P03,W136_V07_P03,W136_V08_P03,addition
W136,P04,W136_V07_P04,W136_V08_P04,requirement
W136,P05,W136_V07_P05,W136_V08_P05,policy
W136,P06,W136_V07_P06,W136_V08_P06,semantic
W136,P07,W136_V07_P07,W136_V08_P07,numeric
W136,P08,W136_V07_P08,W136_V08_P08,major_semantic
W136,P09,W136_V07_P09,W136_V08_P09,reordering
W136,P10,W136_V07_P10,W136_V08_P10,date_time
W136,P01,W136_V08_P01,W136_V09_P01,major_semantic
W136,P02,W136_V08_P02,W136_V09_P02,reordering
W136,P03,W136_V08_P03,W136_V09_P03,date_time
W136,P04,W136_V08_P04,W136_V09_P04,deletion
W136,P05,W136_V08_P05,W136_V09_P05,addition
W136,P06,W136_V08_P06,W136_V09_P06,requirement
W136,P07,W136_V08_P07,W136_V09_P07,policy
W136,P08,W136_V08_P08,W136_V09_P08,semantic
W136,P09,W136_V08_P09,W136_V09_P09,numeric
W136,P10,W136_V08_P10,W136_V09_P10,major_semantic
W136,P01,W136_V09_P01,W136_V10_P01,semantic
W136,P02,W136_V09_P02,W136_V10_P02,numeric
W136,P03,W136_V09_P03,W136_V10_P03,major_semantic
W136,P04,W136_V09_P04,W136_V10_P04,reordering
W136,P05,W136_V09_P05,W136_V10_P05,date_time
W136,P06,W136_V09_P06,W136_V10_P06,deletion
W136,P07,W136_V09_P07,W136_V10_P07,addition
W136,P08,W136_V09_P08,W136_V10_P08,requirement
W136,P09,W136_V09_P09,W136_V10_P09,policy
W136,P10,W136_V09_P10,W136_V10_P10,semantic
W137,P01,W137_V01_P01,W137_V02_P01,policy
W137,P02,W137_V01_P02,W137_V02_P02,semantic
W137,P03,W137_V01_P03,W137_V02_P03,numeric
W137,P04,W137_V01_P04,W137_V02_P04,major_semantic
W137,P05,W137_V01_P05,W137_V02_P05,reordering
W137,P06,W137_V01_P06,W137_V02_P06,date_time
W137,P07,W137_V01_P07,W137_V02_P07,deletion
W137,P08,W137_V01_P08,W137_V02_P08,addition
W137,P09,W137_V01_P09,W137_V02_P09,requirement
W137,P10,W137_V01_P10,W137_V02_P10,policy
W137,P01,W137_V02_P01,W137_V03_P01,addition
W137,P02,W137_V02_P02,W137_V03_P02,requirement
W137,P03,W137_V02_P03,W137_V03_P03,policy
W137,P04,W137_V02_P04,W137_V03_P04,semantic
W137,P05,W137_V02_P05,W137_V03_P05,numeric
W137,P06,W137_V02_P06,W137_V03_P06,major_semantic
W137,P07,W137_V02_P07,W137_V03_P07,reordering
W137,P08,W137_V02_P08,W137_V03_P08,date_time
W137,P09,W137_V02_P09,W137_V03_P09,deletion
W137,P10,W137_V02_P10,W137_V03_P10,addition
W137,P01,W137_V03_P01,W137_V04_P01,date_time
W137,P02,W137_V03_P02,W137_V04_P02,deletion
W137,P03,W137_V03_P03,W137_V04_P03,addition
W137,P04,W137_V03_P04,W137_V04_P04,requirement
W137,P05,W137_V03_P05,W137_V04_P05,policy
W137,P06,W137_V03_P06,W137_V04_P06,semantic
W137,P07,W137_V03_P07,W137_V04_P07,numeric
W137,P08,W137_V03_P08,W137_V04_P08,major_semantic
W137,P09,W137_V03_P09,W137_V04_P09,reordering
W137,P10,W137_V03_P10,W137_V04_P10,date_time
W137,P01,W137_V04_P01,W137_V05_P01,major_semantic
W137,P02,W137_V04_P02,W137_V05_P02,reordering
W137,P03,W137_V04_P03,W137_V05_P03,date_time
W137,P04,W137_V04_P04,W137_V05_P04,deletion
W137,P05,W137_V04_P05,W137_V05_P05,addition
W137,P06,W137_V04_P06,W137_V05_P06,requirement
W137,P07,W137_V04_P07,W137_V05_P07,policy
W137,P08,W137_V04_P08,W137_V05_P08,semantic
W137,P09,W137_V04_P09,W137_V05_P09,numeric
W137,P10,W137_V04_P10,W137_V05_P10,major_semantic
W137,P01,W137_V05_P01,W137_V06_P01,semantic
W137,P02,W137_V05_P02,W137_V06_P02,numeric
W137,P03,W137_V05_P03,W137_V06_P03,major_semantic
W137,P04,W137_V05_P04,W137_V06_P04,reordering
W137,P05,W137_V05_P05,W137_V06_P05,date_time
W137,P06,W137_V05_P06,W137_V06_P06,deletion
W137,P07,W137_V05_P07,W137_V06_P07,addition
W137,P08,W137_V05_P08,W137_V06_P08,requirement
W137,P09,W137_V05_P09,W137_V06_P09,policy
W137,P10,W137_V05_P10,W137_V06_P10,semantic
W137,P01,W137_V06_P01,W137_V07_P01,requirement
W137,P02,W137_V06_P02,W137_V07_P02,policy
W137,P03,W137_V06_P03,W137_V07_P03,semantic
W137,P04,W137_V06_P04,W137_V07_P04,numeric
W137,P05,W137_V06_P05,W137_V07_P05,major_semantic
W137,P06,W137_V06_P06,W137_V07_P06,reordering
W137,P07,W137_V06_P07,W137_V07_P07,date_time
W137,P08,W137_V06_P08,W137_V07_P08,deletion
W137,P09,W137_V06_P09,W137_V07_P09,addition
W137,P10,W137_V06_P10,W137_V07_P10,requirement
W137,P01,W137_V07_P01,W137_V08_P01,deletion
W137,P02,W137_V07_P02,W137_V08_P02,addition
W137,P03,W137_V07_P03,W137_V08_P03,requirement
W137,P04,W137_V07_P04,W137_V08_P04,policy
W137,P05,W137_V07_P05,W137_V08_P05,semantic
W137,P06,W137_V07_P06,W137_V08_P06,numeric
W137,P07,W137_V07_P07,W137_V08_P07,major_semantic
W137,P08,W137_V07_P08,W137_V08_P08,reordering
W137,P09,W137_V07_P09,W137_V08_P09,date_time
W137,P10,W137_V07_P10,W137_V08_P10,deletion
W137,P01,W137_V08_P01,W137_V09_P01,reordering
W137,P02,W137_V08_P02,W137_V09_P02,date_time
W137,P03,W137_V08_P03,W137_V09_P03,deletion
W137,P04,W137_V08_P04,W137_V09_P04,addition
W137,P05,W137_V08_P05,W137_V09_P05,requirement
W137,P06,W137_V08_P06,W137_V09_P06,policy
W137,P07,W137_V08_P07,W137_V09_P07,semantic
W137,P08,W137_V08_P08,W137_V09_P08,numeric
W137,P09,W137_V08_P09,W137_V09_P09,major_semantic
W137,P10,W137_V08_P10,W137_V09_P10,reordering
W137,P01,W137_V09_P01,W137_V10_P01,numeric
W137,P02,W137_V09_P02,W137_V10_P02,major_semantic
W137,P03,W137_V09_P03,W137_V10_P03,reordering
W137,P04,W137_V09_P04,W137_V10_P04,date_time
W137,P05,W137_V09_P05,W137_V10_P05,deletion
W137,P06,W137_V09_P06,W137_V10_P06,addition
W137,P07,W137_V09_P07,W137_V10_P07,requirement
W137,P08,W137_V09_P08,W137_V10_P08,policy
W137,P09,W137_V09_P09,W137_V10_P09,semantic
W137,P10,W137_V09_P10,W137_V10_P10,numeric
W138,P01,W138_V01_P01,W138_V02_P01,semantic
W138,P02,W138_V01_P02,W138_V02_P02,numeric
W138,P03,W138_V01_P03,W138_V02_P03,major_semantic
W138,P04,W138_V01_P04,W138_V02_P04,reordering
W138,P05,W138_V01_P05,W138_V02_P05,date_time
W138,P06,W138_V01_P06,W138_V02_P06,deletion
W138,P07,W138_V01_P07,W138_V02_P07,addition
W138,P08,W138_V01_P08,W138_V02_P08,requirement
W138,P09,W138_V01_P09,W138_V02_P09,policy
W138,P10,W138_V01_P10,W138_V02_P10,semantic
W138,P01,W138_V02_P01,W138_V03_P01,requirement
W138,P02,W138_V02_P02,W138_V03_P02,policy
W138,P03,W138_V02_P03,W138_V03_P03,semantic
W138,P04,W138_V02_P04,W138_V03_P04,numeric
W138,P05,W138_V02_P05,W138_V03_P05,major_semantic
W138,P06,W138_V02_P06,W138_V03_P06,reordering
W138,P07,W138_V02_P07,W138_V03_P07,date_time
W138,P08,W138_V02_P08,W138_V03_P08,deletion
W138,P09,W138_V02_P09,W138_V03_P09,addition
W138,P10,W138_V02_P10,W138_V03_P10,requirement
W138,P01,W138_V03_P01,W138_V04_P01,deletion
W138,P02,W138_V03_P02,W138_V04_P02,addition
W138,P03,W138_V03_P03,W138_V04_P03,requirement
W138,P04,W138_V03_P04,W138_V04_P04,policy
W138,P05,W138_V03_P05,W138_V04_P05,semantic
W138,P06,W138_V03_P06,W138_V04_P06,numeric
W138,P07,W138_V03_P07,W138_V04_P07,major_semantic
W138,P08,W138_V03_P08,W138_V04_P08,reordering
W138,P09,W138_V03_P09,W138_V04_P09,date_time
W138,P10,W138_V03_P10,W138_V04_P10,deletion
W138,P01,W138_V04_P01,W138_V05_P01,reordering
W138,P02,W138_V04_P02,W138_V05_P02,date_time
W138,P03,W138_V04_P03,W138_V05_P03,deletion
W138,P04,W138_V04_P04,W138_V05_P04,addition
W138,P05,W138_V04_P05,W138_V05_P05,requirement
W138,P06,W138_V04_P06,W138_V05_P06,policy
W138,P07,W138_V04_P07,W138_V05_P07,semantic
W138,P08,W138_V04_P08,W138_V05_P08,numeric
W138,P09,W138_V04_P09,W138_V05_P09,major_semantic
W138,P10,W138_V04_P10,W138_V05_P10,reordering
W138,P01,W138_V05_P01,W138_V06_P01,numeric
W138,P02,W138_V05_P02,W138_V06_P02,major_semantic
W138,P03,W138_V05_P03,W138_V06_P03,reordering
W138,P04,W138_V05_P04,W138_V06_P04,date_time
W138,P05,W138_V05_P05,W138_V06_P05,deletion
W138,P06,W138_V05_P06,W138_V06_P06,addition
W138,P07,W138_V05_P07,W138_V06_P07,requirement
W138,P08,W138_V05_P08,W138_V06_P08,policy
W138,P09,W138_V05_P09,W138_V06_P09,semantic
W138,P10,W138_V05_P10,W138_V06_P10,numeric
W138,P01,W138_V06_P01,W138_V07_P01,policy
W138,P02,W138_V06_P02,W138_V07_P02,semantic
W138,P03,W138_V06_P03,W138_V07_P03,numeric
W138,P04,W138_V06_P04,W138_V07_P04,major_semantic
W138,P05,W138_V06_P05,W138_V07_P05,reordering
W138,P06,W138_V06_P06,W138_V07_P06,date_time
W138,P07,W138_V06_P07,W138_V07_P07,deletion
W138,P08,W138_V06_P08,W138_V07_P08,addition
W138,P09,W138_V06_P09,W138_V07_P09,requirement
W138,P10,W138_V06_P10,W138_V07_P10,policy
W138,P01,W138_V07_P01,W138_V08_P01,addition
W138,P02,W138_V07_P02,W138_V08_P02,requirement
W138,P03,W138_V07_P03,W138_V08_P03,policy
W138,P04,W138_V07_P04,W138_V08_P04,semantic
W138,P05,W138_V07_P05,W138_V08_P05,numeric
W138,P06,W138_V07_P06,W138_V08_P06,major_semantic
W138,P07,W138_V07_P07,W138_V08_P07,reordering
W138,P08,W138_V07_P08,W138_V08_P08,date_time
W138,P09,W138_V07_P09,W138_V08_P09,deletion
W138,P10,W138_V07_P10,W138_V08_P10,addition
W138,P01,W138_V08_P01,W138_V09_P01,date_time
W138,P02,W138_V08_P02,W138_V09_P02,deletion
W138,P03,W138_V08_P03,W138_V09_P03,addition
W138,P04,W138_V08_P04,W138_V09_P04,requirement
W138,P05,W138_V08_P05,W138_V09_P05,policy
W138,P06,W138_V08_P06,W138_V09_P06,semantic
W138,P07,W138_V08_P07,W138_V09_P07,numeric
W138,P08,W138_V08_P08,W138_V09_P08,major_semantic
W138,P09,W138_V08_P09,W138_V09_P09,reordering
W138,P10,W138_V08_P10,W138_V09_P10,date_time
W138,P01,W138_V09_P01,W138_V10_P01,major_semantic
W138,P02,W138_V09_P02,W138_V10_P02,reordering
W138,P03,W138_V09_P03,W138_V10_P03,date_time
W138,P04,W138_V09_P04,W138_V10_P04,deletion
W138,P05,W138_V09_P05,W138_V10_P05,addition
W138,P06,W138_V09_P06,W138_V10_P06,requirement
W138,P07,W138_V09_P07,W138_V10_P07,policy
W138,P08,W138_V09_P08,W138_V10_P08,semantic
W138,P09,W138_V09_P09,W138_V10_P09,numeric
W138,P10,W138_V09_P10,W138_V10_P10,major_semantic
W139,P01,W139_V01_P01,W139_V02_P01,numeric
W139,P02,W139_V01_P02,W139_V02_P02,major_semantic
W139,P03,W139_V01_P03,W139_V02_P03,reordering
W139,P04,W139_V01_P04,W139_V02_P04,date_time
W139,P05,W139_V01_P05,W139_V02_P05,deletion
W139,P06,W139_V01_P06,W139_V02_P06,addition
W139,P07,W139_V01_P07,W139_V02_P07,requirement
W139,P08,W139_V01_P08,W139_V02_P08,policy
W139,P09,W139_V01_P09,W139_V02_P09,semantic
W139,P10,W139_V01_P10,W139_V02_P10,numeric
W139,P01,W139_V02_P01,W139_V03_P01,policy
W139,P02,W139_V02_P02,W139_V03_P02,semantic
W139,P03,W139_V02_P03,W139_V03_P03,numeric
W139,P04,W139_V02_P04,W139_V03_P04,major_semantic
W139,P05,W139_V02_P05,W139_V03_P05,reordering
W139,P06,W139_V02_P06,W139_V03_P06,date_time
W139,P07,W139_V02_P07,W139_V03_P07,deletion
W139,P08,W139_V02_P08,W139_V03_P08,addition
W139,P09,W139_V02_P09,W139_V03_P09,requirement
W139,P10,W139_V02_P10,W139_V03_P10,policy
W139,P01,W139_V03_P01,W139_V04_P01,addition
W139,P02,W139_V03_P02,W139_V04_P02,requirement
W139,P03,W139_V03_P03,W139_V04_P03,policy
W139,P04,W139_V03_P04,W139_V04_P04,semantic
W139,P05,W139_V03_P05,W139_V04_P05,numeric
W139,P06,W139_V03_P06,W139_V04_P06,major_semantic
W139,P07,W139_V03_P07,W139_V04_P07,reordering
W139,P08,W139_V03_P08,W139_V04_P08,date_time
W139,P09,W139_V03_P09,W139_V04_P09,deletion
W139,P10,W139_V03_P10,W139_V04_P10,addition
W139,P01,W139_V04_P01,W139_V05_P01,date_time
W139,P02,W139_V04_P02,W139_V05_P02,deletion
W139,P03,W139_V04_P03,W139_V05_P03,addition
W139,P04,W139_V04_P04,W139_V05_P04,requirement
W139,P05,W139_V04_P05,W139_V05_P05,policy
W139,P06,W139_V04_P06,W139_V05_P06,semantic
W139,P07,W139_V04_P07,W139_V05_P07,numeric
W139,P08,W139_V04_P08,W139_V05_P08,major_semantic
W139,P09,W139_V04_P09,W139_V05_P09,reordering
W139,P10,W139_V04_P10,W139_V05_P10,date_time
W139,P01,W139_V05_P01,W139_V06_P01,major_semantic
W139,P02,W139_V05_P02,W139_V06_P02,reordering
W139,P03,W139_V05_P03,W139_V06_P03,date_time
W139,P04,W139_V05_P04,W139_V06_P04,deletion
W139,P05,W139_V05_P05,W139_V06_P05,addition
W139,P06,W139_V05_P06,W139_V06_P06,requirement
W139,P07,W139_V05_P07,W139_V06_P07,policy
W139,P08,W139_V05_P08,W139_V06_P08,semantic
W139,P09,W139_V05_P09,W139_V06_P09,numeric
W139,P10,W139_V05_P10,W139_V06_P10,major_semantic
W139,P01,W139_V06_P01,W139_V07_P01,semantic
W139,P02,W139_V06_P02,W139_V07_P02,numeric
W139,P03,W139_V06_P03,W139_V07_P03,major_semantic
W139,P04,W139_V06_P04,W139_V07_P04,reordering
W139,P05,W139_V06_P05,W139_V07_P05,date_time
W139,P06,W139_V06_P06,W139_V07_P06,deletion
W139,P07,W139_V06_P07,W139_V07_P07,addition
W139,P08,W139_V06_P08,W139_V07_P08,requirement
W139,P09,W139_V06_P09,W139_V07_P09,policy
W139,P10,W139_V06_P10,W139_V07_P10,semantic
W139,P01,W139_V07_P01,W139_V08_P01,requirement
W139,P02,W139_V07_P02,W139_V08_P02,policy
W139,P03,W139_V07_P03,W139_V08_P03,semantic
W139,P04,W139_V07_P04,W139_V08_P04,numeric
W139,P05,W139_V07_P05,W139_V08_P05,major_semantic
W139,P06,W139_V07_P06,W139_V08_P06,reordering
W139,P07,W139_V07_P07,W139_V08_P07,date_time
W139,P08,W139_V07_P08,W139_V08_P08,deletion
W139,P09,W139_V07_P09,W139_V08_P09,addition
W139,P10,W139_V07_P10,W139_V08_P10,requirement
W139,P01,W139_V08_P01,W139_V09_P01,deletion
W139,P02,W139_V08_P02,W139_V09_P02,addition
W139,P03,W139_V08_P03,W139_V09_P03,requirement
W139,P04,W139_V08_P04,W139_V09_P04,policy
W139,P05,W139_V08_P05,W139_V09_P05,semantic
W139,P06,W139_V08_P06,W139_V09_P06,numeric
W139,P07,W139_V08_P07,W139_V09_P07,major_semantic
W139,P08,W139_V08_P08,W139_V09_P08,reordering
W139,P09,W139_V08_P09,W139_V09_P09,date_time
W139,P10,W139_V08_P10,W139_V09_P10,deletion
W139,P01,W139_V09_P01,W139_V10_P01,reordering
W139,P02,W139_V09_P02,W139_V10_P02,date_time
W139,P03,W139_V09_P03,W139_V10_P03,deletion
W139,P04,W139_V09_P04,W139_V10_P04,addition
W139,P05,W139_V09_P05,W139_V10_P05,requirement
W139,P06,W139_V09_P06,W139_V10_P06,policy
W139,P07,W139_V09_P07,W139_V10_P07,semantic
W139,P08,W139_V09_P08,W139_V10_P08,numeric
W139,P09,W139_V09_P09,W139_V10_P09,major_semantic
W139,P10,W139_V09_P10,W139_V10_P10,reordering
W140,P01,W140_V01_P01,W140_V02_P01,major_semantic
W140,P02,W140_V01_P02,W140_V02_P02,reordering
W140,P03,W140_V01_P03,W140_V02_P03,date_time
W140,P04,W140_V01_P04,W140_V02_P04,deletion
W140,P05,W140_V01_P05,W140_V02_P05,addition
W140,P06,W140_V01_P06,W140_V02_P06,requirement
W140,P07,W140_V01_P07,W140_V02_P07,policy
W140,P08,W140_V01_P08,W140_V02_P08,semantic
W140,P09,W140_V01_P09,W140_V02_P09,numeric
W140,P10,W140_V01_P10,W140_V02_P10,major_semantic
W140,P01,W140_V02_P01,W140_V03_P01,semantic
W140,P02,W140_V02_P02,W140_V03_P02,numeric
W140,P03,W140_V02_P03,W140_V03_P03,major_semantic
W140,P04,W140_V02_P04,W140_V03_P04,reordering
W140,P05,W140_V02_P05,W140_V03_P05,date_time
W140,P06,W140_V02_P06,W140_V03_P06,deletion
W140,P07,W140_V02_P07,W140_V03_P07,addition
W140,P08,W140_V02_P08,W140_V03_P08,requirement
W140,P09,W140_V02_P09,W140_V03_P09,policy
W140,P10,W140_V02_P10,W140_V03_P10,semantic
W140,P01,W140_V03_P01,W140_V04_P01,requirement
W140,P02,W140_V03_P02,W140_V04_P02,policy
W140,P03,W140_V03_P03,W140_V04_P03,semantic
W140,P04,W140_V03_P04,W140_V04_P04,numeric
W140,P05,W140_V03_P05,W140_V04_P05,major_semantic
W140,P06,W140_V03_P06,W140_V04_P06,reordering
W140,P07,W140_V03_P07,W140_V04_P07,date_time
W140,P08,W140_V03_P08,W140_V04_P08,deletion
W140,P09,W140_V03_P09,W140_V04_P09,addition
W140,P10,W140_V03_P10,W140_V04_P10,requirement
W140,P01,W140_V04_P01,W140_V05_P01,deletion
W140,P02,W140_V04_P02,W140_V05_P02,addition
W140,P03,W140_V04_P03,W140_V05_P03,requirement
W140,P04,W140_V04_P04,W140_V05_P04,policy
W140,P05,W140_V04_P05,W140_V05_P05,semantic
W140,P06,W140_V04_P06,W140_V05_P06,numeric
W140,P07,W140_V04_P07,W140_V05_P07,major_semantic
W140,P08,W140_V04_P08,W140_V05_P08,reordering
W140,P09,W140_V04_P09,W140_V05_P09,date_time
W140,P10,W140_V04_P10,W140_V05_P10,deletion
W140,P01,W140_V05_P01,W140_V06_P01,reordering
W140,P02,W140_V05_P02,W140_V06_P02,date_time
W140,P03,W140_V05_P03,W140_V06_P03,deletion
W140,P04,W140_V05_P04,W140_V06_P04,addition
W140,P05,W140_V05_P05,W140_V06_P05,requirement
W140,P06,W140_V05_P06,W140_V06_P06,policy
W140,P07,W140_V05_P07,W140_V06_P07,semantic
W140,P08,W140_V05_P08,W140_V06_P08,numeric
W140,P09,W140_V05_P09,W140_V06_P09,major_semantic
W140,P10,W140_V05_P10,W140_V06_P10,reordering
W140,P01,W140_V06_P01,W140_V07_P01,numeric
W140,P02,W140_V06_P02,W140_V07_P02,major_semantic
W140,P03,W140_V06_P03,W140_V07_P03,reordering
W140,P04,W140_V06_P04,W140_V07_P04,date_time
W140,P05,W140_V06_P05,W140_V07_P05,deletion
W140,P06,W140_V06_P06,W140_V07_P06,addition
W140,P07,W140_V06_P07,W140_V07_P07,requirement
W140,P08,W140_V06_P08,W140_V07_P08,policy
W140,P09,W140_V06_P09,W140_V07_P09,semantic
W140,P10,W140_V06_P10,W140_V07_P10,numeric
W140,P01,W140_V07_P01,W140_V08_P01,policy
W140,P02,W140_V07_P02,W140_V08_P02,semantic
W140,P03,W140_V07_P03,W140_V08_P03,numeric
W140,P04,W140_V07_P04,W140_V08_P04,major_semantic
W140,P05,W140_V07_P05,W140_V08_P05,reordering
W140,P06,W140_V07_P06,W140_V08_P06,date_time
W140,P07,W140_V07_P07,W140_V08_P07,deletion
W140,P08,W140_V07_P08,W140_V08_P08,addition
W140,P09,W140_V07_P09,W140_V08_P09,requirement
W140,P10,W140_V07_P10,W140_V08_P10,policy
W140,P01,W140_V08_P01,W140_V09_P01,addition
W140,P02,W140_V08_P02,W140_V09_P02,requirement
W140,P03,W140_V08_P03,W140_V09_P03,policy
W140,P04,W140_V08_P04,W140_V09_P04,semantic
W140,P05,W140_V08_P05,W140_V09_P05,numeric
W140,P06,W140_V08_P06,W140_V09_P06,major_semantic
W140,P07,W140_V08_P07,W140_V09_P07,reordering
W140,P08,W140_V08_P08,W140_V09_P08,date_time
W140,P09,W140_V08_P09,W140_V09_P09,deletion
W140,P10,W140_V08_P10,W140_V09_P10,addition
W140,P01,W140_V09_P01,W140_V10_P01,date_time
W140,P02,W140_V09_P02,W140_V10_P02,deletion
W140,P03,W140_V09_P03,W140_V10_P03,addition
W140,P04,W140_V09_P04,W140_V10_P04,requirement
W140,P05,W140_V09_P05,W140_V10_P05,policy
W140,P06,W140_V09_P06,W140_V10_P06,semantic
W140,P07,W140_V09_P07,W140_V10_P07,numeric
W140,P08,W140_V09_P08,W140_V10_P08,major_semantic
W140,P09,W140_V09_P09,W140_V10_P09,reordering
W140,P10,W140_V09_P10,W140_V10_P10,date_time
W141,P01,W141_V01_P01,W141_V02_P01,reordering
W141,P02,W141_V01_P02,W141_V02_P02,date_time
W141,P03,W141_V01_P03,W141_V02_P03,deletion
W141,P04,W141_V01_P04,W141_V02_P04,addition
W141,P05,W141_V01_P05,W141_V02_P05,requirement
W141,P06,W141_V01_P06,W141_V02_P06,policy
W141,P07,W141_V01_P07,W141_V02_P07,semantic
W141,P08,W141_V01_P08,W141_V02_P08,numeric
W141,P09,W141_V01_P09,W141_V02_P09,major_semantic
W141,P10,W141_V01_P10,W141_V02_P10,reordering
W141,P01,W141_V02_P01,W141_V03_P01,numeric
W141,P02,W141_V02_P02,W141_V03_P02,major_semantic
W141,P03,W141_V02_P03,W141_V03_P03,reordering
W141,P04,W141_V02_P04,W141_V03_P04,date_time
W141,P05,W141_V02_P05,W141_V03_P05,deletion
W141,P06,W141_V02_P06,W141_V03_P06,addition
W141,P07,W141_V02_P07,W141_V03_P07,requirement
W141,P08,W141_V02_P08,W141_V03_P08,policy
W141,P09,W141_V02_P09,W141_V03_P09,semantic
W141,P10,W141_V02_P10,W141_V03_P10,numeric
W141,P01,W141_V03_P01,W141_V04_P01,policy
W141,P02,W141_V03_P02,W141_V04_P02,semantic
W141,P03,W141_V03_P03,W141_V04_P03,numeric
W141,P04,W141_V03_P04,W141_V04_P04,major_semantic
W141,P05,W141_V03_P05,W141_V04_P05,reordering
W141,P06,W141_V03_P06,W141_V04_P06,date_time
W141,P07,W141_V03_P07,W141_V04_P07,deletion
W141,P08,W141_V03_P08,W141_V04_P08,addition
W141,P09,W141_V03_P09,W141_V04_P09,requirement
W141,P10,W141_V03_P10,W141_V04_P10,policy
W141,P01,W141_V04_P01,W141_V05_P01,addition
W141,P02,W141_V04_P02,W141_V05_P02,requirement
W141,P03,W141_V04_P03,W141_V05_P03,policy
W141,P04,W141_V04_P04,W141_V05_P04,semantic
W141,P05,W141_V04_P05,W141_V05_P05,numeric
W141,P06,W141_V04_P06,W141_V05_P06,major_semantic
W141,P07,W141_V04_P07,W141_V05_P07,reordering
W141,P08,W141_V04_P08,W141_V05_P08,date_time
W141,P09,W141_V04_P09,W141_V05_P09,deletion
W141,P10,W141_V04_P10,W141_V05_P10,addition
W141,P01,W141_V05_P01,W141_V06_P01,date_time
W141,P02,W141_V05_P02,W141_V06_P02,deletion
W141,P03,W141_V05_P03,W141_V06_P03,addition
W141,P04,W141_V05_P04,W141_V06_P04,requirement
W141,P05,W141_V05_P05,W141_V06_P05,policy
W141,P06,W141_V05_P06,W141_V06_P06,semantic
W141,P07,W141_V05_P07,W141_V06_P07,numeric
W141,P08,W141_V05_P08,W141_V06_P08,major_semantic
W141,P09,W141_V05_P09,W141_V06_P09,reordering
W141,P10,W141_V05_P10,W141_V06_P10,date_time
W141,P01,W141_V06_P01,W141_V07_P01,major_semantic
W141,P02,W141_V06_P02,W141_V07_P02,reordering
W141,P03,W141_V06_P03,W141_V07_P03,date_time
W141,P04,W141_V06_P04,W141_V07_P04,deletion
W141,P05,W141_V06_P05,W141_V07_P05,addition
W141,P06,W141_V06_P06,W141_V07_P06,requirement
W141,P07,W141_V06_P07,W141_V07_P07,policy
W141,P08,W141_V06_P08,W141_V07_P08,semantic
W141,P09,W141_V06_P09,W141_V07_P09,numeric
W141,P10,W141_V06_P10,W141_V07_P10,major_semantic
W141,P01,W141_V07_P01,W141_V08_P01,semantic
W141,P02,W141_V07_P02,W141_V08_P02,numeric
W141,P03,W141_V07_P03,W141_V08_P03,major_semantic
W141,P04,W141_V07_P04,W141_V08_P04,reordering
W141,P05,W141_V07_P05,W141_V08_P05,date_time
W141,P06,W141_V07_P06,W141_V08_P06,deletion
W141,P07,W141_V07_P07,W141_V08_P07,addition
W141,P08,W141_V07_P08,W141_V08_P08,requirement
W141,P09,W141_V07_P09,W141_V08_P09,policy
W141,P10,W141_V07_P10,W141_V08_P10,semantic
W141,P01,W141_V08_P01,W141_V09_P01,requirement
W141,P02,W141_V08_P02,W141_V09_P02,policy
W141,P03,W141_V08_P03,W141_V09_P03,semantic
W141,P04,W141_V08_P04,W141_V09_P04,numeric
W141,P05,W141_V08_P05,W141_V09_P05,major_semantic
W141,P06,W141_V08_P06,W141_V09_P06,reordering
W141,P07,W141_V08_P07,W141_V09_P07,date_time
W141,P08,W141_V08_P08,W141_V09_P08,deletion
W141,P09,W141_V08_P09,W141_V09_P09,addition
W141,P10,W141_V08_P10,W141_V09_P10,requirement
W141,P01,W141_V09_P01,W141_V10_P01,deletion
W141,P02,W141_V09_P02,W141_V10_P02,addition
W141,P03,W141_V09_P03,W141_V10_P03,requirement
W141,P04,W141_V09_P04,W141_V10_P04,policy
W141,P05,W141_V09_P05,W141_V10_P05,semantic
W141,P06,W141_V09_P06,W141_V10_P06,numeric
W141,P07,W141_V09_P07,W141_V10_P07,major_semantic
W141,P08,W141_V09_P08,W141_V10_P08,reordering
W141,P09,W141_V09_P09,W141_V10_P09,date_time
W141,P10,W141_V09_P10,W141_V10_P10,deletion
W142,P01,W142_V01_P01,W142_V02_P01,date_time
W142,P02,W142_V01_P02,W142_V02_P02,deletion
W142,P03,W142_V01_P03,W142_V02_P03,addition
W142,P04,W142_V01_P04,W142_V02_P04,requirement
W142,P05,W142_V01_P05,W142_V02_P05,policy
W142,P06,W142_V01_P06,W142_V02_P06,semantic
W142,P07,W142_V01_P07,W142_V02_P07,numeric
W142,P08,W142_V01_P08,W142_V02_P08,major_semantic
W142,P09,W142_V01_P09,W142_V02_P09,reordering
W142,P10,W142_V01_P10,W142_V02_P10,date_time
W142,P01,W142_V02_P01,W142_V03_P01,major_semantic
W142,P02,W142_V02_P02,W142_V03_P02,reordering
W142,P03,W142_V02_P03,W142_V03_P03,date_time
W142,P04,W142_V02_P04,W142_V03_P04,deletion
W142,P05,W142_V02_P05,W142_V03_P05,addition
W142,P06,W142_V02_P06,W142_V03_P06,requirement
W142,P07,W142_V02_P07,W142_V03_P07,policy
W142,P08,W142_V02_P08,W142_V03_P08,semantic
W142,P09,W142_V02_P09,W142_V03_P09,numeric
W142,P10,W142_V02_P10,W142_V03_P10,major_semantic
W142,P01,W142_V03_P01,W142_V04_P01,semantic
W142,P02,W142_V03_P02,W142_V04_P02,numeric
W142,P03,W142_V03_P03,W142_V04_P03,major_semantic
W142,P04,W142_V03_P04,W142_V04_P04,reordering
W142,P05,W142_V03_P05,W142_V04_P05,date_time
W142,P06,W142_V03_P06,W142_V04_P06,deletion
W142,P07,W142_V03_P07,W142_V04_P07,addition
W142,P08,W142_V03_P08,W142_V04_P08,requirement
W142,P09,W142_V03_P09,W142_V04_P09,policy
W142,P10,W142_V03_P10,W142_V04_P10,semantic
W142,P01,W142_V04_P01,W142_V05_P01,requirement
W142,P02,W142_V04_P02,W142_V05_P02,policy
W142,P03,W142_V04_P03,W142_V05_P03,semantic
W142,P04,W142_V04_P04,W142_V05_P04,numeric
W142,P05,W142_V04_P05,W142_V05_P05,major_semantic
W142,P06,W142_V04_P06,W142_V05_P06,reordering
W142,P07,W142_V04_P07,W142_V05_P07,date_time
W142,P08,W142_V04_P08,W142_V05_P08,deletion
W142,P09,W142_V04_P09,W142_V05_P09,addition
W142,P10,W142_V04_P10,W142_V05_P10,requirement
W142,P01,W142_V05_P01,W142_V06_P01,deletion
W142,P02,W142_V05_P02,W142_V06_P02,addition
W142,P03,W142_V05_P03,W142_V06_P03,requirement
W142,P04,W142_V05_P04,W142_V06_P04,policy
W142,P05,W142_V05_P05,W142_V06_P05,semantic
W142,P06,W142_V05_P06,W142_V06_P06,numeric
W142,P07,W142_V05_P07,W142_V06_P07,major_semantic
W142,P08,W142_V05_P08,W142_V06_P08,reordering
W142,P09,W142_V05_P09,W142_V06_P09,date_time
W142,P10,W142_V05_P10,W142_V06_P10,deletion
W142,P01,W142_V06_P01,W142_V07_P01,reordering
W142,P02,W142_V06_P02,W142_V07_P02,date_time
W142,P03,W142_V06_P03,W142_V07_P03,deletion
W142,P04,W142_V06_P04,W142_V07_P04,addition
W142,P05,W142_V06_P05,W142_V07_P05,requirement
W142,P06,W142_V06_P06,W142_V07_P06,policy
W142,P07,W142_V06_P07,W142_V07_P07,semantic
W142,P08,W142_V06_P08,W142_V07_P08,numeric
W142,P09,W142_V06_P09,W142_V07_P09,major_semantic
W142,P10,W142_V06_P10,W142_V07_P10,reordering
W142,P01,W142_V07_P01,W142_V08_P01,numeric
W142,P02,W142_V07_P02,W142_V08_P02,major_semantic
W142,P03,W142_V07_P03,W142_V08_P03,reordering
W142,P04,W142_V07_P04,W142_V08_P04,date_time
W142,P05,W142_V07_P05,W142_V08_P05,deletion
W142,P06,W142_V07_P06,W142_V08_P06,addition
W142,P07,W142_V07_P07,W142_V08_P07,requirement
W142,P08,W142_V07_P08,W142_V08_P08,policy
W142,P09,W142_V07_P09,W142_V08_P09,semantic
W142,P10,W142_V07_P10,W142_V08_P10,numeric
W142,P01,W142_V08_P01,W142_V09_P01,policy
W142,P02,W142_V08_P02,W142_V09_P02,semantic
W142,P03,W142_V08_P03,W142_V09_P03,numeric
W142,P04,W142_V08_P04,W142_V09_P04,major_semantic
W142,P05,W142_V08_P05,W142_V09_P05,reordering
W142,P06,W142_V08_P06,W142_V09_P06,date_time
W142,P07,W142_V08_P07,W142_V09_P07,deletion
W142,P08,W142_V08_P08,W142_V09_P08,addition
W142,P09,W142_V08_P09,W142_V09_P09,requirement
W142,P10,W142_V08_P10,W142_V09_P10,policy
W142,P01,W142_V09_P01,W142_V10_P01,addition
W142,P02,W142_V09_P02,W142_V10_P02,requirement
W142,P03,W142_V09_P03,W142_V10_P03,policy
W142,P04,W142_V09_P04,W142_V10_P04,semantic
W142,P05,W142_V09_P05,W142_V10_P05,numeric
W142,P06,W142_V09_P06,W142_V10_P06,major_semantic
W142,P07,W142_V09_P07,W142_V10_P07,reordering
W142,P08,W142_V09_P08,W142_V10_P08,date_time
W142,P09,W142_V09_P09,W142_V10_P09,deletion
W142,P10,W142_V09_P10,W142_V10_P10,addition
W143,P01,W143_V01_P01,W143_V02_P01,deletion
W143,P02,W143_V01_P02,W143_V02_P02,addition
W143,P03,W143_V01_P03,W143_V02_P03,requirement
W143,P04,W143_V01_P04,W143_V02_P04,policy
W143,P05,W143_V01_P05,W143_V02_P05,semantic
W143,P06,W143_V01_P06,W143_V02_P06,numeric
W143,P07,W143_V01_P07,W143_V02_P07,major_semantic
W143,P08,W143_V01_P08,W143_V02_P08,reordering
W143,P09,W143_V01_P09,W143_V02_P09,date_time
W143,P10,W143_V01_P10,W143_V02_P10,deletion
W143,P01,W143_V02_P01,W143_V03_P01,reordering
W143,P02,W143_V02_P02,W143_V03_P02,date_time
W143,P03,W143_V02_P03,W143_V03_P03,deletion
W143,P04,W143_V02_P04,W143_V03_P04,addition
W143,P05,W143_V02_P05,W143_V03_P05,requirement
W143,P06,W143_V02_P06,W143_V03_P06,policy
W143,P07,W143_V02_P07,W143_V03_P07,semantic
W143,P08,W143_V02_P08,W143_V03_P08,numeric
W143,P09,W143_V02_P09,W143_V03_P09,major_semantic
W143,P10,W143_V02_P10,W143_V03_P10,reordering
W143,P01,W143_V03_P01,W143_V04_P01,numeric
W143,P02,W143_V03_P02,W143_V04_P02,major_semantic
W143,P03,W143_V03_P03,W143_V04_P03,reordering
W143,P04,W143_V03_P04,W143_V04_P04,date_time
W143,P05,W143_V03_P05,W143_V04_P05,deletion
W143,P06,W143_V03_P06,W143_V04_P06,addition
W143,P07,W143_V03_P07,W143_V04_P07,requirement
W143,P08,W143_V03_P08,W143_V04_P08,policy
W143,P09,W143_V03_P09,W143_V04_P09,semantic
W143,P10,W143_V03_P10,W143_V04_P10,numeric
W143,P01,W143_V04_P01,W143_V05_P01,policy
W143,P02,W143_V04_P02,W143_V05_P02,semantic
W143,P03,W143_V04_P03,W143_V05_P03,numeric
W143,P04,W143_V04_P04,W143_V05_P04,major_semantic
W143,P05,W143_V04_P05,W143_V05_P05,reordering
W143,P06,W143_V04_P06,W143_V05_P06,date_time
W143,P07,W143_V04_P07,W143_V05_P07,deletion
W143,P08,W143_V04_P08,W143_V05_P08,addition
W143,P09,W143_V04_P09,W143_V05_P09,requirement
W143,P10,W143_V04_P10,W143_V05_P10,policy
W143,P01,W143_V05_P01,W143_V06_P01,addition
W143,P02,W143_V05_P02,W143_V06_P02,requirement
W143,P03,W143_V05_P03,W143_V06_P03,policy
W143,P04,W143_V05_P04,W143_V06_P04,semantic
W143,P05,W143_V05_P05,W143_V06_P05,numeric
W143,P06,W143_V05_P06,W143_V06_P06,major_semantic
W143,P07,W143_V05_P07,W143_V06_P07,reordering
W143,P08,W143_V05_P08,W143_V06_P08,date_time
W143,P09,W143_V05_P09,W143_V06_P09,deletion
W143,P10,W143_V05_P10,W143_V06_P10,addition
W143,P01,W143_V06_P01,W143_V07_P01,date_time
W143,P02,W143_V06_P02,W143_V07_P02,deletion
W143,P03,W143_V06_P03,W143_V07_P03,addition
W143,P04,W143_V06_P04,W143_V07_P04,requirement
W143,P05,W143_V06_P05,W143_V07_P05,policy
W143,P06,W143_V06_P06,W143_V07_P06,semantic
W143,P07,W143_V06_P07,W143_V07_P07,numeric
W143,P08,W143_V06_P08,W143_V07_P08,major_semantic
W143,P09,W143_V06_P09,W143_V07_P09,reordering
W143,P10,W143_V06_P10,W143_V07_P10,date_time
W143,P01,W143_V07_P01,W143_V08_P01,major_semantic
W143,P02,W143_V07_P02,W143_V08_P02,reordering
W143,P03,W143_V07_P03,W143_V08_P03,date_time
W143,P04,W143_V07_P04,W143_V08_P04,deletion
W143,P05,W143_V07_P05,W143_V08_P05,addition
W143,P06,W143_V07_P06,W143_V08_P06,requirement
W143,P07,W143_V07_P07,W143_V08_P07,policy
W143,P08,W143_V07_P08,W143_V08_P08,semantic
W143,P09,W143_V07_P09,W143_V08_P09,numeric
W143,P10,W143_V07_P10,W143_V08_P10,major_semantic
W143,P01,W143_V08_P01,W143_V09_P01,semantic
W143,P02,W143_V08_P02,W143_V09_P02,numeric
W143,P03,W143_V08_P03,W143_V09_P03,major_semantic
W143,P04,W143_V08_P04,W143_V09_P04,reordering
W143,P05,W143_V08_P05,W143_V09_P05,date_time
W143,P06,W143_V08_P06,W143_V09_P06,deletion
W143,P07,W143_V08_P07,W143_V09_P07,addition
W143,P08,W143_V08_P08,W143_V09_P08,requirement
W143,P09,W143_V08_P09,W143_V09_P09,policy
W143,P10,W143_V08_P10,W143_V09_P10,semantic
W143,P01,W143_V09_P01,W143_V10_P01,requirement
W143,P02,W143_V09_P02,W143_V10_P02,policy
W143,P03,W143_V09_P03,W143_V10_P03,semantic
W143,P04,W143_V09_P04,W143_V10_P04,numeric
W143,P05,W143_V09_P05,W143_V10_P05,major_semantic
W143,P06,W143_V09_P06,W143_V10_P06,reordering
W143,P07,W143_V09_P07,W143_V10_P07,date_time
W143,P08,W143_V09_P08,W143_V10_P08,deletion
W143,P09,W143_V09_P09,W143_V10_P09,addition
W143,P10,W143_V09_P10,W143_V10_P10,requirement
W144,P01,W144_V01_P01,W144_V02_P01,addition
W144,P02,W144_V01_P02,W144_V02_P02,requirement
W144,P03,W144_V01_P03,W144_V02_P03,policy
W144,P04,W144_V01_P04,W144_V02_P04,semantic
W144,P05,W144_V01_P05,W144_V02_P05,numeric
W144,P06,W144_V01_P06,W144_V02_P06,major_semantic
W144,P07,W144_V01_P07,W144_V02_P07,reordering
W144,P08,W144_V01_P08,W144_V02_P08,date_time
W144,P09,W144_V01_P09,W144_V02_P09,deletion
W144,P10,W144_V01_P10,W144_V02_P10,addition
W144,P01,W144_V02_P01,W144_V03_P01,date_time
W144,P02,W144_V02_P02,W144_V03_P02,deletion
W144,P03,W144_V02_P03,W144_V03_P03,addition
W144,P04,W144_V02_P04,W144_V03_P04,requirement
W144,P05,W144_V02_P05,W144_V03_P05,policy
W144,P06,W144_V02_P06,W144_V03_P06,semantic
W144,P07,W144_V02_P07,W144_V03_P07,numeric
W144,P08,W144_V02_P08,W144_V03_P08,major_semantic
W144,P09,W144_V02_P09,W144_V03_P09,reordering
W144,P10,W144_V02_P10,W144_V03_P10,date_time
W144,P01,W144_V03_P01,W144_V04_P01,major_semantic
W144,P02,W144_V03_P02,W144_V04_P02,reordering
W144,P03,W144_V03_P03,W144_V04_P03,date_time
W144,P04,W144_V03_P04,W144_V04_P04,deletion
W144,P05,W144_V03_P05,W144_V04_P05,addition
W144,P06,W144_V03_P06,W144_V04_P06,requirement
W144,P07,W144_V03_P07,W144_V04_P07,policy
W144,P08,W144_V03_P08,W144_V04_P08,semantic
W144,P09,W144_V03_P09,W144_V04_P09,numeric
W144,P10,W144_V03_P10,W144_V04_P10,major_semantic
W144,P01,W144_V04_P01,W144_V05_P01,semantic
W144,P02,W144_V04_P02,W144_V05_P02,numeric
W144,P03,W144_V04_P03,W144_V05_P03,major_semantic
W144,P04,W144_V04_P04,W144_V05_P04,reordering
W144,P05,W144_V04_P05,W144_V05_P05,date_time
W144,P06,W144_V04_P06,W144_V05_P06,deletion
W144,P07,W144_V04_P07,W144_V05_P07,addition
W144,P08,W144_V04_P08,W144_V05_P08,requirement
W144,P09,W144_V04_P09,W144_V05_P09,policy
W144,P10,W144_V04_P10,W144_V05_P10,semantic
W144,P01,W144_V05_P01,W144_V06_P01,requirement
W144,P02,W144_V05_P02,W144_V06_P02,policy
W144,P03,W144_V05_P03,W144_V06_P03,semantic
W144,P04,W144_V05_P04,W144_V06_P04,numeric
W144,P05,W144_V05_P05,W144_V06_P05,major_semantic
W144,P06,W144_V05_P06,W144_V06_P06,reordering
W144,P07,W144_V05_P07,W144_V06_P07,date_time
W144,P08,W144_V05_P08,W144_V06_P08,deletion
W144,P09,W144_V05_P09,W144_V06_P09,addition
W144,P10,W144_V05_P10,W144_V06_P10,requirement
W144,P01,W144_V06_P01,W144_V07_P01,deletion
W144,P02,W144_V06_P02,W144_V07_P02,addition
W144,P03,W144_V06_P03,W144_V07_P03,requirement
W144,P04,W144_V06_P04,W144_V07_P04,policy
W144,P05,W144_V06_P05,W144_V07_P05,semantic
W144,P06,W144_V06_P06,W144_V07_P06,numeric
W144,P07,W144_V06_P07,W144_V07_P07,major_semantic
W144,P08,W144_V06_P08,W144_V07_P08,reordering
W144,P09,W144_V06_P09,W144_V07_P09,date_time
W144,P10,W144_V06_P10,W144_V07_P10,deletion
W144,P01,W144_V07_P01,W144_V08_P01,reordering
W144,P02,W144_V07_P02,W144_V08_P02,date_time
W144,P03,W144_V07_P03,W144_V08_P03,deletion
W144,P04,W144_V07_P04,W144_V08_P04,addition
W144,P05,W144_V07_P05,W144_V08_P05,requirement
W144,P06,W144_V07_P06,W144_V08_P06,policy
W144,P07,W144_V07_P07,W144_V08_P07,semantic
W144,P08,W144_V07_P08,W144_V08_P08,numeric
W144,P09,W144_V07_P09,W144_V08_P09,major_semantic
W144,P10,W144_V07_P10,W144_V08_P10,reordering
W144,P01,W144_V08_P01,W144_V09_P01,numeric
W144,P02,W144_V08_P02,W144_V09_P02,major_semantic
W144,P03,W144_V08_P03,W144_V09_P03,reordering
W144,P04,W144_V08_P04,W144_V09_P04,date_time
W144,P05,W144_V08_P05,W144_V09_P05,deletion
W144,P06,W144_V08_P06,W144_V09_P06,addition
W144,P07,W144_V08_P07,W144_V09_P07,requirement
W144,P08,W144_V08_P08,W144_V09_P08,policy
W144,P09,W144_V08_P09,W144_V09_P09,semantic
W144,P10,W144_V08_P10,W144_V09_P10,numeric
W144,P01,W144_V09_P01,W144_V10_P01,policy
W144,P02,W144_V09_P02,W144_V10_P02,semantic
W144,P03,W144_V09_P03,W144_V10_P03,numeric
W144,P04,W144_V09_P04,W144_V10_P04,major_semantic
W144,P05,W144_V09_P05,W144_V10_P05,reordering
W144,P06,W144_V09_P06,W144_V10_P06,date_time
W144,P07,W144_V09_P07,W144_V10_P07,deletion
W144,P08,W144_V09_P08,W144_V10_P08,addition
W144,P09,W144_V09_P09,W144_V10_P09,requirement
W144,P10,W144_V09_P10,W144_V10_P10,policy
W145,P01,W145_V01_P01,W145_V02_P01,requirement
W145,P02,W145_V01_P02,W145_V02_P02,policy
W145,P03,W145_V01_P03,W145_V02_P03,semantic
W145,P04,W145_V01_P04,W145_V02_P04,numeric
W145,P05,W145_V01_P05,W145_V02_P05,major_semantic
W145,P06,W145_V01_P06,W145_V02_P06,reordering
W145,P07,W145_V01_P07,W145_V02_P07,date_time
W145,P08,W145_V01_P08,W145_V02_P08,deletion
W145,P09,W145_V01_P09,W145_V02_P09,addition
W145,P10,W145_V01_P10,W145_V02_P10,requirement
W145,P01,W145_V02_P01,W145_V03_P01,deletion
W145,P02,W145_V02_P02,W145_V03_P02,addition
W145,P03,W145_V02_P03,W145_V03_P03,requirement
W145,P04,W145_V02_P04,W145_V03_P04,policy
W145,P05,W145_V02_P05,W145_V03_P05,semantic
W145,P06,W145_V02_P06,W145_V03_P06,numeric
W145,P07,W145_V02_P07,W145_V03_P07,major_semantic
W145,P08,W145_V02_P08,W145_V03_P08,reordering
W145,P09,W145_V02_P09,W145_V03_P09,date_time
W145,P10,W145_V02_P10,W145_V03_P10,deletion
W145,P01,W145_V03_P01,W145_V04_P01,reordering
W145,P02,W145_V03_P02,W145_V04_P02,date_time
W145,P03,W145_V03_P03,W145_V04_P03,deletion
W145,P04,W145_V03_P04,W145_V04_P04,addition
W145,P05,W145_V03_P05,W145_V04_P05,requirement
W145,P06,W145_V03_P06,W145_V04_P06,policy
W145,P07,W145_V03_P07,W145_V04_P07,semantic
W145,P08,W145_V03_P08,W145_V04_P08,numeric
W145,P09,W145_V03_P09,W145_V04_P09,major_semantic
W145,P10,W145_V03_P10,W145_V04_P10,reordering
W145,P01,W145_V04_P01,W145_V05_P01,numeric
W145,P02,W145_V04_P02,W145_V05_P02,major_semantic
W145,P03,W145_V04_P03,W145_V05_P03,reordering
W145,P04,W145_V04_P04,W145_V05_P04,date_time
W145,P05,W145_V04_P05,W145_V05_P05,deletion
W145,P06,W145_V04_P06,W145_V05_P06,addition
W145,P07,W145_V04_P07,W145_V05_P07,requirement
W145,P08,W145_V04_P08,W145_V05_P08,policy
W145,P09,W145_V04_P09,W145_V05_P09,semantic
W145,P10,W145_V04_P10,W145_V05_P10,numeric
W145,P01,W145_V05_P01,W145_V06_P01,policy
W145,P02,W145_V05_P02,W145_V06_P02,semantic
W145,P03,W145_V05_P03,W145_V06_P03,numeric
W145,P04,W145_V05_P04,W145_V06_P04,major_semantic
W145,P05,W145_V05_P05,W145_V06_P05,reordering
W145,P06,W145_V05_P06,W145_V06_P06,date_time
W145,P07,W145_V05_P07,W145_V06_P07,deletion
W145,P08,W145_V05_P08,W145_V06_P08,addition
W145,P09,W145_V05_P09,W145_V06_P09,requirement
W145,P10,W145_V05_P10,W145_V06_P10,policy
W145,P01,W145_V06_P01,W145_V07_P01,addition
W145,P02,W145_V06_P02,W145_V07_P02,requirement
W145,P03,W145_V06_P03,W145_V07_P03,policy
W145,P04,W145_V06_P04,W145_V07_P04,semantic
W145,P05,W145_V06_P05,W145_V07_P05,numeric
W145,P06,W145_V06_P06,W145_V07_P06,major_semantic
W145,P07,W145_V06_P07,W145_V07_P07,reordering
W145,P08,W145_V06_P08,W145_V07_P08,date_time
W145,P09,W145_V06_P09,W145_V07_P09,deletion
W145,P10,W145_V06_P10,W145_V07_P10,addition
W145,P01,W145_V07_P01,W145_V08_P01,date_time
W145,P02,W145_V07_P02,W145_V08_P02,deletion
W145,P03,W145_V07_P03,W145_V08_P03,addition
W145,P04,W145_V07_P04,W145_V08_P04,requirement
W145,P05,W145_V07_P05,W145_V08_P05,policy
W145,P06,W145_V07_P06,W145_V08_P06,semantic
W145,P07,W145_V07_P07,W145_V08_P07,numeric
W145,P08,W145_V07_P08,W145_V08_P08,major_semantic
W145,P09,W145_V07_P09,W145_V08_P09,reordering
W145,P10,W145_V07_P10,W145_V08_P10,date_time
W145,P01,W145_V08_P01,W145_V09_P01,major_semantic
W145,P02,W145_V08_P02,W145_V09_P02,reordering
W145,P03,W145_V08_P03,W145_V09_P03,date_time
W145,P04,W145_V08_P04,W145_V09_P04,deletion
W145,P05,W145_V08_P05,W145_V09_P05,addition
W145,P06,W145_V08_P06,W145_V09_P06,requirement
W145,P07,W145_V08_P07,W145_V09_P07,policy
W145,P08,W145_V08_P08,W145_V09_P08,semantic
W145,P09,W145_V08_P09,W145_V09_P09,numeric
W145,P10,W145_V08_P10,W145_V09_P10,major_semantic
W145,P01,W145_V09_P01,W145_V10_P01,semantic
W145,P02,W145_V09_P02,W145_V10_P02,numeric
W145,P03,W145_V09_P03,W145_V10_P03,major_semantic
W145,P04,W145_V09_P04,W145_V10_P04,reordering
W145,P05,W145_V09_P05,W145_V10_P05,date_time
W145,P06,W145_V09_P06,W145_V10_P06,deletion
W145,P07,W145_V09_P07,W145_V10_P07,addition
W145,P08,W145_V09_P08,W145_V10_P08,requirement
W145,P09,W145_V09_P09,W145_V10_P09,policy
W145,P10,W145_V09_P10,W145_V10_P10,semantic
W146,P01,W146_V01_P01,W146_V02_P01,policy
W146,P02,W146_V01_P02,W146_V02_P02,semantic
W146,P03,W146_V01_P03,W146_V02_P03,numeric
W146,P04,W146_V01_P04,W146_V02_P04,major_semantic
W146,P05,W146_V01_P05,W146_V02_P05,reordering
W146,P06,W146_V01_P06,W146_V02_P06,date_time
W146,P07,W146_V01_P07,W146_V02_P07,deletion
W146,P08,W146_V01_P08,W146_V02_P08,addition
W146,P09,W146_V01_P09,W146_V02_P09,requirement
W146,P10,W146_V01_P10,W146_V02_P10,policy
W146,P01,W146_V02_P01,W146_V03_P01,addition
W146,P02,W146_V02_P02,W146_V03_P02,requirement
W146,P03,W146_V02_P03,W146_V03_P03,policy
W146,P04,W146_V02_P04,W146_V03_P04,semantic
W146,P05,W146_V02_P05,W146_V03_P05,numeric
W146,P06,W146_V02_P06,W146_V03_P06,major_semantic
W146,P07,W146_V02_P07,W146_V03_P07,reordering
W146,P08,W146_V02_P08,W146_V03_P08,date_time
W146,P09,W146_V02_P09,W146_V03_P09,deletion
W146,P10,W146_V02_P10,W146_V03_P10,addition
W146,P01,W146_V03_P01,W146_V04_P01,date_time
W146,P02,W146_V03_P02,W146_V04_P02,deletion
W146,P03,W146_V03_P03,W146_V04_P03,addition
W146,P04,W146_V03_P04,W146_V04_P04,requirement
W146,P05,W146_V03_P05,W146_V04_P05,policy
W146,P06,W146_V03_P06,W146_V04_P06,semantic
W146,P07,W146_V03_P07,W146_V04_P07,numeric
W146,P08,W146_V03_P08,W146_V04_P08,major_semantic
W146,P09,W146_V03_P09,W146_V04_P09,reordering
W146,P10,W146_V03_P10,W146_V04_P10,date_time
W146,P01,W146_V04_P01,W146_V05_P01,major_semantic
W146,P02,W146_V04_P02,W146_V05_P02,reordering
W146,P03,W146_V04_P03,W146_V05_P03,date_time
W146,P04,W146_V04_P04,W146_V05_P04,deletion
W146,P05,W146_V04_P05,W146_V05_P05,addition
W146,P06,W146_V04_P06,W146_V05_P06,requirement
W146,P07,W146_V04_P07,W146_V05_P07,policy
W146,P08,W146_V04_P08,W146_V05_P08,semantic
W146,P09,W146_V04_P09,W146_V05_P09,numeric
W146,P10,W146_V04_P10,W146_V05_P10,major_semantic
W146,P01,W146_V05_P01,W146_V06_P01,semantic
W146,P02,W146_V05_P02,W146_V06_P02,numeric
W146,P03,W146_V05_P03,W146_V06_P03,major_semantic
W146,P04,W146_V05_P04,W146_V06_P04,reordering
W146,P05,W146_V05_P05,W146_V06_P05,date_time
W146,P06,W146_V05_P06,W146_V06_P06,deletion
W146,P07,W146_V05_P07,W146_V06_P07,addition
W146,P08,W146_V05_P08,W146_V06_P08,requirement
W146,P09,W146_V05_P09,W146_V06_P09,policy
W146,P10,W146_V05_P10,W146_V06_P10,semantic
W146,P01,W146_V06_P01,W146_V07_P01,requirement
W146,P02,W146_V06_P02,W146_V07_P02,policy
W146,P03,W146_V06_P03,W146_V07_P03,semantic
W146,P04,W146_V06_P04,W146_V07_P04,numeric
W146,P05,W146_V06_P05,W146_V07_P05,major_semantic
W146,P06,W146_V06_P06,W146_V07_P06,reordering
W146,P07,W146_V06_P07,W146_V07_P07,date_time
W146,P08,W146_V06_P08,W146_V07_P08,deletion
W146,P09,W146_V06_P09,W146_V07_P09,addition
W146,P10,W146_V06_P10,W146_V07_P10,requirement
W146,P01,W146_V07_P01,W146_V08_P01,deletion
W146,P02,W146_V07_P02,W146_V08_P02,addition
W146,P03,W146_V07_P03,W146_V08_P03,requirement
W146,P04,W146_V07_P04,W146_V08_P04,policy
W146,P05,W146_V07_P05,W146_V08_P05,semantic
W146,P06,W146_V07_P06,W146_V08_P06,numeric
W146,P07,W146_V07_P07,W146_V08_P07,major_semantic
W146,P08,W146_V07_P08,W146_V08_P08,reordering
W146,P09,W146_V07_P09,W146_V08_P09,date_time
W146,P10,W146_V07_P10,W146_V08_P10,deletion
W146,P01,W146_V08_P01,W146_V09_P01,reordering
W146,P02,W146_V08_P02,W146_V09_P02,date_time
W146,P03,W146_V08_P03,W146_V09_P03,deletion
W146,P04,W146_V08_P04,W146_V09_P04,addition
W146,P05,W146_V08_P05,W146_V09_P05,requirement
W146,P06,W146_V08_P06,W146_V09_P06,policy
W146,P07,W146_V08_P07,W146_V09_P07,semantic
W146,P08,W146_V08_P08,W146_V09_P08,numeric
W146,P09,W146_V08_P09,W146_V09_P09,major_semantic
W146,P10,W146_V08_P10,W146_V09_P10,reordering
W146,P01,W146_V09_P01,W146_V10_P01,numeric
W146,P02,W146_V09_P02,W146_V10_P02,major_semantic
W146,P03,W146_V09_P03,W146_V10_P03,reordering
W146,P04,W146_V09_P04,W146_V10_P04,date_time
W146,P05,W146_V09_P05,W146_V10_P05,deletion
W146,P06,W146_V09_P06,W146_V10_P06,addition
W146,P07,W146_V09_P07,W146_V10_P07,requirement
W146,P08,W146_V09_P08,W146_V10_P08,policy
W146,P09,W146_V09_P09,W146_V10_P09,semantic
W146,P10,W146_V09_P10,W146_V10_P10,numeric
W147,P01,W147_V01_P01,W147_V02_P01,semantic
W147,P02,W147_V01_P02,W147_V02_P02,numeric
W147,P03,W147_V01_P03,W147_V02_P03,major_semantic
W147,P04,W147_V01_P04,W147_V02_P04,reordering
W147,P05,W147_V01_P05,W147_V02_P05,date_time
W147,P06,W147_V01_P06,W147_V02_P06,deletion
W147,P07,W147_V01_P07,W147_V02_P07,addition
W147,P08,W147_V01_P08,W147_V02_P08,requirement
W147,P09,W147_V01_P09,W147_V02_P09,policy
W147,P10,W147_V01_P10,W147_V02_P10,semantic
W147,P01,W147_V02_P01,W147_V03_P01,requirement
W147,P02,W147_V02_P02,W147_V03_P02,policy
W147,P03,W147_V02_P03,W147_V03_P03,semantic
W147,P04,W147_V02_P04,W147_V03_P04,numeric
W147,P05,W147_V02_P05,W147_V03_P05,major_semantic
W147,P06,W147_V02_P06,W147_V03_P06,reordering
W147,P07,W147_V02_P07,W147_V03_P07,date_time
W147,P08,W147_V02_P08,W147_V03_P08,deletion
W147,P09,W147_V02_P09,W147_V03_P09,addition
W147,P10,W147_V02_P10,W147_V03_P10,requirement
W147,P01,W147_V03_P01,W147_V04_P01,deletion
W147,P02,W147_V03_P02,W147_V04_P02,addition
W147,P03,W147_V03_P03,W147_V04_P03,requirement
W147,P04,W147_V03_P04,W147_V04_P04,policy
W147,P05,W147_V03_P05,W147_V04_P05,semantic
W147,P06,W147_V03_P06,W147_V04_P06,numeric
W147,P07,W147_V03_P07,W147_V04_P07,major_semantic
W147,P08,W147_V03_P08,W147_V04_P08,reordering
W147,P09,W147_V03_P09,W147_V04_P09,date_time
W147,P10,W147_V03_P10,W147_V04_P10,deletion
W147,P01,W147_V04_P01,W147_V05_P01,reordering
W147,P02,W147_V04_P02,W147_V05_P02,date_time
W147,P03,W147_V04_P03,W147_V05_P03,deletion
W147,P04,W147_V04_P04,W147_V05_P04,addition
W147,P05,W147_V04_P05,W147_V05_P05,requirement
W147,P06,W147_V04_P06,W147_V05_P06,policy
W147,P07,W147_V04_P07,W147_V05_P07,semantic
W147,P08,W147_V04_P08,W147_V05_P08,numeric
W147,P09,W147_V04_P09,W147_V05_P09,major_semantic
W147,P10,W147_V04_P10,W147_V05_P10,reordering
W147,P01,W147_V05_P01,W147_V06_P01,numeric
W147,P02,W147_V05_P02,W147_V06_P02,major_semantic
W147,P03,W147_V05_P03,W147_V06_P03,reordering
W147,P04,W147_V05_P04,W147_V06_P04,date_time
W147,P05,W147_V05_P05,W147_V06_P05,deletion
W147,P06,W147_V05_P06,W147_V06_P06,addition
W147,P07,W147_V05_P07,W147_V06_P07,requirement
W147,P08,W147_V05_P08,W147_V06_P08,policy
W147,P09,W147_V05_P09,W147_V06_P09,semantic
W147,P10,W147_V05_P10,W147_V06_P10,numeric
W147,P01,W147_V06_P01,W147_V07_P01,policy
W147,P02,W147_V06_P02,W147_V07_P02,semantic
W147,P03,W147_V06_P03,W147_V07_P03,numeric
W147,P04,W147_V06_P04,W147_V07_P04,major_semantic
W147,P05,W147_V06_P05,W147_V07_P05,reordering
W147,P06,W147_V06_P06,W147_V07_P06,date_time
W147,P07,W147_V06_P07,W147_V07_P07,deletion
W147,P08,W147_V06_P08,W147_V07_P08,addition
W147,P09,W147_V06_P09,W147_V07_P09,requirement
W147,P10,W147_V06_P10,W147_V07_P10,policy
W147,P01,W147_V07_P01,W147_V08_P01,addition
W147,P02,W147_V07_P02,W147_V08_P02,requirement
W147,P03,W147_V07_P03,W147_V08_P03,policy
W147,P04,W147_V07_P04,W147_V08_P04,semantic
W147,P05,W147_V07_P05,W147_V08_P05,numeric
W147,P06,W147_V07_P06,W147_V08_P06,major_semantic
W147,P07,W147_V07_P07,W147_V08_P07,reordering
W147,P08,W147_V07_P08,W147_V08_P08,date_time
W147,P09,W147_V07_P09,W147_V08_P09,deletion
W147,P10,W147_V07_P10,W147_V08_P10,addition
W147,P01,W147_V08_P01,W147_V09_P01,date_time
W147,P02,W147_V08_P02,W147_V09_P02,deletion
W147,P03,W147_V08_P03,W147_V09_P03,addition
W147,P04,W147_V08_P04,W147_V09_P04,requirement
W147,P05,W147_V08_P05,W147_V09_P05,policy
W147,P06,W147_V08_P06,W147_V09_P06,semantic
W147,P07,W147_V08_P07,W147_V09_P07,numeric
W147,P08,W147_V08_P08,W147_V09_P08,major_semantic
W147,P09,W147_V08_P09,W147_V09_P09,reordering
W147,P10,W147_V08_P10,W147_V09_P10,date_time
W147,P01,W147_V09_P01,W147_V10_P01,major_semantic
W147,P02,W147_V09_P02,W147_V10_P02,reordering
W147,P03,W147_V09_P03,W147_V10_P03,date_time
W147,P04,W147_V09_P04,W147_V10_P04,deletion
W147,P05,W147_V09_P05,W147_V10_P05,addition
W147,P06,W147_V09_P06,W147_V10_P06,requirement
W147,P07,W147_V09_P07,W147_V10_P07,policy
W147,P08,W147_V09_P08,W147_V10_P08,semantic
W147,P09,W147_V09_P09,W147_V10_P09,numeric
W147,P10,W147_V09_P10,W147_V10_P10,major_semantic
W148,P01,W148_V01_P01,W148_V02_P01,numeric
W148,P02,W148_V01_P02,W148_V02_P02,major_semantic
W148,P03,W148_V01_P03,W148_V02_P03,reordering
W148,P04,W148_V01_P04,W148_V02_P04,date_time
W148,P05,W148_V01_P05,W148_V02_P05,deletion
W148,P06,W148_V01_P06,W148_V02_P06,addition
W148,P07,W148_V01_P07,W148_V02_P07,requirement
W148,P08,W148_V01_P08,W148_V02_P08,policy
W148,P09,W148_V01_P09,W148_V02_P09,semantic
W148,P10,W148_V01_P10,W148_V02_P10,numeric
W148,P01,W148_V02_P01,W148_V03_P01,policy
W148,P02,W148_V02_P02,W148_V03_P02,semantic
W148,P03,W148_V02_P03,W148_V03_P03,numeric
W148,P04,W148_V02_P04,W148_V03_P04,major_semantic
W148,P05,W148_V02_P05,W148_V03_P05,reordering
W148,P06,W148_V02_P06,W148_V03_P06,date_time
W148,P07,W148_V02_P07,W148_V03_P07,deletion
W148,P08,W148_V02_P08,W148_V03_P08,addition
W148,P09,W148_V02_P09,W148_V03_P09,requirement
W148,P10,W148_V02_P10,W148_V03_P10,policy
W148,P01,W148_V03_P01,W148_V04_P01,addition
W148,P02,W148_V03_P02,W148_V04_P02,requirement
W148,P03,W148_V03_P03,W148_V04_P03,policy
W148,P04,W148_V03_P04,W148_V04_P04,semantic
W148,P05,W148_V03_P05,W148_V04_P05,numeric
W148,P06,W148_V03_P06,W148_V04_P06,major_semantic
W148,P07,W148_V03_P07,W148_V04_P07,reordering
W148,P08,W148_V03_P08,W148_V04_P08,date_time
W148,P09,W148_V03_P09,W148_V04_P09,deletion
W148,P10,W148_V03_P10,W148_V04_P10,addition
W148,P01,W148_V04_P01,W148_V05_P01,date_time
W148,P02,W148_V04_P02,W148_V05_P02,deletion
W148,P03,W148_V04_P03,W148_V05_P03,addition
W148,P04,W148_V04_P04,W148_V05_P04,requirement
W148,P05,W148_V04_P05,W148_V05_P05,policy
W148,P06,W148_V04_P06,W148_V05_P06,semantic
W148,P07,W148_V04_P07,W148_V05_P07,numeric
W148,P08,W148_V04_P08,W148_V05_P08,major_semantic
W148,P09,W148_V04_P09,W148_V05_P09,reordering
W148,P10,W148_V04_P10,W148_V05_P10,date_time
W148,P01,W148_V05_P01,W148_V06_P01,major_semantic
W148,P02,W148_V05_P02,W148_V06_P02,reordering
W148,P03,W148_V05_P03,W148_V06_P03,date_time
W148,P04,W148_V05_P04,W148_V06_P04,deletion
W148,P05,W148_V05_P05,W148_V06_P05,addition
W148,P06,W148_V05_P06,W148_V06_P06,requirement
W148,P07,W148_V05_P07,W148_V06_P07,policy
W148,P08,W148_V05_P08,W148_V06_P08,semantic
W148,P09,W148_V05_P09,W148_V06_P09,numeric
W148,P10,W148_V05_P10,W148_V06_P10,major_semantic
W148,P01,W148_V06_P01,W148_V07_P01,semantic
W148,P02,W148_V06_P02,W148_V07_P02,numeric
W148,P03,W148_V06_P03,W148_V07_P03,major_semantic
W148,P04,W148_V06_P04,W148_V07_P04,reordering
W148,P05,W148_V06_P05,W148_V07_P05,date_time
W148,P06,W148_V06_P06,W148_V07_P06,deletion
W148,P07,W148_V06_P07,W148_V07_P07,addition
W148,P08,W148_V06_P08,W148_V07_P08,requirement
W148,P09,W148_V06_P09,W148_V07_P09,policy
W148,P10,W148_V06_P10,W148_V07_P10,semantic
W148,P01,W148_V07_P01,W148_V08_P01,requirement
W148,P02,W148_V07_P02,W148_V08_P02,policy
W148,P03,W148_V07_P03,W148_V08_P03,semantic
W148,P04,W148_V07_P04,W148_V08_P04,numeric
W148,P05,W148_V07_P05,W148_V08_P05,major_semantic
W148,P06,W148_V07_P06,W148_V08_P06,reordering
W148,P07,W148_V07_P07,W148_V08_P07,date_time
W148,P08,W148_V07_P08,W148_V08_P08,deletion
W148,P09,W148_V07_P09,W148_V08_P09,addition
W148,P10,W148_V07_P10,W148_V08_P10,requirement
W148,P01,W148_V08_P01,W148_V09_P01,deletion
W148,P02,W148_V08_P02,W148_V09_P02,addition
W148,P03,W148_V08_P03,W148_V09_P03,requirement
W148,P04,W148_V08_P04,W148_V09_P04,policy
W148,P05,W148_V08_P05,W148_V09_P05,semantic
W148,P06,W148_V08_P06,W148_V09_P06,numeric
W148,P07,W148_V08_P07,W148_V09_P07,major_semantic
W148,P08,W148_V08_P08,W148_V09_P08,reordering
W148,P09,W148_V08_P09,W148_V09_P09,date_time
W148,P10,W148_V08_P10,W148_V09_P10,deletion
W148,P01,W148_V09_P01,W148_V10_P01,reordering
W148,P02,W148_V09_P02,W148_V10_P02,date_time
W148,P03,W148_V09_P03,W148_V10_P03,deletion
W148,P04,W148_V09_P04,W148_V10_P04,addition
W148,P05,W148_V09_P05,W148_V10_P05,requirement
W148,P06,W148_V09_P06,W148_V10_P06,policy
W148,P07,W148_V09_P07,W148_V10_P07,semantic
W148,P08,W148_V09_P08,W148_V10_P08,numeric
W148,P09,W148_V09_P09,W148_V10_P09,major_semantic
W148,P10,W148_V09_P10,W148_V10_P10,reordering
W149,P01,W149_V01_P01,W149_V02_P01,major_semantic
W149,P02,W149_V01_P02,W149_V02_P02,reordering
W149,P03,W149_V01_P03,W149_V02_P03,date_time
W149,P04,W149_V01_P04,W149_V02_P04,deletion
W149,P05,W149_V01_P05,W149_V02_P05,addition
W149,P06,W149_V01_P06,W149_V02_P06,requirement
W149,P07,W149_V01_P07,W149_V02_P07,policy
W149,P08,W149_V01_P08,W149_V02_P08,semantic
W149,P09,W149_V01_P09,W149_V02_P09,numeric
W149,P10,W149_V01_P10,W149_V02_P10,major_semantic
W149,P01,W149_V02_P01,W149_V03_P01,semantic
W149,P02,W149_V02_P02,W149_V03_P02,numeric
W149,P03,W149_V02_P03,W149_V03_P03,major_semantic
W149,P04,W149_V02_P04,W149_V03_P04,reordering
W149,P05,W149_V02_P05,W149_V03_P05,date_time
W149,P06,W149_V02_P06,W149_V03_P06,deletion
W149,P07,W149_V02_P07,W149_V03_P07,addition
W149,P08,W149_V02_P08,W149_V03_P08,requirement
W149,P09,W149_V02_P09,W149_V03_P09,policy
W149,P10,W149_V02_P10,W149_V03_P10,semantic
W149,P01,W149_V03_P01,W149_V04_P01,requirement
W149,P02,W149_V03_P02,W149_V04_P02,policy
W149,P03,W149_V03_P03,W149_V04_P03,semantic
W149,P04,W149_V03_P04,W149_V04_P04,numeric
W149,P05,W149_V03_P05,W149_V04_P05,major_semantic
W149,P06,W149_V03_P06,W149_V04_P06,reordering
W149,P07,W149_V03_P07,W149_V04_P07,date_time
W149,P08,W149_V03_P08,W149_V04_P08,deletion
W149,P09,W149_V03_P09,W149_V04_P09,addition
W149,P10,W149_V03_P10,W149_V04_P10,requirement
W149,P01,W149_V04_P01,W149_V05_P01,deletion
W149,P02,W149_V04_P02,W149_V05_P02,addition
W149,P03,W149_V04_P03,W149_V05_P03,requirement
W149,P04,W149_V04_P04,W149_V05_P04,policy
W149,P05,W149_V04_P05,W149_V05_P05,semantic
W149,P06,W149_V04_P06,W149_V05_P06,numeric
W149,P07,W149_V04_P07,W149_V05_P07,major_semantic
W149,P08,W149_V04_P08,W149_V05_P08,reordering
W149,P09,W149_V04_P09,W149_V05_P09,date_time
W149,P10,W149_V04_P10,W149_V05_P10,deletion
W149,P01,W149_V05_P01,W149_V06_P01,reordering
W149,P02,W149_V05_P02,W149_V06_P02,date_time
W149,P03,W149_V05_P03,W149_V06_P03,deletion
W149,P04,W149_V05_P04,W149_V06_P04,addition
W149,P05,W149_V05_P05,W149_V06_P05,requirement
W149,P06,W149_V05_P06,W149_V06_P06,policy
W149,P07,W149_V05_P07,W149_V06_P07,semantic
W149,P08,W149_V05_P08,W149_V06_P08,numeric
W149,P09,W149_V05_P09,W149_V06_P09,major_semantic
W149,P10,W149_V05_P10,W149_V06_P10,reordering
W149,P01,W149_V06_P01,W149_V07_P01,numeric
W149,P02,W149_V06_P02,W149_V07_P02,major_semantic
W149,P03,W149_V06_P03,W149_V07_P03,reordering
W149,P04,W149_V06_P04,W149_V07_P04,date_time
W149,P05,W149_V06_P05,W149_V07_P05,deletion
W149,P06,W149_V06_P06,W149_V07_P06,addition
W149,P07,W149_V06_P07,W149_V07_P07,requirement
W149,P08,W149_V06_P08,W149_V07_P08,policy
W149,P09,W149_V06_P09,W149_V07_P09,semantic
W149,P10,W149_V06_P10,W149_V07_P10,numeric
W149,P01,W149_V07_P01,W149_V08_P01,policy
W149,P02,W149_V07_P02,W149_V08_P02,semantic
W149,P03,W149_V07_P03,W149_V08_P03,numeric
W149,P04,W149_V07_P04,W149_V08_P04,major_semantic
W149,P05,W149_V07_P05,W149_V08_P05,reordering
W149,P06,W149_V07_P06,W149_V08_P06,date_time
W149,P07,W149_V07_P07,W149_V08_P07,deletion
W149,P08,W149_V07_P08,W149_V08_P08,addition
W149,P09,W149_V07_P09,W149_V08_P09,requirement
W149,P10,W149_V07_P10,W149_V08_P10,policy
W149,P01,W149_V08_P01,W149_V09_P01,addition
W149,P02,W149_V08_P02,W149_V09_P02,requirement
W149,P03,W149_V08_P03,W149_V09_P03,policy
W149,P04,W149_V08_P04,W149_V09_P04,semantic
W149,P05,W149_V08_P05,W149_V09_P05,numeric
W149,P06,W149_V08_P06,W149_V09_P06,major_semantic
W149,P07,W149_V08_P07,W149_V09_P07,reordering
W149,P08,W149_V08_P08,W149_V09_P08,date_time
W149,P09,W149_V08_P09,W149_V09_P09,deletion
W149,P10,W149_V08_P10,W149_V09_P10,addition
W149,P01,W149_V09_P01,W149_V10_P01,date_time
W149,P02,W149_V09_P02,W149_V10_P02,deletion
W149,P03,W149_V09_P03,W149_V10_P03,addition
W149,P04,W149_V09_P04,W149_V10_P04,requirement
W149,P05,W149_V09_P05,W149_V10_P05,policy
W149,P06,W149_V09_P06,W149_V10_P06,semantic
W149,P07,W149_V09_P07,W149_V10_P07,numeric
W149,P08,W149_V09_P08,W149_V10_P08,major_semantic
W149,P09,W149_V09_P09,W149_V10_P09,reordering
W149,P10,W149_V09_P10,W149_V10_P10,date_time
W150,P01,W150_V01_P01,W150_V02_P01,reordering
W150,P02,W150_V01_P02,W150_V02_P02,date_time
W150,P03,W150_V01_P03,W150_V02_P03,deletion
W150,P04,W150_V01_P04,W150_V02_P04,addition
W150,P05,W150_V01_P05,W150_V02_P05,requirement
W150,P06,W150_V01_P06,W150_V02_P06,policy
W150,P07,W150_V01_P07,W150_V02_P07,semantic
W150,P08,W150_V01_P08,W150_V02_P08,numeric
W150,P09,W150_V01_P09,W150_V02_P09,major_semantic
W150,P10,W150_V01_P10,W150_V02_P10,reordering
W150,P01,W150_V02_P01,W150_V03_P01,numeric
W150,P02,W150_V02_P02,W150_V03_P02,major_semantic
W150,P03,W150_V02_P03,W150_V03_P03,reordering
W150,P04,W150_V02_P04,W150_V03_P04,date_time
W150,P05,W150_V02_P05,W150_V03_P05,deletion
W150,P06,W150_V02_P06,W150_V03_P06,addition
W150,P07,W150_V02_P07,W150_V03_P07,requirement
W150,P08,W150_V02_P08,W150_V03_P08,policy
W150,P09,W150_V02_P09,W150_V03_P09,semantic
W150,P10,W150_V02_P10,W150_V03_P10,numeric
W150,P01,W150_V03_P01,W150_V04_P01,policy
W150,P02,W150_V03_P02,W150_V04_P02,semantic
W150,P03,W150_V03_P03,W150_V04_P03,numeric
W150,P04,W150_V03_P04,W150_V04_P04,major_semantic
W150,P05,W150_V03_P05,W150_V04_P05,reordering
W150,P06,W150_V03_P06,W150_V04_P06,date_time
W150,P07,W150_V03_P07,W150_V04_P07,deletion
W150,P08,W150_V03_P08,W150_V04_P08,addition
W150,P09,W150_V03_P09,W150_V04_P09,requirement
W150,P10,W150_V03_P10,W150_V04_P10,policy
W150,P01,W150_V04_P01,W150_V05_P01,addition
W150,P02,W150_V04_P02,W150_V05_P02,requirement
W150,P03,W150_V04_P03,W150_V05_P03,policy
W150,P04,W150_V04_P04,W150_V05_P04,semantic
W150,P05,W150_V04_P05,W150_V05_P05,numeric
W150,P06,W150_V04_P06,W150_V05_P06,major_semantic
W150,P07,W150_V04_P07,W150_V05_P07,reordering
W150,P08,W150_V04_P08,W150_V05_P08,date_time
W150,P09,W150_V04_P09,W150_V05_P09,deletion
W150,P10,W150_V04_P10,W150_V05_P10,addition
W150,P01,W150_V05_P01,W150_V06_P01,date_time
W150,P02,W150_V05_P02,W150_V06_P02,deletion
W150,P03,W150_V05_P03,W150_V06_P03,addition
W150,P04,W150_V05_P04,W150_V06_P04,requirement
W150,P05,W150_V05_P05,W150_V06_P05,policy
W150,P06,W150_V05_P06,W150_V06_P06,semantic
W150,P07,W150_V05_P07,W150_V06_P07,numeric
W150,P08,W150_V05_P08,W150_V06_P08,major_semantic
W150,P09,W150_V05_P09,W150_V06_P09,reordering
W150,P10,W150_V05_P10,W150_V06_P10,date_time
W150,P01,W150_V06_P01,W150_V07_P01,major_semantic
W150,P02,W150_V06_P02,W150_V07_P02,reordering
W150,P03,W150_V06_P03,W150_V07_P03,date_time
W150,P04,W150_V06_P04,W150_V07_P04,deletion
W150,P05,W150_V06_P05,W150_V07_P05,addition
W150,P06,W150_V06_P06,W150_V07_P06,requirement
W150,P07,W150_V06_P07,W150_V07_P07,policy
W150,P08,W150_V06_P08,W150_V07_P08,semantic
W150,P09,W150_V06_P09,W150_V07_P09,numeric
W150,P10,W150_V06_P10,W150_V07_P10,major_semantic
W150,P01,W150_V07_P01,W150_V08_P01,semantic
W150,P02,W150_V07_P02,W150_V08_P02,numeric
W150,P03,W150_V07_P03,W150_V08_P03,major_semantic
W150,P04,W150_V07_P04,W150_V08_P04,reordering
W150,P05,W150_V07_P05,W150_V08_P05,date_time
W150,P06,W150_V07_P06,W150_V08_P06,deletion
W150,P07,W150_V07_P07,W150_V08_P07,addition
W150,P08,W150_V07_P08,W150_V08_P08,requirement
W150,P09,W150_V07_P09,W150_V08_P09,policy
W150,P10,W150_V07_P10,W150_V08_P10,semantic
W150,P01,W150_V08_P01,W150_V09_P01,requirement
W150,P02,W150_V08_P02,W150_V09_P02,policy
W150,P03,W150_V08_P03,W150_V09_P03,semantic
W150,P04,W150_V08_P04,W150_V09_P04,numeric
W150,P05,W150_V08_P05,W150_V09_P05,major_semantic
W150,P06,W150_V08_P06,W150_V09_P06,reordering
W150,P07,W150_V08_P07,W150_V09_P07,date_time
W150,P08,W150_V08_P08,W150_V09_P08,deletion
W150,P09,W150_V08_P09,W150_V09_P09,addition
W150,P10,W150_V08_P10,W150_V09_P10,requirement
W150,P01,W150_V09_P01,W150_V10_P01,deletion
W150,P02,W150_V09_P02,W150_V10_P02,addition
W150,P03,W150_V09_P03,W150_V10_P03,requirement
W150,P04,W150_V09_P04,W150_V10_P04,policy
W150,P05,W150_V09_P05,W150_V10_P05,semantic
W150,P06,W150_V09_P06,W150_V10_P06,numeric
W150,P07,W150_V09_P07,W150_V10_P07,major_semantic
W150,P08,W150_V09_P08,W150_V10_P08,reordering
W150,P09,W150_V09_P09,W150_V10_P09,date_time
W150,P10,W150_V09_P10,W150_V10_P10,deletion
W151,P01,W151_V01_P01,W151_V02_P01,date_time
W151,P02,W151_V01_P02,W151_V02_P02,deletion
W151,P03,W151_V01_P03,W151_V02_P03,addition
W151,P04,W151_V01_P04,W151_V02_P04,requirement
W151,P05,W151_V01_P05,W151_V02_P05,policy
W151,P06,W151_V01_P06,W151_V02_P06,semantic
W151,P07,W151_V01_P07,W151_V02_P07,numeric
W151,P08,W151_V01_P08,W151_V02_P08,major_semantic
W151,P09,W151_V01_P09,W151_V02_P09,reordering
W151,P10,W151_V01_P10,W151_V02_P10,date_time
W151,P01,W151_V02_P01,W151_V03_P01,major_semantic
W151,P02,W151_V02_P02,W151_V03_P02,reordering
W151,P03,W151_V02_P03,W151_V03_P03,date_time
W151,P04,W151_V02_P04,W151_V03_P04,deletion
W151,P05,W151_V02_P05,W151_V03_P05,addition
W151,P06,W151_V02_P06,W151_V03_P06,requirement
W151,P07,W151_V02_P07,W151_V03_P07,policy
W151,P08,W151_V02_P08,W151_V03_P08,semantic
W151,P09,W151_V02_P09,W151_V03_P09,numeric
W151,P10,W151_V02_P10,W151_V03_P10,major_semantic
W151,P01,W151_V03_P01,W151_V04_P01,semantic
W151,P02,W151_V03_P02,W151_V04_P02,numeric
W151,P03,W151_V03_P03,W151_V04_P03,major_semantic
W151,P04,W151_V03_P04,W151_V04_P04,reordering
W151,P05,W151_V03_P05,W151_V04_P05,date_time
W151,P06,W151_V03_P06,W151_V04_P06,deletion
W151,P07,W151_V03_P07,W151_V04_P07,addition
W151,P08,W151_V03_P08,W151_V04_P08,requirement
W151,P09,W151_V03_P09,W151_V04_P09,policy
W151,P10,W151_V03_P10,W151_V04_P10,semantic
W151,P01,W151_V04_P01,W151_V05_P01,requirement
W151,P02,W151_V04_P02,W151_V05_P02,policy
W151,P03,W151_V04_P03,W151_V05_P03,semantic
W151,P04,W151_V04_P04,W151_V05_P04,numeric
W151,P05,W151_V04_P05,W151_V05_P05,major_semantic
W151,P06,W151_V04_P06,W151_V05_P06,reordering
W151,P07,W151_V04_P07,W151_V05_P07,date_time
W151,P08,W151_V04_P08,W151_V05_P08,deletion
W151,P09,W151_V04_P09,W151_V05_P09,addition
W151,P10,W151_V04_P10,W151_V05_P10,requirement
W151,P01,W151_V05_P01,W151_V06_P01,deletion
W151,P02,W151_V05_P02,W151_V06_P02,addition
W151,P03,W151_V05_P03,W151_V06_P03,requirement
W151,P04,W151_V05_P04,W151_V06_P04,policy
W151,P05,W151_V05_P05,W151_V06_P05,semantic
W151,P06,W151_V05_P06,W151_V06_P06,numeric
W151,P07,W151_V05_P07,W151_V06_P07,major_semantic
W151,P08,W151_V05_P08,W151_V06_P08,reordering
W151,P09,W151_V05_P09,W151_V06_P09,date_time
W151,P10,W151_V05_P10,W151_V06_P10,deletion
W151,P01,W151_V06_P01,W151_V07_P01,reordering
W151,P02,W151_V06_P02,W151_V07_P02,date_time
W151,P03,W151_V06_P03,W151_V07_P03,deletion
W151,P04,W151_V06_P04,W151_V07_P04,addition
W151,P05,W151_V06_P05,W151_V07_P05,requirement
W151,P06,W151_V06_P06,W151_V07_P06,policy
W151,P07,W151_V06_P07,W151_V07_P07,semantic
W151,P08,W151_V06_P08,W151_V07_P08,numeric
W151,P09,W151_V06_P09,W151_V07_P09,major_semantic
W151,P10,W151_V06_P10,W151_V07_P10,reordering
W151,P01,W151_V07_P01,W151_V08_P01,numeric
W151,P02,W151_V07_P02,W151_V08_P02,major_semantic
W151,P03,W151_V07_P03,W151_V08_P03,reordering
W151,P04,W151_V07_P04,W151_V08_P04,date_time
W151,P05,W151_V07_P05,W151_V08_P05,deletion
W151,P06,W151_V07_P06,W151_V08_P06,addition
W151,P07,W151_V07_P07,W151_V08_P07,requirement
W151,P08,W151_V07_P08,W151_V08_P08,policy
W151,P09,W151_V07_P09,W151_V08_P09,semantic
W151,P10,W151_V07_P10,W151_V08_P10,numeric
W151,P01,W151_V08_P01,W151_V09_P01,policy
W151,P02,W151_V08_P02,W151_V09_P02,semantic
W151,P03,W151_V08_P03,W151_V09_P03,numeric
W151,P04,W151_V08_P04,W151_V09_P04,major_semantic
W151,P05,W151_V08_P05,W151_V09_P05,reordering
W151,P06,W151_V08_P06,W151_V09_P06,date_time
W151,P07,W151_V08_P07,W151_V09_P07,deletion
W151,P08,W151_V08_P08,W151_V09_P08,addition
W151,P09,W151_V08_P09,W151_V09_P09,requirement
W151,P10,W151_V08_P10,W151_V09_P10,policy
W151,P01,W151_V09_P01,W151_V10_P01,addition
W151,P02,W151_V09_P02,W151_V10_P02,requirement
W151,P03,W151_V09_P03,W151_V10_P03,policy
W151,P04,W151_V09_P04,W151_V10_P04,semantic
W151,P05,W151_V09_P05,W151_V10_P05,numeric
W151,P06,W151_V09_P06,W151_V10_P06,major_semantic
W151,P07,W151_V09_P07,W151_V10_P07,reordering
W151,P08,W151_V09_P08,W151_V10_P08,date_time
W151,P09,W151_V09_P09,W151_V10_P09,deletion
W151,P10,W151_V09_P10,W151_V10_P10,addition
W152,P01,W152_V01_P01,W152_V02_P01,deletion
W152,P02,W152_V01_P02,W152_V02_P02,addition
W152,P03,W152_V01_P03,W152_V02_P03,requirement
W152,P04,W152_V01_P04,W152_V02_P04,policy
W152,P05,W152_V01_P05,W152_V02_P05,semantic
W152,P06,W152_V01_P06,W152_V02_P06,numeric
W152,P07,W152_V01_P07,W152_V02_P07,major_semantic
W152,P08,W152_V01_P08,W152_V02_P08,reordering
W152,P09,W152_V01_P09,W152_V02_P09,date_time
W152,P10,W152_V01_P10,W152_V02_P10,deletion
W152,P01,W152_V02_P01,W152_V03_P01,reordering
W152,P02,W152_V02_P02,W152_V03_P02,date_time
W152,P03,W152_V02_P03,W152_V03_P03,deletion
W152,P04,W152_V02_P04,W152_V03_P04,addition
W152,P05,W152_V02_P05,W152_V03_P05,requirement
W152,P06,W152_V02_P06,W152_V03_P06,policy
W152,P07,W152_V02_P07,W152_V03_P07,semantic
W152,P08,W152_V02_P08,W152_V03_P08,numeric
W152,P09,W152_V02_P09,W152_V03_P09,major_semantic
W152,P10,W152_V02_P10,W152_V03_P10,reordering
W152,P01,W152_V03_P01,W152_V04_P01,numeric
W152,P02,W152_V03_P02,W152_V04_P02,major_semantic
W152,P03,W152_V03_P03,W152_V04_P03,reordering
W152,P04,W152_V03_P04,W152_V04_P04,date_time
W152,P05,W152_V03_P05,W152_V04_P05,deletion
W152,P06,W152_V03_P06,W152_V04_P06,addition
W152,P07,W152_V03_P07,W152_V04_P07,requirement
W152,P08,W152_V03_P08,W152_V04_P08,policy
W152,P09,W152_V03_P09,W152_V04_P09,semantic
W152,P10,W152_V03_P10,W152_V04_P10,numeric
W152,P01,W152_V04_P01,W152_V05_P01,policy
W152,P02,W152_V04_P02,W152_V05_P02,semantic
W152,P03,W152_V04_P03,W152_V05_P03,numeric
W152,P04,W152_V04_P04,W152_V05_P04,major_semantic
W152,P05,W152_V04_P05,W152_V05_P05,reordering
W152,P06,W152_V04_P06,W152_V05_P06,date_time
W152,P07,W152_V04_P07,W152_V05_P07,deletion
W152,P08,W152_V04_P08,W152_V05_P08,addition
W152,P09,W152_V04_P09,W152_V05_P09,requirement
W152,P10,W152_V04_P10,W152_V05_P10,policy
W152,P01,W152_V05_P01,W152_V06_P01,addition
W152,P02,W152_V05_P02,W152_V06_P02,requirement
W152,P03,W152_V05_P03,W152_V06_P03,policy
W152,P04,W152_V05_P04,W152_V06_P04,semantic
W152,P05,W152_V05_P05,W152_V06_P05,numeric
W152,P06,W152_V05_P06,W152_V06_P06,major_semantic
W152,P07,W152_V05_P07,W152_V06_P07,reordering
W152,P08,W152_V05_P08,W152_V06_P08,date_time
W152,P09,W152_V05_P09,W152_V06_P09,deletion
W152,P10,W152_V05_P10,W152_V06_P10,addition
W152,P01,W152_V06_P01,W152_V07_P01,date_time
W152,P02,W152_V06_P02,W152_V07_P02,deletion
W152,P03,W152_V06_P03,W152_V07_P03,addition
W152,P04,W152_V06_P04,W152_V07_P04,requirement
W152,P05,W152_V06_P05,W152_V07_P05,policy
W152,P06,W152_V06_P06,W152_V07_P06,semantic
W152,P07,W152_V06_P07,W152_V07_P07,numeric
W152,P08,W152_V06_P08,W152_V07_P08,major_semantic
W152,P09,W152_V06_P09,W152_V07_P09,reordering
W152,P10,W152_V06_P10,W152_V07_P10,date_time
W152,P01,W152_V07_P01,W152_V08_P01,major_semantic
W152,P02,W152_V07_P02,W152_V08_P02,reordering
W152,P03,W152_V07_P03,W152_V08_P03,date_time
W152,P04,W152_V07_P04,W152_V08_P04,deletion
W152,P05,W152_V07_P05,W152_V08_P05,addition
W152,P06,W152_V07_P06,W152_V08_P06,requirement
W152,P07,W152_V07_P07,W152_V08_P07,policy
W152,P08,W152_V07_P08,W152_V08_P08,semantic
W152,P09,W152_V07_P09,W152_V08_P09,numeric
W152,P10,W152_V07_P10,W152_V08_P10,major_semantic
W152,P01,W152_V08_P01,W152_V09_P01,semantic
W152,P02,W152_V08_P02,W152_V09_P02,numeric
W152,P03,W152_V08_P03,W152_V09_P03,major_semantic
W152,P04,W152_V08_P04,W152_V09_P04,reordering
W152,P05,W152_V08_P05,W152_V09_P05,date_time
W152,P06,W152_V08_P06,W152_V09_P06,deletion
W152,P07,W152_V08_P07,W152_V09_P07,addition
W152,P08,W152_V08_P08,W152_V09_P08,requirement
W152,P09,W152_V08_P09,W152_V09_P09,policy
W152,P10,W152_V08_P10,W152_V09_P10,semantic
W152,P01,W152_V09_P01,W152_V10_P01,requirement
W152,P02,W152_V09_P02,W152_V10_P02,policy
W152,P03,W152_V09_P03,W152_V10_P03,semantic
W152,P04,W152_V09_P04,W152_V10_P04,numeric
W152,P05,W152_V09_P05,W152_V10_P05,major_semantic
W152,P06,W152_V09_P06,W152_V10_P06,reordering
W152,P07,W152_V09_P07,W152_V10_P07,date_time
W152,P08,W152_V09_P08,W152_V10_P08,deletion
W152,P09,W152_V09_P09,W152_V10_P09,addition
W152,P10,W152_V09_P10,W152_V10_P10,requirement
W153,P01,W153_V01_P01,W153_V02_P01,addition
W153,P02,W153_V01_P02,W153_V02_P02,requirement
W153,P03,W153_V01_P03,W153_V02_P03,policy
W153,P04,W153_V01_P04,W153_V02_P04,semantic
W153,P05,W153_V01_P05,W153_V02_P05,numeric
W153,P06,W153_V01_P06,W153_V02_P06,major_semantic
W153,P07,W153_V01_P07,W153_V02_P07,reordering
W153,P08,W153_V01_P08,W153_V02_P08,date_time
W153,P09,W153_V01_P09,W153_V02_P09,deletion
W153,P10,W153_V01_P10,W153_V02_P10,addition
W153,P01,W153_V02_P01,W153_V03_P01,date_time
W153,P02,W153_V02_P02,W153_V03_P02,deletion
W153,P03,W153_V02_P03,W153_V03_P03,addition
W153,P04,W153_V02_P04,W153_V03_P04,requirement
W153,P05,W153_V02_P05,W153_V03_P05,policy
W153,P06,W153_V02_P06,W153_V03_P06,semantic
W153,P07,W153_V02_P07,W153_V03_P07,numeric
W153,P08,W153_V02_P08,W153_V03_P08,major_semantic
W153,P09,W153_V02_P09,W153_V03_P09,reordering
W153,P10,W153_V02_P10,W153_V03_P10,date_time
W153,P01,W153_V03_P01,W153_V04_P01,major_semantic
W153,P02,W153_V03_P02,W153_V04_P02,reordering
W153,P03,W153_V03_P03,W153_V04_P03,date_time
W153,P04,W153_V03_P04,W153_V04_P04,deletion
W153,P05,W153_V03_P05,W153_V04_P05,addition
W153,P06,W153_V03_P06,W153_V04_P06,requirement
W153,P07,W153_V03_P07,W153_V04_P07,policy
W153,P08,W153_V03_P08,W153_V04_P08,semantic
W153,P09,W153_V03_P09,W153_V04_P09,numeric
W153,P10,W153_V03_P10,W153_V04_P10,major_semantic
W153,P01,W153_V04_P01,W153_V05_P01,semantic
W153,P02,W153_V04_P02,W153_V05_P02,numeric
W153,P03,W153_V04_P03,W153_V05_P03,major_semantic
W153,P04,W153_V04_P04,W153_V05_P04,reordering
W153,P05,W153_V04_P05,W153_V05_P05,date_time
W153,P06,W153_V04_P06,W153_V05_P06,deletion
W153,P07,W153_V04_P07,W153_V05_P07,addition
W153,P08,W153_V04_P08,W153_V05_P08,requirement
W153,P09,W153_V04_P09,W153_V05_P09,policy
W153,P10,W153_V04_P10,W153_V05_P10,semantic
W153,P01,W153_V05_P01,W153_V06_P01,requirement
W153,P02,W153_V05_P02,W153_V06_P02,policy
W153,P03,W153_V05_P03,W153_V06_P03,semantic
W153,P04,W153_V05_P04,W153_V06_P04,numeric
W153,P05,W153_V05_P05,W153_V06_P05,major_semantic
W153,P06,W153_V05_P06,W153_V06_P06,reordering
W153,P07,W153_V05_P07,W153_V06_P07,date_time
W153,P08,W153_V05_P08,W153_V06_P08,deletion
W153,P09,W153_V05_P09,W153_V06_P09,addition
W153,P10,W153_V05_P10,W153_V06_P10,requirement
W153,P01,W153_V06_P01,W153_V07_P01,deletion
W153,P02,W153_V06_P02,W153_V07_P02,addition
W153,P03,W153_V06_P03,W153_V07_P03,requirement
W153,P04,W153_V06_P04,W153_V07_P04,policy
W153,P05,W153_V06_P05,W153_V07_P05,semantic
W153,P06,W153_V06_P06,W153_V07_P06,numeric
W153,P07,W153_V06_P07,W153_V07_P07,major_semantic
W153,P08,W153_V06_P08,W153_V07_P08,reordering
W153,P09,W153_V06_P09,W153_V07_P09,date_time
W153,P10,W153_V06_P10,W153_V07_P10,deletion
W153,P01,W153_V07_P01,W153_V08_P01,reordering
W153,P02,W153_V07_P02,W153_V08_P02,date_time
W153,P03,W153_V07_P03,W153_V08_P03,deletion
W153,P04,W153_V07_P04,W153_V08_P04,addition
W153,P05,W153_V07_P05,W153_V08_P05,requirement
W153,P06,W153_V07_P06,W153_V08_P06,policy
W153,P07,W153_V07_P07,W153_V08_P07,semantic
W153,P08,W153_V07_P08,W153_V08_P08,numeric
W153,P09,W153_V07_P09,W153_V08_P09,major_semantic
W153,P10,W153_V07_P10,W153_V08_P10,reordering
W153,P01,W153_V08_P01,W153_V09_P01,numeric
W153,P02,W153_V08_P02,W153_V09_P02,major_semantic
W153,P03,W153_V08_P03,W153_V09_P03,reordering
W153,P04,W153_V08_P04,W153_V09_P04,date_time
W153,P05,W153_V08_P05,W153_V09_P05,deletion
W153,P06,W153_V08_P06,W153_V09_P06,addition
W153,P07,W153_V08_P07,W153_V09_P07,requirement
W153,P08,W153_V08_P08,W153_V09_P08,policy
W153,P09,W153_V08_P09,W153_V09_P09,semantic
W153,P10,W153_V08_P10,W153_V09_P10,numeric
W153,P01,W153_V09_P01,W153_V10_P01,policy
W153,P02,W153_V09_P02,W153_V10_P02,semantic
W153,P03,W153_V09_P03,W153_V10_P03,numeric
W153,P04,W153_V09_P04,W153_V10_P04,major_semantic
W153,P05,W153_V09_P05,W153_V10_P05,reordering
W153,P06,W153_V09_P06,W153_V10_P06,date_time
W153,P07,W153_V09_P07,W153_V10_P07,deletion
W153,P08,W153_V09_P08,W153_V10_P08,addition
W153,P09,W153_V09_P09,W153_V10_P09,requirement
W153,P10,W153_V09_P10,W153_V10_P10,policy
W154,P01,W154_V01_P01,W154_V02_P01,requirement
W154,P02,W154_V01_P02,W154_V02_P02,policy
W154,P03,W154_V01_P03,W154_V02_P03,semantic
W154,P04,W154_V01_P04,W154_V02_P04,numeric
W154,P05,W154_V01_P05,W154_V02_P05,major_semantic
W154,P06,W154_V01_P06,W154_V02_P06,reordering
W154,P07,W154_V01_P07,W154_V02_P07,date_time
W154,P08,W154_V01_P08,W154_V02_P08,deletion
W154,P09,W154_V01_P09,W154_V02_P09,addition
W154,P10,W154_V01_P10,W154_V02_P10,requirement
W154,P01,W154_V02_P01,W154_V03_P01,deletion
W154,P02,W154_V02_P02,W154_V03_P02,addition
W154,P03,W154_V02_P03,W154_V03_P03,requirement
W154,P04,W154_V02_P04,W154_V03_P04,policy
W154,P05,W154_V02_P05,W154_V03_P05,semantic
W154,P06,W154_V02_P06,W154_V03_P06,numeric
W154,P07,W154_V02_P07,W154_V03_P07,major_semantic
W154,P08,W154_V02_P08,W154_V03_P08,reordering
W154,P09,W154_V02_P09,W154_V03_P09,date_time
W154,P10,W154_V02_P10,W154_V03_P10,deletion
W154,P01,W154_V03_P01,W154_V04_P01,reordering
W154,P02,W154_V03_P02,W154_V04_P02,date_time
W154,P03,W154_V03_P03,W154_V04_P03,deletion
W154,P04,W154_V03_P04,W154_V04_P04,addition
W154,P05,W154_V03_P05,W154_V04_P05,requirement
W154,P06,W154_V03_P06,W154_V04_P06,policy
W154,P07,W154_V03_P07,W154_V04_P07,semantic
W154,P08,W154_V03_P08,W154_V04_P08,numeric
W154,P09,W154_V03_P09,W154_V04_P09,major_semantic
W154,P10,W154_V03_P10,W154_V04_P10,reordering
W154,P01,W154_V04_P01,W154_V05_P01,numeric
W154,P02,W154_V04_P02,W154_V05_P02,major_semantic
W154,P03,W154_V04_P03,W154_V05_P03,reordering
W154,P04,W154_V04_P04,W154_V05_P04,date_time
W154,P05,W154_V04_P05,W154_V05_P05,deletion
W154,P06,W154_V04_P06,W154_V05_P06,addition
W154,P07,W154_V04_P07,W154_V05_P07,requirement
W154,P08,W154_V04_P08,W154_V05_P08,policy
W154,P09,W154_V04_P09,W154_V05_P09,semantic
W154,P10,W154_V04_P10,W154_V05_P10,numeric
W154,P01,W154_V05_P01,W154_V06_P01,policy
W154,P02,W154_V05_P02,W154_V06_P02,semantic
W154,P03,W154_V05_P03,W154_V06_P03,numeric
W154,P04,W154_V05_P04,W154_V06_P04,major_semantic
W154,P05,W154_V05_P05,W154_V06_P05,reordering
W154,P06,W154_V05_P06,W154_V06_P06,date_time
W154,P07,W154_V05_P07,W154_V06_P07,deletion
W154,P08,W154_V05_P08,W154_V06_P08,addition
W154,P09,W154_V05_P09,W154_V06_P09,requirement
W154,P10,W154_V05_P10,W154_V06_P10,policy
W154,P01,W154_V06_P01,W154_V07_P01,addition
W154,P02,W154_V06_P02,W154_V07_P02,requirement
W154,P03,W154_V06_P03,W154_V07_P03,policy
W154,P04,W154_V06_P04,W154_V07_P04,semantic
W154,P05,W154_V06_P05,W154_V07_P05,numeric
W154,P06,W154_V06_P06,W154_V07_P06,major_semantic
W154,P07,W154_V06_P07,W154_V07_P07,reordering
W154,P08,W154_V06_P08,W154_V07_P08,date_time
W154,P09,W154_V06_P09,W154_V07_P09,deletion
W154,P10,W154_V06_P10,W154_V07_P10,addition
W154,P01,W154_V07_P01,W154_V08_P01,date_time
W154,P02,W154_V07_P02,W154_V08_P02,deletion
W154,P03,W154_V07_P03,W154_V08_P03,addition
W154,P04,W154_V07_P04,W154_V08_P04,requirement
W154,P05,W154_V07_P05,W154_V08_P05,policy
W154,P06,W154_V07_P06,W154_V08_P06,semantic
W154,P07,W154_V07_P07,W154_V08_P07,numeric
W154,P08,W154_V07_P08,W154_V08_P08,major_semantic
W154,P09,W154_V07_P09,W154_V08_P09,reordering
W154,P10,W154_V07_P10,W154_V08_P10,date_time
W154,P01,W154_V08_P01,W154_V09_P01,major_semantic
W154,P02,W154_V08_P02,W154_V09_P02,reordering
W154,P03,W154_V08_P03,W154_V09_P03,date_time
W154,P04,W154_V08_P04,W154_V09_P04,deletion
W154,P05,W154_V08_P05,W154_V09_P05,addition
W154,P06,W154_V08_P06,W154_V09_P06,requirement
W154,P07,W154_V08_P07,W154_V09_P07,policy
W154,P08,W154_V08_P08,W154_V09_P08,semantic
W154,P09,W154_V08_P09,W154_V09_P09,numeric
W154,P10,W154_V08_P10,W154_V09_P10,major_semantic
W154,P01,W154_V09_P01,W154_V10_P01,semantic
W154,P02,W154_V09_P02,W154_V10_P02,numeric
W154,P03,W154_V09_P03,W154_V10_P03,major_semantic
W154,P04,W154_V09_P04,W154_V10_P04,reordering
W154,P05,W154_V09_P05,W154_V10_P05,date_time
W154,P06,W154_V09_P06,W154_V10_P06,deletion
W154,P07,W154_V09_P07,W154_V10_P07,addition
W154,P08,W154_V09_P08,W154_V10_P08,requirement
W154,P09,W154_V09_P09,W154_V10_P09,policy
W154,P10,W154_V09_P10,W154_V10_P10,semantic
W155,P01,W155_V01_P01,W155_V02_P01,policy
W155,P02,W155_V01_P02,W155_V02_P02,semantic
W155,P03,W155_V01_P03,W155_V02_P03,numeric
W155,P04,W155_V01_P04,W155_V02_P04,major_semantic
W155,P05,W155_V01_P05,W155_V02_P05,reordering
W155,P06,W155_V01_P06,W155_V02_P06,date_time
W155,P07,W155_V01_P07,W155_V02_P07,deletion
W155,P08,W155_V01_P08,W155_V02_P08,addition
W155,P09,W155_V01_P09,W155_V02_P09,requirement
W155,P10,W155_V01_P10,W155_V02_P10,policy
W155,P01,W155_V02_P01,W155_V03_P01,addition
W155,P02,W155_V02_P02,W155_V03_P02,requirement
W155,P03,W155_V02_P03,W155_V03_P03,policy
W155,P04,W155_V02_P04,W155_V03_P04,semantic
W155,P05,W155_V02_P05,W155_V03_P05,numeric
W155,P06,W155_V02_P06,W155_V03_P06,major_semantic
W155,P07,W155_V02_P07,W155_V03_P07,reordering
W155,P08,W155_V02_P08,W155_V03_P08,date_time
W155,P09,W155_V02_P09,W155_V03_P09,deletion
W155,P10,W155_V02_P10,W155_V03_P10,addition
W155,P01,W155_V03_P01,W155_V04_P01,date_time
W155,P02,W155_V03_P02,W155_V04_P02,deletion
W155,P03,W155_V03_P03,W155_V04_P03,addition
W155,P04,W155_V03_P04,W155_V04_P04,requirement
W155,P05,W155_V03_P05,W155_V04_P05,policy
W155,P06,W155_V03_P06,W155_V04_P06,semantic
W155,P07,W155_V03_P07,W155_V04_P07,numeric
W155,P08,W155_V03_P08,W155_V04_P08,major_semantic
W155,P09,W155_V03_P09,W155_V04_P09,reordering
W155,P10,W155_V03_P10,W155_V04_P10,date_time
W155,P01,W155_V04_P01,W155_V05_P01,major_semantic
W155,P02,W155_V04_P02,W155_V05_P02,reordering
W155,P03,W155_V04_P03,W155_V05_P03,date_time
W155,P04,W155_V04_P04,W155_V05_P04,deletion
W155,P05,W155_V04_P05,W155_V05_P05,addition
W155,P06,W155_V04_P06,W155_V05_P06,requirement
W155,P07,W155_V04_P07,W155_V05_P07,policy
W155,P08,W155_V04_P08,W155_V05_P08,semantic
W155,P09,W155_V04_P09,W155_V05_P09,numeric
W155,P10,W155_V04_P10,W155_V05_P10,major_semantic
W155,P01,W155_V05_P01,W155_V06_P01,semantic
W155,P02,W155_V05_P02,W155_V06_P02,numeric
W155,P03,W155_V05_P03,W155_V06_P03,major_semantic
W155,P04,W155_V05_P04,W155_V06_P04,reordering
W155,P05,W155_V05_P05,W155_V06_P05,date_time
W155,P06,W155_V05_P06,W155_V06_P06,deletion
W155,P07,W155_V05_P07,W155_V06_P07,addition
W155,P08,W155_V05_P08,W155_V06_P08,requirement
W155,P09,W155_V05_P09,W155_V06_P09,policy
W155,P10,W155_V05_P10,W155_V06_P10,semantic
W155,P01,W155_V06_P01,W155_V07_P01,requirement
W155,P02,W155_V06_P02,W155_V07_P02,policy
W155,P03,W155_V06_P03,W155_V07_P03,semantic
W155,P04,W155_V06_P04,W155_V07_P04,numeric
W155,P05,W155_V06_P05,W155_V07_P05,major_semantic
W155,P06,W155_V06_P06,W155_V07_P06,reordering
W155,P07,W155_V06_P07,W155_V07_P07,date_time
W155,P08,W155_V06_P08,W155_V07_P08,deletion
W155,P09,W155_V06_P09,W155_V07_P09,addition
W155,P10,W155_V06_P10,W155_V07_P10,requirement
W155,P01,W155_V07_P01,W155_V08_P01,deletion
W155,P02,W155_V07_P02,W155_V08_P02,addition
W155,P03,W155_V07_P03,W155_V08_P03,requirement
W155,P04,W155_V07_P04,W155_V08_P04,policy
W155,P05,W155_V07_P05,W155_V08_P05,semantic
W155,P06,W155_V07_P06,W155_V08_P06,numeric
W155,P07,W155_V07_P07,W155_V08_P07,major_semantic
W155,P08,W155_V07_P08,W155_V08_P08,reordering
W155,P09,W155_V07_P09,W155_V08_P09,date_time
W155,P10,W155_V07_P10,W155_V08_P10,deletion
W155,P01,W155_V08_P01,W155_V09_P01,reordering
W155,P02,W155_V08_P02,W155_V09_P02,date_time
W155,P03,W155_V08_P03,W155_V09_P03,deletion
W155,P04,W155_V08_P04,W155_V09_P04,addition
W155,P05,W155_V08_P05,W155_V09_P05,requirement
W155,P06,W155_V08_P06,W155_V09_P06,policy
W155,P07,W155_V08_P07,W155_V09_P07,semantic
W155,P08,W155_V08_P08,W155_V09_P08,numeric
W155,P09,W155_V08_P09,W155_V09_P09,major_semantic
W155,P10,W155_V08_P10,W155_V09_P10,reordering
W155,P01,W155_V09_P01,W155_V10_P01,numeric
W155,P02,W155_V09_P02,W155_V10_P02,major_semantic
W155,P03,W155_V09_P03,W155_V10_P03,reordering
W155,P04,W155_V09_P04,W155_V10_P04,date_time
W155,P05,W155_V09_P05,W155_V10_P05,deletion
W155,P06,W155_V09_P06,W155_V10_P06,addition
W155,P07,W155_V09_P07,W155_V10_P07,requirement
W155,P08,W155_V09_P08,W155_V10_P08,policy
W155,P09,W155_V09_P09,W155_V10_P09,semantic
W155,P10,W155_V09_P10,W155_V10_P10,numeric
W156,P01,W156_V01_P01,W156_V02_P01,semantic
W156,P02,W156_V01_P02,W156_V02_P02,numeric
W156,P03,W156_V01_P03,W156_V02_P03,major_semantic
W156,P04,W156_V01_P04,W156_V02_P04,reordering
W156,P05,W156_V01_P05,W156_V02_P05,date_time
W156,P06,W156_V01_P06,W156_V02_P06,deletion
W156,P07,W156_V01_P07,W156_V02_P07,addition
W156,P08,W156_V01_P08,W156_V02_P08,requirement
W156,P09,W156_V01_P09,W156_V02_P09,policy
W156,P10,W156_V01_P10,W156_V02_P10,semantic
W156,P01,W156_V02_P01,W156_V03_P01,requirement
W156,P02,W156_V02_P02,W156_V03_P02,policy
W156,P03,W156_V02_P03,W156_V03_P03,semantic
W156,P04,W156_V02_P04,W156_V03_P04,numeric
W156,P05,W156_V02_P05,W156_V03_P05,major_semantic
W156,P06,W156_V02_P06,W156_V03_P06,reordering
W156,P07,W156_V02_P07,W156_V03_P07,date_time
W156,P08,W156_V02_P08,W156_V03_P08,deletion
W156,P09,W156_V02_P09,W156_V03_P09,addition
W156,P10,W156_V02_P10,W156_V03_P10,requirement
W156,P01,W156_V03_P01,W156_V04_P01,deletion
W156,P02,W156_V03_P02,W156_V04_P02,addition
W156,P03,W156_V03_P03,W156_V04_P03,requirement
W156,P04,W156_V03_P04,W156_V04_P04,policy
W156,P05,W156_V03_P05,W156_V04_P05,semantic
W156,P06,W156_V03_P06,W156_V04_P06,numeric
W156,P07,W156_V03_P07,W156_V04_P07,major_semantic
W156,P08,W156_V03_P08,W156_V04_P08,reordering
W156,P09,W156_V03_P09,W156_V04_P09,date_time
W156,P10,W156_V03_P10,W156_V04_P10,deletion
W156,P01,W156_V04_P01,W156_V05_P01,reordering
W156,P02,W156_V04_P02,W156_V05_P02,date_time
W156,P03,W156_V04_P03,W156_V05_P03,deletion
W156,P04,W156_V04_P04,W156_V05_P04,addition
W156,P05,W156_V04_P05,W156_V05_P05,requirement
W156,P06,W156_V04_P06,W156_V05_P06,policy
W156,P07,W156_V04_P07,W156_V05_P07,semantic
W156,P08,W156_V04_P08,W156_V05_P08,numeric
W156,P09,W156_V04_P09,W156_V05_P09,major_semantic
W156,P10,W156_V04_P10,W156_V05_P10,reordering
W156,P01,W156_V05_P01,W156_V06_P01,numeric
W156,P02,W156_V05_P02,W156_V06_P02,major_semantic
W156,P03,W156_V05_P03,W156_V06_P03,reordering
W156,P04,W156_V05_P04,W156_V06_P04,date_time
W156,P05,W156_V05_P05,W156_V06_P05,deletion
W156,P06,W156_V05_P06,W156_V06_P06,addition
W156,P07,W156_V05_P07,W156_V06_P07,requirement
W156,P08,W156_V05_P08,W156_V06_P08,policy
W156,P09,W156_V05_P09,W156_V06_P09,semantic
W156,P10,W156_V05_P10,W156_V06_P10,numeric
W156,P01,W156_V06_P01,W156_V07_P01,policy
W156,P02,W156_V06_P02,W156_V07_P02,semantic
W156,P03,W156_V06_P03,W156_V07_P03,numeric
W156,P04,W156_V06_P04,W156_V07_P04,major_semantic
W156,P05,W156_V06_P05,W156_V07_P05,reordering
W156,P06,W156_V06_P06,W156_V07_P06,date_time
W156,P07,W156_V06_P07,W156_V07_P07,deletion
W156,P08,W156_V06_P08,W156_V07_P08,addition
W156,P09,W156_V06_P09,W156_V07_P09,requirement
W156,P10,W156_V06_P10,W156_V07_P10,policy
W156,P01,W156_V07_P01,W156_V08_P01,addition
W156,P02,W156_V07_P02,W156_V08_P02,requirement
W156,P03,W156_V07_P03,W156_V08_P03,policy
W156,P04,W156_V07_P04,W156_V08_P04,semantic
W156,P05,W156_V07_P05,W156_V08_P05,numeric
W156,P06,W156_V07_P06,W156_V08_P06,major_semantic
W156,P07,W156_V07_P07,W156_V08_P07,reordering
W156,P08,W156_V07_P08,W156_V08_P08,date_time
W156,P09,W156_V07_P09,W156_V08_P09,deletion
W156,P10,W156_V07_P10,W156_V08_P10,addition
W156,P01,W156_V08_P01,W156_V09_P01,date_time
W156,P02,W156_V08_P02,W156_V09_P02,deletion
W156,P03,W156_V08_P03,W156_V09_P03,addition
W156,P04,W156_V08_P04,W156_V09_P04,requirement
W156,P05,W156_V08_P05,W156_V09_P05,policy
W156,P06,W156_V08_P06,W156_V09_P06,semantic
W156,P07,W156_V08_P07,W156_V09_P07,numeric
W156,P08,W156_V08_P08,W156_V09_P08,major_semantic
W156,P09,W156_V08_P09,W156_V09_P09,reordering
W156,P10,W156_V08_P10,W156_V09_P10,date_time
W156,P01,W156_V09_P01,W156_V10_P01,major_semantic
W156,P02,W156_V09_P02,W156_V10_P02,reordering
W156,P03,W156_V09_P03,W156_V10_P03,date_time
W156,P04,W156_V09_P04,W156_V10_P04,deletion
W156,P05,W156_V09_P05,W156_V10_P05,addition
W156,P06,W156_V09_P06,W156_V10_P06,requirement
W156,P07,W156_V09_P07,W156_V10_P07,policy
W156,P08,W156_V09_P08,W156_V10_P08,semantic
W156,P09,W156_V09_P09,W156_V10_P09,numeric
W156,P10,W156_V09_P10,W156_V10_P10,major_semantic
W157,P01,W157_V01_P01,W157_V02_P01,numeric
W157,P02,W157_V01_P02,W157_V02_P02,major_semantic
W157,P03,W157_V01_P03,W157_V02_P03,reordering
W157,P04,W157_V01_P04,W157_V02_P04,date_time
W157,P05,W157_V01_P05,W157_V02_P05,deletion
W157,P06,W157_V01_P06,W157_V02_P06,addition
W157,P07,W157_V01_P07,W157_V02_P07,requirement
W157,P08,W157_V01_P08,W157_V02_P08,policy
W157,P09,W157_V01_P09,W157_V02_P09,semantic
W157,P10,W157_V01_P10,W157_V02_P10,numeric
W157,P01,W157_V02_P01,W157_V03_P01,policy
W157,P02,W157_V02_P02,W157_V03_P02,semantic
W157,P03,W157_V02_P03,W157_V03_P03,numeric
W157,P04,W157_V02_P04,W157_V03_P04,major_semantic
W157,P05,W157_V02_P05,W157_V03_P05,reordering
W157,P06,W157_V02_P06,W157_V03_P06,date_time
W157,P07,W157_V02_P07,W157_V03_P07,deletion
W157,P08,W157_V02_P08,W157_V03_P08,addition
W157,P09,W157_V02_P09,W157_V03_P09,requirement
W157,P10,W157_V02_P10,W157_V03_P10,policy
W157,P01,W157_V03_P01,W157_V04_P01,addition
W157,P02,W157_V03_P02,W157_V04_P02,requirement
W157,P03,W157_V03_P03,W157_V04_P03,policy
W157,P04,W157_V03_P04,W157_V04_P04,semantic
W157,P05,W157_V03_P05,W157_V04_P05,numeric
W157,P06,W157_V03_P06,W157_V04_P06,major_semantic
W157,P07,W157_V03_P07,W157_V04_P07,reordering
W157,P08,W157_V03_P08,W157_V04_P08,date_time
W157,P09,W157_V03_P09,W157_V04_P09,deletion
W157,P10,W157_V03_P10,W157_V04_P10,addition
W157,P01,W157_V04_P01,W157_V05_P01,date_time
W157,P02,W157_V04_P02,W157_V05_P02,deletion
W157,P03,W157_V04_P03,W157_V05_P03,addition
W157,P04,W157_V04_P04,W157_V05_P04,requirement
W157,P05,W157_V04_P05,W157_V05_P05,policy
W157,P06,W157_V04_P06,W157_V05_P06,semantic
W157,P07,W157_V04_P07,W157_V05_P07,numeric
W157,P08,W157_V04_P08,W157_V05_P08,major_semantic
W157,P09,W157_V04_P09,W157_V05_P09,reordering
W157,P10,W157_V04_P10,W157_V05_P10,date_time
W157,P01,W157_V05_P01,W157_V06_P01,major_semantic
W157,P02,W157_V05_P02,W157_V06_P02,reordering
W157,P03,W157_V05_P03,W157_V06_P03,date_time
W157,P04,W157_V05_P04,W157_V06_P04,deletion
W157,P05,W157_V05_P05,W157_V06_P05,addition
W157,P06,W157_V05_P06,W157_V06_P06,requirement
W157,P07,W157_V05_P07,W157_V06_P07,policy
W157,P08,W157_V05_P08,W157_V06_P08,semantic
W157,P09,W157_V05_P09,W157_V06_P09,numeric
W157,P10,W157_V05_P10,W157_V06_P10,major_semantic
W157,P01,W157_V06_P01,W157_V07_P01,semantic
W157,P02,W157_V06_P02,W157_V07_P02,numeric
W157,P03,W157_V06_P03,W157_V07_P03,major_semantic
W157,P04,W157_V06_P04,W157_V07_P04,reordering
W157,P05,W157_V06_P05,W157_V07_P05,date_time
W157,P06,W157_V06_P06,W157_V07_P06,deletion
W157,P07,W157_V06_P07,W157_V07_P07,addition
W157,P08,W157_V06_P08,W157_V07_P08,requirement
W157,P09,W157_V06_P09,W157_V07_P09,policy
W157,P10,W157_V06_P10,W157_V07_P10,semantic
W157,P01,W157_V07_P01,W157_V08_P01,requirement
W157,P02,W157_V07_P02,W157_V08_P02,policy
W157,P03,W157_V07_P03,W157_V08_P03,semantic
W157,P04,W157_V07_P04,W157_V08_P04,numeric
W157,P05,W157_V07_P05,W157_V08_P05,major_semantic
W157,P06,W157_V07_P06,W157_V08_P06,reordering
W157,P07,W157_V07_P07,W157_V08_P07,date_time
W157,P08,W157_V07_P08,W157_V08_P08,deletion
W157,P09,W157_V07_P09,W157_V08_P09,addition
W157,P10,W157_V07_P10,W157_V08_P10,requirement
W157,P01,W157_V08_P01,W157_V09_P01,deletion
W157,P02,W157_V08_P02,W157_V09_P02,addition
W157,P03,W157_V08_P03,W157_V09_P03,requirement
W157,P04,W157_V08_P04,W157_V09_P04,policy
W157,P05,W157_V08_P05,W157_V09_P05,semantic
W157,P06,W157_V08_P06,W157_V09_P06,numeric
W157,P07,W157_V08_P07,W157_V09_P07,major_semantic
W157,P08,W157_V08_P08,W157_V09_P08,reordering
W157,P09,W157_V08_P09,W157_V09_P09,date_time
W157,P10,W157_V08_P10,W157_V09_P10,deletion
W157,P01,W157_V09_P01,W157_V10_P01,reordering
W157,P02,W157_V09_P02,W157_V10_P02,date_time
W157,P03,W157_V09_P03,W157_V10_P03,deletion
W157,P04,W157_V09_P04,W157_V10_P04,addition
W157,P05,W157_V09_P05,W157_V10_P05,requirement
W157,P06,W157_V09_P06,W157_V10_P06,policy
W157,P07,W157_V09_P07,W157_V10_P07,semantic
W157,P08,W157_V09_P08,W157_V10_P08,numeric
W157,P09,W157_V09_P09,W157_V10_P09,major_semantic
W157,P10,W157_V09_P10,W157_V10_P10,reordering
W158,P01,W158_V01_P01,W158_V02_P01,major_semantic
W158,P02,W158_V01_P02,W158_V02_P02,reordering
W158,P03,W158_V01_P03,W158_V02_P03,date_time
W158,P04,W158_V01_P04,W158_V02_P04,deletion
W158,P05,W158_V01_P05,W158_V02_P05,addition
W158,P06,W158_V01_P06,W158_V02_P06,requirement
W158,P07,W158_V01_P07,W158_V02_P07,policy
W158,P08,W158_V01_P08,W158_V02_P08,semantic
W158,P09,W158_V01_P09,W158_V02_P09,numeric
W158,P10,W158_V01_P10,W158_V02_P10,major_semantic
W158,P01,W158_V02_P01,W158_V03_P01,semantic
W158,P02,W158_V02_P02,W158_V03_P02,numeric
W158,P03,W158_V02_P03,W158_V03_P03,major_semantic
W158,P04,W158_V02_P04,W158_V03_P04,reordering
W158,P05,W158_V02_P05,W158_V03_P05,date_time
W158,P06,W158_V02_P06,W158_V03_P06,deletion
W158,P07,W158_V02_P07,W158_V03_P07,addition
W158,P08,W158_V02_P08,W158_V03_P08,requirement
W158,P09,W158_V02_P09,W158_V03_P09,policy
W158,P10,W158_V02_P10,W158_V03_P10,semantic
W158,P01,W158_V03_P01,W158_V04_P01,requirement
W158,P02,W158_V03_P02,W158_V04_P02,policy
W158,P03,W158_V03_P03,W158_V04_P03,semantic
W158,P04,W158_V03_P04,W158_V04_P04,numeric
W158,P05,W158_V03_P05,W158_V04_P05,major_semantic
W158,P06,W158_V03_P06,W158_V04_P06,reordering
W158,P07,W158_V03_P07,W158_V04_P07,date_time
W158,P08,W158_V03_P08,W158_V04_P08,deletion
W158,P09,W158_V03_P09,W158_V04_P09,addition
W158,P10,W158_V03_P10,W158_V04_P10,requirement
W158,P01,W158_V04_P01,W158_V05_P01,deletion
W158,P02,W158_V04_P02,W158_V05_P02,addition
W158,P03,W158_V04_P03,W158_V05_P03,requirement
W158,P04,W158_V04_P04,W158_V05_P04,policy
W158,P05,W158_V04_P05,W158_V05_P05,semantic
W158,P06,W158_V04_P06,W158_V05_P06,numeric
W158,P07,W158_V04_P07,W158_V05_P07,major_semantic
W158,P08,W158_V04_P08,W158_V05_P08,reordering
W158,P09,W158_V04_P09,W158_V05_P09,date_time
W158,P10,W158_V04_P10,W158_V05_P10,deletion
W158,P01,W158_V05_P01,W158_V06_P01,reordering
W158,P02,W158_V05_P02,W158_V06_P02,date_time
W158,P03,W158_V05_P03,W158_V06_P03,deletion
W158,P04,W158_V05_P04,W158_V06_P04,addition
W158,P05,W158_V05_P05,W158_V06_P05,requirement
W158,P06,W158_V05_P06,W158_V06_P06,policy
W158,P07,W158_V05_P07,W158_V06_P07,semantic
W158,P08,W158_V05_P08,W158_V06_P08,numeric
W158,P09,W158_V05_P09,W158_V06_P09,major_semantic
W158,P10,W158_V05_P10,W158_V06_P10,reordering
W158,P01,W158_V06_P01,W158_V07_P01,numeric
W158,P02,W158_V06_P02,W158_V07_P02,major_semantic
W158,P03,W158_V06_P03,W158_V07_P03,reordering
W158,P04,W158_V06_P04,W158_V07_P04,date_time
W158,P05,W158_V06_P05,W158_V07_P05,deletion
W158,P06,W158_V06_P06,W158_V07_P06,addition
W158,P07,W158_V06_P07,W158_V07_P07,requirement
W158,P08,W158_V06_P08,W158_V07_P08,policy
W158,P09,W158_V06_P09,W158_V07_P09,semantic
W158,P10,W158_V06_P10,W158_V07_P10,numeric
W158,P01,W158_V07_P01,W158_V08_P01,policy
W158,P02,W158_V07_P02,W158_V08_P02,semantic
W158,P03,W158_V07_P03,W158_V08_P03,numeric
W158,P04,W158_V07_P04,W158_V08_P04,major_semantic
W158,P05,W158_V07_P05,W158_V08_P05,reordering
W158,P06,W158_V07_P06,W158_V08_P06,date_time
W158,P07,W158_V07_P07,W158_V08_P07,deletion
W158,P08,W158_V07_P08,W158_V08_P08,addition
W158,P09,W158_V07_P09,W158_V08_P09,requirement
W158,P10,W158_V07_P10,W158_V08_P10,policy
W158,P01,W158_V08_P01,W158_V09_P01,addition
W158,P02,W158_V08_P02,W158_V09_P02,requirement
W158,P03,W158_V08_P03,W158_V09_P03,policy
W158,P04,W158_V08_P04,W158_V09_P04,semantic
W158,P05,W158_V08_P05,W158_V09_P05,numeric
W158,P06,W158_V08_P06,W158_V09_P06,major_semantic
W158,P07,W158_V08_P07,W158_V09_P07,reordering
W158,P08,W158_V08_P08,W158_V09_P08,date_time
W158,P09,W158_V08_P09,W158_V09_P09,deletion
W158,P10,W158_V08_P10,W158_V09_P10,addition
W158,P01,W158_V09_P01,W158_V10_P01,date_time
W158,P02,W158_V09_P02,W158_V10_P02,deletion
W158,P03,W158_V09_P03,W158_V10_P03,addition
W158,P04,W158_V09_P04,W158_V10_P04,requirement
W158,P05,W158_V09_P05,W158_V10_P05,policy
W158,P06,W158_V09_P06,W158_V10_P06,semantic
W158,P07,W158_V09_P07,W158_V10_P07,numeric
W158,P08,W158_V09_P08,W158_V10_P08,major_semantic
W158,P09,W158_V09_P09,W158_V10_P09,reordering
W158,P10,W158_V09_P10,W158_V10_P10,date_time
W159,P01,W159_V01_P01,W159_V02_P01,reordering
W159,P02,W159_V01_P02,W159_V02_P02,date_time
W159,P03,W159_V01_P03,W159_V02_P03,deletion
W159,P04,W159_V01_P04,W159_V02_P04,addition
W159,P05,W159_V01_P05,W159_V02_P05,requirement
W159,P06,W159_V01_P06,W159_V02_P06,policy
W159,P07,W159_V01_P07,W159_V02_P07,semantic
W159,P08,W159_V01_P08,W159_V02_P08,numeric
W159,P09,W159_V01_P09,W159_V02_P09,major_semantic
W159,P10,W159_V01_P10,W159_V02_P10,reordering
W159,P01,W159_V02_P01,W159_V03_P01,numeric
W159,P02,W159_V02_P02,W159_V03_P02,major_semantic
W159,P03,W159_V02_P03,W159_V03_P03,reordering
W159,P04,W159_V02_P04,W159_V03_P04,date_time
W159,P05,W159_V02_P05,W159_V03_P05,deletion
W159,P06,W159_V02_P06,W159_V03_P06,addition
W159,P07,W159_V02_P07,W159_V03_P07,requirement
W159,P08,W159_V02_P08,W159_V03_P08,policy
W159,P09,W159_V02_P09,W159_V03_P09,semantic
W159,P10,W159_V02_P10,W159_V03_P10,numeric
W159,P01,W159_V03_P01,W159_V04_P01,policy
W159,P02,W159_V03_P02,W159_V04_P02,semantic
W159,P03,W159_V03_P03,W159_V04_P03,numeric
W159,P04,W159_V03_P04,W159_V04_P04,major_semantic
W159,P05,W159_V03_P05,W159_V04_P05,reordering
W159,P06,W159_V03_P06,W159_V04_P06,date_time
W159,P07,W159_V03_P07,W159_V04_P07,deletion
W159,P08,W159_V03_P08,W159_V04_P08,addition
W159,P09,W159_V03_P09,W159_V04_P09,requirement
W159,P10,W159_V03_P10,W159_V04_P10,policy
W159,P01,W159_V04_P01,W159_V05_P01,addition
W159,P02,W159_V04_P02,W159_V05_P02,requirement
W159,P03,W159_V04_P03,W159_V05_P03,policy
W159,P04,W159_V04_P04,W159_V05_P04,semantic
W159,P05,W159_V04_P05,W159_V05_P05,numeric
W159,P06,W159_V04_P06,W159_V05_P06,major_semantic
W159,P07,W159_V04_P07,W159_V05_P07,reordering
W159,P08,W159_V04_P08,W159_V05_P08,date_time
W159,P09,W159_V04_P09,W159_V05_P09,deletion
W159,P10,W159_V04_P10,W159_V05_P10,addition
W159,P01,W159_V05_P01,W159_V06_P01,date_time
W159,P02,W159_V05_P02,W159_V06_P02,deletion
W159,P03,W159_V05_P03,W159_V06_P03,addition
W159,P04,W159_V05_P04,W159_V06_P04,requirement
W159,P05,W159_V05_P05,W159_V06_P05,policy
W159,P06,W159_V05_P06,W159_V06_P06,semantic
W159,P07,W159_V05_P07,W159_V06_P07,numeric
W159,P08,W159_V05_P08,W159_V06_P08,major_semantic
W159,P09,W159_V05_P09,W159_V06_P09,reordering
W159,P10,W159_V05_P10,W159_V06_P10,date_time
W159,P01,W159_V06_P01,W159_V07_P01,major_semantic
W159,P02,W159_V06_P02,W159_V07_P02,reordering
W159,P03,W159_V06_P03,W159_V07_P03,date_time
W159,P04,W159_V06_P04,W159_V07_P04,deletion
W159,P05,W159_V06_P05,W159_V07_P05,addition
W159,P06,W159_V06_P06,W159_V07_P06,requirement
W159,P07,W159_V06_P07,W159_V07_P07,policy
W159,P08,W159_V06_P08,W159_V07_P08,semantic
W159,P09,W159_V06_P09,W159_V07_P09,numeric
W159,P10,W159_V06_P10,W159_V07_P10,major_semantic
W159,P01,W159_V07_P01,W159_V08_P01,semantic
W159,P02,W159_V07_P02,W159_V08_P02,numeric
W159,P03,W159_V07_P03,W159_V08_P03,major_semantic
W159,P04,W159_V07_P04,W159_V08_P04,reordering
W159,P05,W159_V07_P05,W159_V08_P05,date_time
W159,P06,W159_V07_P06,W159_V08_P06,deletion
W159,P07,W159_V07_P07,W159_V08_P07,addition
W159,P08,W159_V07_P08,W159_V08_P08,requirement
W159,P09,W159_V07_P09,W159_V08_P09,policy
W159,P10,W159_V07_P10,W159_V08_P10,semantic
W159,P01,W159_V08_P01,W159_V09_P01,requirement
W159,P02,W159_V08_P02,W159_V09_P02,policy
W159,P03,W159_V08_P03,W159_V09_P03,semantic
W159,P04,W159_V08_P04,W159_V09_P04,numeric
W159,P05,W159_V08_P05,W159_V09_P05,major_semantic
W159,P06,W159_V08_P06,W159_V09_P06,reordering
W159,P07,W159_V08_P07,W159_V09_P07,date_time
W159,P08,W159_V08_P08,W159_V09_P08,deletion
W159,P09,W159_V08_P09,W159_V09_P09,addition
W159,P10,W159_V08_P10,W159_V09_P10,requirement
W159,P01,W159_V09_P01,W159_V10_P01,deletion
W159,P02,W159_V09_P02,W159_V10_P02,addition
W159,P03,W159_V09_P03,W159_V10_P03,requirement
W159,P04,W159_V09_P04,W159_V10_P04,policy
W159,P05,W159_V09_P05,W159_V10_P05,semantic
W159,P06,W159_V09_P06,W159_V10_P06,numeric
W159,P07,W159_V09_P07,W159_V10_P07,major_semantic
W159,P08,W159_V09_P08,W159_V10_P08,reordering
W159,P09,W159_V09_P09,W159_V10_P09,date_time
W159,P10,W159_V09_P10,W159_V10_P10,deletion
W160,P01,W160_V01_P01,W160_V02_P01,date_time
W160,P02,W160_V01_P02,W160_V02_P02,deletion
W160,P03,W160_V01_P03,W160_V02_P03,addition
W160,P04,W160_V01_P04,W160_V02_P04,requirement
W160,P05,W160_V01_P05,W160_V02_P05,policy
W160,P06,W160_V01_P06,W160_V02_P06,semantic
W160,P07,W160_V01_P07,W160_V02_P07,numeric
W160,P08,W160_V01_P08,W160_V02_P08,major_semantic
W160,P09,W160_V01_P09,W160_V02_P09,reordering
W160,P10,W160_V01_P10,W160_V02_P10,date_time
W160,P01,W160_V02_P01,W160_V03_P01,major_semantic
W160,P02,W160_V02_P02,W160_V03_P02,reordering
W160,P03,W160_V02_P03,W160_V03_P03,date_time
W160,P04,W160_V02_P04,W160_V03_P04,deletion
W160,P05,W160_V02_P05,W160_V03_P05,addition
W160,P06,W160_V02_P06,W160_V03_P06,requirement
W160,P07,W160_V02_P07,W160_V03_P07,policy
W160,P08,W160_V02_P08,W160_V03_P08,semantic
W160,P09,W160_V02_P09,W160_V03_P09,numeric
W160,P10,W160_V02_P10,W160_V03_P10,major_semantic
W160,P01,W160_V03_P01,W160_V04_P01,semantic
W160,P02,W160_V03_P02,W160_V04_P02,numeric
W160,P03,W160_V03_P03,W160_V04_P03,major_semantic
W160,P04,W160_V03_P04,W160_V04_P04,reordering
W160,P05,W160_V03_P05,W160_V04_P05,date_time
W160,P06,W160_V03_P06,W160_V04_P06,deletion
W160,P07,W160_V03_P07,W160_V04_P07,addition
W160,P08,W160_V03_P08,W160_V04_P08,requirement
W160,P09,W160_V03_P09,W160_V04_P09,policy
W160,P10,W160_V03_P10,W160_V04_P10,semantic
W160,P01,W160_V04_P01,W160_V05_P01,requirement
W160,P02,W160_V04_P02,W160_V05_P02,policy
W160,P03,W160_V04_P03,W160_V05_P03,semantic
W160,P04,W160_V04_P04,W160_V05_P04,numeric
W160,P05,W160_V04_P05,W160_V05_P05,major_semantic
W160,P06,W160_V04_P06,W160_V05_P06,reordering
W160,P07,W160_V04_P07,W160_V05_P07,date_time
W160,P08,W160_V04_P08,W160_V05_P08,deletion
W160,P09,W160_V04_P09,W160_V05_P09,addition
W160,P10,W160_V04_P10,W160_V05_P10,requirement
W160,P01,W160_V05_P01,W160_V06_P01,deletion
W160,P02,W160_V05_P02,W160_V06_P02,addition
W160,P03,W160_V05_P03,W160_V06_P03,requirement
W160,P04,W160_V05_P04,W160_V06_P04,policy
W160,P05,W160_V05_P05,W160_V06_P05,semantic
W160,P06,W160_V05_P06,W160_V06_P06,numeric
W160,P07,W160_V05_P07,W160_V06_P07,major_semantic
W160,P08,W160_V05_P08,W160_V06_P08,reordering
W160,P09,W160_V05_P09,W160_V06_P09,date_time
W160,P10,W160_V05_P10,W160_V06_P10,deletion
W160,P01,W160_V06_P01,W160_V07_P01,reordering
W160,P02,W160_V06_P02,W160_V07_P02,date_time
W160,P03,W160_V06_P03,W160_V07_P03,deletion
W160,P04,W160_V06_P04,W160_V07_P04,addition
W160,P05,W160_V06_P05,W160_V07_P05,requirement
W160,P06,W160_V06_P06,W160_V07_P06,policy
W160,P07,W160_V06_P07,W160_V07_P07,semantic
W160,P08,W160_V06_P08,W160_V07_P08,numeric
W160,P09,W160_V06_P09,W160_V07_P09,major_semantic
W160,P10,W160_V06_P10,W160_V07_P10,reordering
W160,P01,W160_V07_P01,W160_V08_P01,numeric
W160,P02,W160_V07_P02,W160_V08_P02,major_semantic
W160,P03,W160_V07_P03,W160_V08_P03,reordering
W160,P04,W160_V07_P04,W160_V08_P04,date_time
W160,P05,W160_V07_P05,W160_V08_P05,deletion
W160,P06,W160_V07_P06,W160_V08_P06,addition
W160,P07,W160_V07_P07,W160_V08_P07,requirement
W160,P08,W160_V07_P08,W160_V08_P08,policy
W160,P09,W160_V07_P09,W160_V08_P09,semantic
W160,P10,W160_V07_P10,W160_V08_P10,numeric
W160,P01,W160_V08_P01,W160_V09_P01,policy
W160,P02,W160_V08_P02,W160_V09_P02,semantic
W160,P03,W160_V08_P03,W160_V09_P03,numeric
W160,P04,W160_V08_P04,W160_V09_P04,major_semantic
W160,P05,W160_V08_P05,W160_V09_P05,reordering
W160,P06,W160_V08_P06,W160_V09_P06,date_time
W160,P07,W160_V08_P07,W160_V09_P07,deletion
W160,P08,W160_V08_P08,W160_V09_P08,addition
W160,P09,W160_V08_P09,W160_V09_P09,requirement
W160,P10,W160_V08_P10,W160_V09_P10,policy
W160,P01,W160_V09_P01,W160_V10_P01,addition
W160,P02,W160_V09_P02,W160_V10_P02,requirement
W160,P03,W160_V09_P03,W160_V10_P03,policy
W160,P04,W160_V09_P04,W160_V10_P04,semantic
W160,P05,W160_V09_P05,W160_V10_P05,numeric
W160,P06,W160_V09_P06,W160_V10_P06,major_semantic
W160,P07,W160_V09_P07,W160_V10_P07,reordering
W160,P08,W160_V09_P08,W160_V10_P08,date_time
W160,P09,W160_V09_P09,W160_V10_P09,deletion
W160,P10,W160_V09_P10,W160_V10_P10,addition
W161,P01,W161_V01_P01,W161_V02_P01,deletion
W161,P02,W161_V01_P02,W161_V02_P02,addition
W161,P03,W161_V01_P03,W161_V02_P03,requirement
W161,P04,W161_V01_P04,W161_V02_P04,policy
W161,P05,W161_V01_P05,W161_V02_P05,semantic
W161,P06,W161_V01_P06,W161_V02_P06,numeric
W161,P07,W161_V01_P07,W161_V02_P07,major_semantic
W161,P08,W161_V01_P08,W161_V02_P08,reordering
W161,P09,W161_V01_P09,W161_V02_P09,date_time
W161,P10,W161_V01_P10,W161_V02_P10,deletion
W161,P01,W161_V02_P01,W161_V03_P01,reordering
W161,P02,W161_V02_P02,W161_V03_P02,date_time
W161,P03,W161_V02_P03,W161_V03_P03,deletion
W161,P04,W161_V02_P04,W161_V03_P04,addition
W161,P05,W161_V02_P05,W161_V03_P05,requirement
W161,P06,W161_V02_P06,W161_V03_P06,policy
W161,P07,W161_V02_P07,W161_V03_P07,semantic
W161,P08,W161_V02_P08,W161_V03_P08,numeric
W161,P09,W161_V02_P09,W161_V03_P09,major_semantic
W161,P10,W161_V02_P10,W161_V03_P10,reordering
W161,P01,W161_V03_P01,W161_V04_P01,numeric
W161,P02,W161_V03_P02,W161_V04_P02,major_semantic
W161,P03,W161_V03_P03,W161_V04_P03,reordering
W161,P04,W161_V03_P04,W161_V04_P04,date_time
W161,P05,W161_V03_P05,W161_V04_P05,deletion
W161,P06,W161_V03_P06,W161_V04_P06,addition
W161,P07,W161_V03_P07,W161_V04_P07,requirement
W161,P08,W161_V03_P08,W161_V04_P08,policy
W161,P09,W161_V03_P09,W161_V04_P09,semantic
W161,P10,W161_V03_P10,W161_V04_P10,numeric
W161,P01,W161_V04_P01,W161_V05_P01,policy
W161,P02,W161_V04_P02,W161_V05_P02,semantic
W161,P03,W161_V04_P03,W161_V05_P03,numeric
W161,P04,W161_V04_P04,W161_V05_P04,major_semantic
W161,P05,W161_V04_P05,W161_V05_P05,reordering
W161,P06,W161_V04_P06,W161_V05_P06,date_time
W161,P07,W161_V04_P07,W161_V05_P07,deletion
W161,P08,W161_V04_P08,W161_V05_P08,addition
W161,P09,W161_V04_P09,W161_V05_P09,requirement
W161,P10,W161_V04_P10,W161_V05_P10,policy
W161,P01,W161_V05_P01,W161_V06_P01,addition
W161,P02,W161_V05_P02,W161_V06_P02,requirement
W161,P03,W161_V05_P03,W161_V06_P03,policy
W161,P04,W161_V05_P04,W161_V06_P04,semantic
W161,P05,W161_V05_P05,W161_V06_P05,numeric
W161,P06,W161_V05_P06,W161_V06_P06,major_semantic
W161,P07,W161_V05_P07,W161_V06_P07,reordering
W161,P08,W161_V05_P08,W161_V06_P08,date_time
W161,P09,W161_V05_P09,W161_V06_P09,deletion
W161,P10,W161_V05_P10,W161_V06_P10,addition
W161,P01,W161_V06_P01,W161_V07_P01,date_time
W161,P02,W161_V06_P02,W161_V07_P02,deletion
W161,P03,W161_V06_P03,W161_V07_P03,addition
W161,P04,W161_V06_P04,W161_V07_P04,requirement
W161,P05,W161_V06_P05,W161_V07_P05,policy
W161,P06,W161_V06_P06,W161_V07_P06,semantic
W161,P07,W161_V06_P07,W161_V07_P07,numeric
W161,P08,W161_V06_P08,W161_V07_P08,major_semantic
W161,P09,W161_V06_P09,W161_V07_P09,reordering
W161,P10,W161_V06_P10,W161_V07_P10,date_time
W161,P01,W161_V07_P01,W161_V08_P01,major_semantic
W161,P02,W161_V07_P02,W161_V08_P02,reordering
W161,P03,W161_V07_P03,W161_V08_P03,date_time
W161,P04,W161_V07_P04,W161_V08_P04,deletion
W161,P05,W161_V07_P05,W161_V08_P05,addition
W161,P06,W161_V07_P06,W161_V08_P06,requirement
W161,P07,W161_V07_P07,W161_V08_P07,policy
W161,P08,W161_V07_P08,W161_V08_P08,semantic
W161,P09,W161_V07_P09,W161_V08_P09,numeric
W161,P10,W161_V07_P10,W161_V08_P10,major_semantic
W161,P01,W161_V08_P01,W161_V09_P01,semantic
W161,P02,W161_V08_P02,W161_V09_P02,numeric
W161,P03,W161_V08_P03,W161_V09_P03,major_semantic
W161,P04,W161_V08_P04,W161_V09_P04,reordering
W161,P05,W161_V08_P05,W161_V09_P05,date_time
W161,P06,W161_V08_P06,W161_V09_P06,deletion
W161,P07,W161_V08_P07,W161_V09_P07,addition
W161,P08,W161_V08_P08,W161_V09_P08,requirement
W161,P09,W161_V08_P09,W161_V09_P09,policy
W161,P10,W161_V08_P10,W161_V09_P10,semantic
W161,P01,W161_V09_P01,W161_V10_P01,requirement
W161,P02,W161_V09_P02,W161_V10_P02,policy
W161,P03,W161_V09_P03,W161_V10_P03,semantic
W161,P04,W161_V09_P04,W161_V10_P04,numeric
W161,P05,W161_V09_P05,W161_V10_P05,major_semantic
W161,P06,W161_V09_P06,W161_V10_P06,reordering
W161,P07,W161_V09_P07,W161_V10_P07,date_time
W161,P08,W161_V09_P08,W161_V10_P08,deletion
W161,P09,W161_V09_P09,W161_V10_P09,addition
W161,P10,W161_V09_P10,W161_V10_P10,requirement
W162,P01,W162_V01_P01,W162_V02_P01,addition
W162,P02,W162_V01_P02,W162_V02_P02,requirement
W162,P03,W162_V01_P03,W162_V02_P03,policy
W162,P04,W162_V01_P04,W162_V02_P04,semantic
W162,P05,W162_V01_P05,W162_V02_P05,numeric
W162,P06,W162_V01_P06,W162_V02_P06,major_semantic
W162,P07,W162_V01_P07,W162_V02_P07,reordering
W162,P08,W162_V01_P08,W162_V02_P08,date_time
W162,P09,W162_V01_P09,W162_V02_P09,deletion
W162,P10,W162_V01_P10,W162_V02_P10,addition
W162,P01,W162_V02_P01,W162_V03_P01,date_time
W162,P02,W162_V02_P02,W162_V03_P02,deletion
W162,P03,W162_V02_P03,W162_V03_P03,addition
W162,P04,W162_V02_P04,W162_V03_P04,requirement
W162,P05,W162_V02_P05,W162_V03_P05,policy
W162,P06,W162_V02_P06,W162_V03_P06,semantic
W162,P07,W162_V02_P07,W162_V03_P07,numeric
W162,P08,W162_V02_P08,W162_V03_P08,major_semantic
W162,P09,W162_V02_P09,W162_V03_P09,reordering
W162,P10,W162_V02_P10,W162_V03_P10,date_time
W162,P01,W162_V03_P01,W162_V04_P01,major_semantic
W162,P02,W162_V03_P02,W162_V04_P02,reordering
W162,P03,W162_V03_P03,W162_V04_P03,date_time
W162,P04,W162_V03_P04,W162_V04_P04,deletion
W162,P05,W162_V03_P05,W162_V04_P05,addition
W162,P06,W162_V03_P06,W162_V04_P06,requirement
W162,P07,W162_V03_P07,W162_V04_P07,policy
W162,P08,W162_V03_P08,W162_V04_P08,semantic
W162,P09,W162_V03_P09,W162_V04_P09,numeric
W162,P10,W162_V03_P10,W162_V04_P10,major_semantic
W162,P01,W162_V04_P01,W162_V05_P01,semantic
W162,P02,W162_V04_P02,W162_V05_P02,numeric
W162,P03,W162_V04_P03,W162_V05_P03,major_semantic
W162,P04,W162_V04_P04,W162_V05_P04,reordering
W162,P05,W162_V04_P05,W162_V05_P05,date_time
W162,P06,W162_V04_P06,W162_V05_P06,deletion
W162,P07,W162_V04_P07,W162_V05_P07,addition
W162,P08,W162_V04_P08,W162_V05_P08,requirement
W162,P09,W162_V04_P09,W162_V05_P09,policy
W162,P10,W162_V04_P10,W162_V05_P10,semantic
W162,P01,W162_V05_P01,W162_V06_P01,requirement
W162,P02,W162_V05_P02,W162_V06_P02,policy
W162,P03,W162_V05_P03,W162_V06_P03,semantic
W162,P04,W162_V05_P04,W162_V06_P04,numeric
W162,P05,W162_V05_P05,W162_V06_P05,major_semantic
W162,P06,W162_V05_P06,W162_V06_P06,reordering
W162,P07,W162_V05_P07,W162_V06_P07,date_time
W162,P08,W162_V05_P08,W162_V06_P08,deletion
W162,P09,W162_V05_P09,W162_V06_P09,addition
W162,P10,W162_V05_P10,W162_V06_P10,requirement
W162,P01,W162_V06_P01,W162_V07_P01,deletion
W162,P02,W162_V06_P02,W162_V07_P02,addition
W162,P03,W162_V06_P03,W162_V07_P03,requirement
W162,P04,W162_V06_P04,W162_V07_P04,policy
W162,P05,W162_V06_P05,W162_V07_P05,semantic
W162,P06,W162_V06_P06,W162_V07_P06,numeric
W162,P07,W162_V06_P07,W162_V07_P07,major_semantic
W162,P08,W162_V06_P08,W162_V07_P08,reordering
W162,P09,W162_V06_P09,W162_V07_P09,date_time
W162,P10,W162_V06_P10,W162_V07_P10,deletion
W162,P01,W162_V07_P01,W162_V08_P01,reordering
W162,P02,W162_V07_P02,W162_V08_P02,date_time
W162,P03,W162_V07_P03,W162_V08_P03,deletion
W162,P04,W162_V07_P04,W162_V08_P04,addition
W162,P05,W162_V07_P05,W162_V08_P05,requirement
W162,P06,W162_V07_P06,W162_V08_P06,policy
W162,P07,W162_V07_P07,W162_V08_P07,semantic
W162,P08,W162_V07_P08,W162_V08_P08,numeric
W162,P09,W162_V07_P09,W162_V08_P09,major_semantic
W162,P10,W162_V07_P10,W162_V08_P10,reordering
W162,P01,W162_V08_P01,W162_V09_P01,numeric
W162,P02,W162_V08_P02,W162_V09_P02,major_semantic
W162,P03,W162_V08_P03,W162_V09_P03,reordering
W162,P04,W162_V08_P04,W162_V09_P04,date_time
W162,P05,W162_V08_P05,W162_V09_P05,deletion
W162,P06,W162_V08_P06,W162_V09_P06,addition
W162,P07,W162_V08_P07,W162_V09_P07,requirement
W162,P08,W162_V08_P08,W162_V09_P08,policy
W162,P09,W162_V08_P09,W162_V09_P09,semantic
W162,P10,W162_V08_P10,W162_V09_P10,numeric
W162,P01,W162_V09_P01,W162_V10_P01,policy
W162,P02,W162_V09_P02,W162_V10_P02,semantic
W162,P03,W162_V09_P03,W162_V10_P03,numeric
W162,P04,W162_V09_P04,W162_V10_P04,major_semantic
W162,P05,W162_V09_P05,W162_V10_P05,reordering
W162,P06,W162_V09_P06,W162_V10_P06,date_time
W162,P07,W162_V09_P07,W162_V10_P07,deletion
W162,P08,W162_V09_P08,W162_V10_P08,addition
W162,P09,W162_V09_P09,W162_V10_P09,requirement
W162,P10,W162_V09_P10,W162_V10_P10,policy
W163,P01,W163_V01_P01,W163_V02_P01,requirement
W163,P02,W163_V01_P02,W163_V02_P02,policy
W163,P03,W163_V01_P03,W163_V02_P03,semantic
W163,P04,W163_V01_P04,W163_V02_P04,numeric
W163,P05,W163_V01_P05,W163_V02_P05,major_semantic
W163,P06,W163_V01_P06,W163_V02_P06,reordering
W163,P07,W163_V01_P07,W163_V02_P07,date_time
W163,P08,W163_V01_P08,W163_V02_P08,deletion
W163,P09,W163_V01_P09,W163_V02_P09,addition
W163,P10,W163_V01_P10,W163_V02_P10,requirement
W163,P01,W163_V02_P01,W163_V03_P01,deletion
W163,P02,W163_V02_P02,W163_V03_P02,addition
W163,P03,W163_V02_P03,W163_V03_P03,requirement
W163,P04,W163_V02_P04,W163_V03_P04,policy
W163,P05,W163_V02_P05,W163_V03_P05,semantic
W163,P06,W163_V02_P06,W163_V03_P06,numeric
W163,P07,W163_V02_P07,W163_V03_P07,major_semantic
W163,P08,W163_V02_P08,W163_V03_P08,reordering
W163,P09,W163_V02_P09,W163_V03_P09,date_time
W163,P10,W163_V02_P10,W163_V03_P10,deletion
W163,P01,W163_V03_P01,W163_V04_P01,reordering
W163,P02,W163_V03_P02,W163_V04_P02,date_time
W163,P03,W163_V03_P03,W163_V04_P03,deletion
W163,P04,W163_V03_P04,W163_V04_P04,addition
W163,P05,W163_V03_P05,W163_V04_P05,requirement
W163,P06,W163_V03_P06,W163_V04_P06,policy
W163,P07,W163_V03_P07,W163_V04_P07,semantic
W163,P08,W163_V03_P08,W163_V04_P08,numeric
W163,P09,W163_V03_P09,W163_V04_P09,major_semantic
W163,P10,W163_V03_P10,W163_V04_P10,reordering
W163,P01,W163_V04_P01,W163_V05_P01,numeric
W163,P02,W163_V04_P02,W163_V05_P02,major_semantic
W163,P03,W163_V04_P03,W163_V05_P03,reordering
W163,P04,W163_V04_P04,W163_V05_P04,date_time
W163,P05,W163_V04_P05,W163_V05_P05,deletion
W163,P06,W163_V04_P06,W163_V05_P06,addition
W163,P07,W163_V04_P07,W163_V05_P07,requirement
W163,P08,W163_V04_P08,W163_V05_P08,policy
W163,P09,W163_V04_P09,W163_V05_P09,semantic
W163,P10,W163_V04_P10,W163_V05_P10,numeric
W163,P01,W163_V05_P01,W163_V06_P01,policy
W163,P02,W163_V05_P02,W163_V06_P02,semantic
W163,P03,W163_V05_P03,W163_V06_P03,numeric
W163,P04,W163_V05_P04,W163_V06_P04,major_semantic
W163,P05,W163_V05_P05,W163_V06_P05,reordering
W163,P06,W163_V05_P06,W163_V06_P06,date_time
W163,P07,W163_V05_P07,W163_V06_P07,deletion
W163,P08,W163_V05_P08,W163_V06_P08,addition
W163,P09,W163_V05_P09,W163_V06_P09,requirement
W163,P10,W163_V05_P10,W163_V06_P10,policy
W163,P01,W163_V06_P01,W163_V07_P01,addition
W163,P02,W163_V06_P02,W163_V07_P02,requirement
W163,P03,W163_V06_P03,W163_V07_P03,policy
W163,P04,W163_V06_P04,W163_V07_P04,semantic
W163,P05,W163_V06_P05,W163_V07_P05,numeric
W163,P06,W163_V06_P06,W163_V07_P06,major_semantic
W163,P07,W163_V06_P07,W163_V07_P07,reordering
W163,P08,W163_V06_P08,W163_V07_P08,date_time
W163,P09,W163_V06_P09,W163_V07_P09,deletion
W163,P10,W163_V06_P10,W163_V07_P10,addition
W163,P01,W163_V07_P01,W163_V08_P01,date_time
W163,P02,W163_V07_P02,W163_V08_P02,deletion
W163,P03,W163_V07_P03,W163_V08_P03,addition
W163,P04,W163_V07_P04,W163_V08_P04,requirement
W163,P05,W163_V07_P05,W163_V08_P05,policy
W163,P06,W163_V07_P06,W163_V08_P06,semantic
W163,P07,W163_V07_P07,W163_V08_P07,numeric
W163,P08,W163_V07_P08,W163_V08_P08,major_semantic
W163,P09,W163_V07_P09,W163_V08_P09,reordering
W163,P10,W163_V07_P10,W163_V08_P10,date_time
W163,P01,W163_V08_P01,W163_V09_P01,major_semantic
W163,P02,W163_V08_P02,W163_V09_P02,reordering
W163,P03,W163_V08_P03,W163_V09_P03,date_time
W163,P04,W163_V08_P04,W163_V09_P04,deletion
W163,P05,W163_V08_P05,W163_V09_P05,addition
W163,P06,W163_V08_P06,W163_V09_P06,requirement
W163,P07,W163_V08_P07,W163_V09_P07,policy
W163,P08,W163_V08_P08,W163_V09_P08,semantic
W163,P09,W163_V08_P09,W163_V09_P09,numeric
W163,P10,W163_V08_P10,W163_V09_P10,major_semantic
W163,P01,W163_V09_P01,W163_V10_P01,semantic
W163,P02,W163_V09_P02,W163_V10_P02,numeric
W163,P03,W163_V09_P03,W163_V10_P03,major_semantic
W163,P04,W163_V09_P04,W163_V10_P04,reordering
W163,P05,W163_V09_P05,W163_V10_P05,date_time
W163,P06,W163_V09_P06,W163_V10_P06,deletion
W163,P07,W163_V09_P07,W163_V10_P07,addition
W163,P08,W163_V09_P08,W163_V10_P08,requirement
W163,P09,W163_V09_P09,W163_V10_P09,policy
W163,P10,W163_V09_P10,W163_V10_P10,semantic
W164,P01,W164_V01_P01,W164_V02_P01,policy
W164,P02,W164_V01_P02,W164_V02_P02,semantic
W164,P03,W164_V01_P03,W164_V02_P03,numeric
W164,P04,W164_V01_P04,W164_V02_P04,major_semantic
W164,P05,W164_V01_P05,W164_V02_P05,reordering
W164,P06,W164_V01_P06,W164_V02_P06,date_time
W164,P07,W164_V01_P07,W164_V02_P07,deletion
W164,P08,W164_V01_P08,W164_V02_P08,addition
W164,P09,W164_V01_P09,W164_V02_P09,requirement
W164,P10,W164_V01_P10,W164_V02_P10,policy
W164,P01,W164_V02_P01,W164_V03_P01,addition
W164,P02,W164_V02_P02,W164_V03_P02,requirement
W164,P03,W164_V02_P03,W164_V03_P03,policy
W164,P04,W164_V02_P04,W164_V03_P04,semantic
W164,P05,W164_V02_P05,W164_V03_P05,numeric
W164,P06,W164_V02_P06,W164_V03_P06,major_semantic
W164,P07,W164_V02_P07,W164_V03_P07,reordering
W164,P08,W164_V02_P08,W164_V03_P08,date_time
W164,P09,W164_V02_P09,W164_V03_P09,deletion
W164,P10,W164_V02_P10,W164_V03_P10,addition
W164,P01,W164_V03_P01,W164_V04_P01,date_time
W164,P02,W164_V03_P02,W164_V04_P02,deletion
W164,P03,W164_V03_P03,W164_V04_P03,addition
W164,P04,W164_V03_P04,W164_V04_P04,requirement
W164,P05,W164_V03_P05,W164_V04_P05,policy
W164,P06,W164_V03_P06,W164_V04_P06,semantic
W164,P07,W164_V03_P07,W164_V04_P07,numeric
W164,P08,W164_V03_P08,W164_V04_P08,major_semantic
W164,P09,W164_V03_P09,W164_V04_P09,reordering
W164,P10,W164_V03_P10,W164_V04_P10,date_time
W164,P01,W164_V04_P01,W164_V05_P01,major_semantic
W164,P02,W164_V04_P02,W164_V05_P02,reordering
W164,P03,W164_V04_P03,W164_V05_P03,date_time
W164,P04,W164_V04_P04,W164_V05_P04,deletion
W164,P05,W164_V04_P05,W164_V05_P05,addition
W164,P06,W164_V04_P06,W164_V05_P06,requirement
W164,P07,W164_V04_P07,W164_V05_P07,policy
W164,P08,W164_V04_P08,W164_V05_P08,semantic
W164,P09,W164_V04_P09,W164_V05_P09,numeric
W164,P10,W164_V04_P10,W164_V05_P10,major_semantic
W164,P01,W164_V05_P01,W164_V06_P01,semantic
W164,P02,W164_V05_P02,W164_V06_P02,numeric
W164,P03,W164_V05_P03,W164_V06_P03,major_semantic
W164,P04,W164_V05_P04,W164_V06_P04,reordering
W164,P05,W164_V05_P05,W164_V06_P05,date_time
W164,P06,W164_V05_P06,W164_V06_P06,deletion
W164,P07,W164_V05_P07,W164_V06_P07,addition
W164,P08,W164_V05_P08,W164_V06_P08,requirement
W164,P09,W164_V05_P09,W164_V06_P09,policy
W164,P10,W164_V05_P10,W164_V06_P10,semantic
W164,P01,W164_V06_P01,W164_V07_P01,requirement
W164,P02,W164_V06_P02,W164_V07_P02,policy
W164,P03,W164_V06_P03,W164_V07_P03,semantic
W164,P04,W164_V06_P04,W164_V07_P04,numeric
W164,P05,W164_V06_P05,W164_V07_P05,major_semantic
W164,P06,W164_V06_P06,W164_V07_P06,reordering
W164,P07,W164_V06_P07,W164_V07_P07,date_time
W164,P08,W164_V06_P08,W164_V07_P08,deletion
W164,P09,W164_V06_P09,W164_V07_P09,addition
W164,P10,W164_V06_P10,W164_V07_P10,requirement
W164,P01,W164_V07_P01,W164_V08_P01,deletion
W164,P02,W164_V07_P02,W164_V08_P02,addition
W164,P03,W164_V07_P03,W164_V08_P03,requirement
W164,P04,W164_V07_P04,W164_V08_P04,policy
W164,P05,W164_V07_P05,W164_V08_P05,semantic
W164,P06,W164_V07_P06,W164_V08_P06,numeric
W164,P07,W164_V07_P07,W164_V08_P07,major_semantic
W164,P08,W164_V07_P08,W164_V08_P08,reordering
W164,P09,W164_V07_P09,W164_V08_P09,date_time
W164,P10,W164_V07_P10,W164_V08_P10,deletion
W164,P01,W164_V08_P01,W164_V09_P01,reordering
W164,P02,W164_V08_P02,W164_V09_P02,date_time
W164,P03,W164_V08_P03,W164_V09_P03,deletion
W164,P04,W164_V08_P04,W164_V09_P04,addition
W164,P05,W164_V08_P05,W164_V09_P05,requirement
W164,P06,W164_V08_P06,W164_V09_P06,policy
W164,P07,W164_V08_P07,W164_V09_P07,semantic
W164,P08,W164_V08_P08,W164_V09_P08,numeric
W164,P09,W164_V08_P09,W164_V09_P09,major_semantic
W164,P10,W164_V08_P10,W164_V09_P10,reordering
W164,P01,W164_V09_P01,W164_V10_P01,numeric
W164,P02,W164_V09_P02,W164_V10_P02,major_semantic
W164,P03,W164_V09_P03,W164_V10_P03,reordering
W164,P04,W164_V09_P04,W164_V10_P04,date_time
W164,P05,W164_V09_P05,W164_V10_P05,deletion
W164,P06,W164_V09_P06,W164_V10_P06,addition
W164,P07,W164_V09_P07,W164_V10_P07,requirement
W164,P08,W164_V09_P08,W164_V10_P08,policy
W164,P09,W164_V09_P09,W164_V10_P09,semantic
W164,P10,W164_V09_P10,W164_V10_P10,numeric
W165,P01,W165_V01_P01,W165_V02_P01,semantic
W165,P02,W165_V01_P02,W165_V02_P02,numeric
W165,P03,W165_V01_P03,W165_V02_P03,major_semantic
W165,P04,W165_V01_P04,W165_V02_P04,reordering
W165,P05,W165_V01_P05,W165_V02_P05,date_time
W165,P06,W165_V01_P06,W165_V02_P06,deletion
W165,P07,W165_V01_P07,W165_V02_P07,addition
W165,P08,W165_V01_P08,W165_V02_P08,requirement
W165,P09,W165_V01_P09,W165_V02_P09,policy
W165,P10,W165_V01_P10,W165_V02_P10,semantic
W165,P01,W165_V02_P01,W165_V03_P01,requirement
W165,P02,W165_V02_P02,W165_V03_P02,policy
W165,P03,W165_V02_P03,W165_V03_P03,semantic
W165,P04,W165_V02_P04,W165_V03_P04,numeric
W165,P05,W165_V02_P05,W165_V03_P05,major_semantic
W165,P06,W165_V02_P06,W165_V03_P06,reordering
W165,P07,W165_V02_P07,W165_V03_P07,date_time
W165,P08,W165_V02_P08,W165_V03_P08,deletion
W165,P09,W165_V02_P09,W165_V03_P09,addition
W165,P10,W165_V02_P10,W165_V03_P10,requirement
W165,P01,W165_V03_P01,W165_V04_P01,deletion
W165,P02,W165_V03_P02,W165_V04_P02,addition
W165,P03,W165_V03_P03,W165_V04_P03,requirement
W165,P04,W165_V03_P04,W165_V04_P04,policy
W165,P05,W165_V03_P05,W165_V04_P05,semantic
W165,P06,W165_V03_P06,W165_V04_P06,numeric
W165,P07,W165_V03_P07,W165_V04_P07,major_semantic
W165,P08,W165_V03_P08,W165_V04_P08,reordering
W165,P09,W165_V03_P09,W165_V04_P09,date_time
W165,P10,W165_V03_P10,W165_V04_P10,deletion
W165,P01,W165_V04_P01,W165_V05_P01,reordering
W165,P02,W165_V04_P02,W165_V05_P02,date_time
W165,P03,W165_V04_P03,W165_V05_P03,deletion
W165,P04,W165_V04_P04,W165_V05_P04,addition
W165,P05,W165_V04_P05,W165_V05_P05,requirement
W165,P06,W165_V04_P06,W165_V05_P06,policy
W165,P07,W165_V04_P07,W165_V05_P07,semantic
W165,P08,W165_V04_P08,W165_V05_P08,numeric
W165,P09,W165_V04_P09,W165_V05_P09,major_semantic
W165,P10,W165_V04_P10,W165_V05_P10,reordering
W165,P01,W165_V05_P01,W165_V06_P01,numeric
W165,P02,W165_V05_P02,W165_V06_P02,major_semantic
W165,P03,W165_V05_P03,W165_V06_P03,reordering
W165,P04,W165_V05_P04,W165_V06_P04,date_time
W165,P05,W165_V05_P05,W165_V06_P05,deletion
W165,P06,W165_V05_P06,W165_V06_P06,addition
W165,P07,W165_V05_P07,W165_V06_P07,requirement
W165,P08,W165_V05_P08,W165_V06_P08,policy
W165,P09,W165_V05_P09,W165_V06_P09,semantic
W165,P10,W165_V05_P10,W165_V06_P10,numeric
W165,P01,W165_V06_P01,W165_V07_P01,policy
W165,P02,W165_V06_P02,W165_V07_P02,semantic
W165,P03,W165_V06_P03,W165_V07_P03,numeric
W165,P04,W165_V06_P04,W165_V07_P04,major_semantic
W165,P05,W165_V06_P05,W165_V07_P05,reordering
W165,P06,W165_V06_P06,W165_V07_P06,date_time
W165,P07,W165_V06_P07,W165_V07_P07,deletion
W165,P08,W165_V06_P08,W165_V07_P08,addition
W165,P09,W165_V06_P09,W165_V07_P09,requirement
W165,P10,W165_V06_P10,W165_V07_P10,policy
W165,P01,W165_V07_P01,W165_V08_P01,addition
W165,P02,W165_V07_P02,W165_V08_P02,requirement
W165,P03,W165_V07_P03,W165_V08_P03,policy
W165,P04,W165_V07_P04,W165_V08_P04,semantic
W165,P05,W165_V07_P05,W165_V08_P05,numeric
W165,P06,W165_V07_P06,W165_V08_P06,major_semantic
W165,P07,W165_V07_P07,W165_V08_P07,reordering
W165,P08,W165_V07_P08,W165_V08_P08,date_time
W165,P09,W165_V07_P09,W165_V08_P09,deletion
W165,P10,W165_V07_P10,W165_V08_P10,addition
W165,P01,W165_V08_P01,W165_V09_P01,date_time
W165,P02,W165_V08_P02,W165_V09_P02,deletion
W165,P03,W165_V08_P03,W165_V09_P03,addition
W165,P04,W165_V08_P04,W165_V09_P04,requirement
W165,P05,W165_V08_P05,W165_V09_P05,policy
W165,P06,W165_V08_P06,W165_V09_P06,semantic
W165,P07,W165_V08_P07,W165_V09_P07,numeric
W165,P08,W165_V08_P08,W165_V09_P08,major_semantic
W165,P09,W165_V08_P09,W165_V09_P09,reordering
W165,P10,W165_V08_P10,W165_V09_P10,date_time
W165,P01,W165_V09_P01,W165_V10_P01,major_semantic
W165,P02,W165_V09_P02,W165_V10_P02,reordering
W165,P03,W165_V09_P03,W165_V10_P03,date_time
W165,P04,W165_V09_P04,W165_V10_P04,deletion
W165,P05,W165_V09_P05,W165_V10_P05,addition
W165,P06,W165_V09_P06,W165_V10_P06,requirement
W165,P07,W165_V09_P07,W165_V10_P07,policy
W165,P08,W165_V09_P08,W165_V10_P08,semantic
W165,P09,W165_V09_P09,W165_V10_P09,numeric
W165,P10,W165_V09_P10,W165_V10_P10,major_semantic
W166,P01,W166_V01_P01,W166_V02_P01,numeric
W166,P02,W166_V01_P02,W166_V02_P02,major_semantic
W166,P03,W166_V01_P03,W166_V02_P03,reordering
W166,P04,W166_V01_P04,W166_V02_P04,date_time
W166,P05,W166_V01_P05,W166_V02_P05,deletion
W166,P06,W166_V01_P06,W166_V02_P06,addition
W166,P07,W166_V01_P07,W166_V02_P07,requirement
W166,P08,W166_V01_P08,W166_V02_P08,policy
W166,P09,W166_V01_P09,W166_V02_P09,semantic
W166,P10,W166_V01_P10,W166_V02_P10,numeric
W166,P01,W166_V02_P01,W166_V03_P01,policy
W166,P02,W166_V02_P02,W166_V03_P02,semantic
W166,P03,W166_V02_P03,W166_V03_P03,numeric
W166,P04,W166_V02_P04,W166_V03_P04,major_semantic
W166,P05,W166_V02_P05,W166_V03_P05,reordering
W166,P06,W166_V02_P06,W166_V03_P06,date_time
W166,P07,W166_V02_P07,W166_V03_P07,deletion
W166,P08,W166_V02_P08,W166_V03_P08,addition
W166,P09,W166_V02_P09,W166_V03_P09,requirement
W166,P10,W166_V02_P10,W166_V03_P10,policy
W166,P01,W166_V03_P01,W166_V04_P01,addition
W166,P02,W166_V03_P02,W166_V04_P02,requirement
W166,P03,W166_V03_P03,W166_V04_P03,policy
W166,P04,W166_V03_P04,W166_V04_P04,semantic
W166,P05,W166_V03_P05,W166_V04_P05,numeric
W166,P06,W166_V03_P06,W166_V04_P06,major_semantic
W166,P07,W166_V03_P07,W166_V04_P07,reordering
W166,P08,W166_V03_P08,W166_V04_P08,date_time
W166,P09,W166_V03_P09,W166_V04_P09,deletion
W166,P10,W166_V03_P10,W166_V04_P10,addition
W166,P01,W166_V04_P01,W166_V05_P01,date_time
W166,P02,W166_V04_P02,W166_V05_P02,deletion
W166,P03,W166_V04_P03,W166_V05_P03,addition
W166,P04,W166_V04_P04,W166_V05_P04,requirement
W166,P05,W166_V04_P05,W166_V05_P05,policy
W166,P06,W166_V04_P06,W166_V05_P06,semantic
W166,P07,W166_V04_P07,W166_V05_P07,numeric
W166,P08,W166_V04_P08,W166_V05_P08,major_semantic
W166,P09,W166_V04_P09,W166_V05_P09,reordering
W166,P10,W166_V04_P10,W166_V05_P10,date_time
W166,P01,W166_V05_P01,W166_V06_P01,major_semantic
W166,P02,W166_V05_P02,W166_V06_P02,reordering
W166,P03,W166_V05_P03,W166_V06_P03,date_time
W166,P04,W166_V05_P04,W166_V06_P04,deletion
W166,P05,W166_V05_P05,W166_V06_P05,addition
W166,P06,W166_V05_P06,W166_V06_P06,requirement
W166,P07,W166_V05_P07,W166_V06_P07,policy
W166,P08,W166_V05_P08,W166_V06_P08,semantic
W166,P09,W166_V05_P09,W166_V06_P09,numeric
W166,P10,W166_V05_P10,W166_V06_P10,major_semantic
W166,P01,W166_V06_P01,W166_V07_P01,semantic
W166,P02,W166_V06_P02,W166_V07_P02,numeric
W166,P03,W166_V06_P03,W166_V07_P03,major_semantic
W166,P04,W166_V06_P04,W166_V07_P04,reordering
W166,P05,W166_V06_P05,W166_V07_P05,date_time
W166,P06,W166_V06_P06,W166_V07_P06,deletion
W166,P07,W166_V06_P07,W166_V07_P07,addition
W166,P08,W166_V06_P08,W166_V07_P08,requirement
W166,P09,W166_V06_P09,W166_V07_P09,policy
W166,P10,W166_V06_P10,W166_V07_P10,semantic
W166,P01,W166_V07_P01,W166_V08_P01,requirement
W166,P02,W166_V07_P02,W166_V08_P02,policy
W166,P03,W166_V07_P03,W166_V08_P03,semantic
W166,P04,W166_V07_P04,W166_V08_P04,numeric
W166,P05,W166_V07_P05,W166_V08_P05,major_semantic
W166,P06,W166_V07_P06,W166_V08_P06,reordering
W166,P07,W166_V07_P07,W166_V08_P07,date_time
W166,P08,W166_V07_P08,W166_V08_P08,deletion
W166,P09,W166_V07_P09,W166_V08_P09,addition
W166,P10,W166_V07_P10,W166_V08_P10,requirement
W166,P01,W166_V08_P01,W166_V09_P01,deletion
W166,P02,W166_V08_P02,W166_V09_P02,addition
W166,P03,W166_V08_P03,W166_V09_P03,requirement
W166,P04,W166_V08_P04,W166_V09_P04,policy
W166,P05,W166_V08_P05,W166_V09_P05,semantic
W166,P06,W166_V08_P06,W166_V09_P06,numeric
W166,P07,W166_V08_P07,W166_V09_P07,major_semantic
W166,P08,W166_V08_P08,W166_V09_P08,reordering
W166,P09,W166_V08_P09,W166_V09_P09,date_time
W166,P10,W166_V08_P10,W166_V09_P10,deletion
W166,P01,W166_V09_P01,W166_V10_P01,reordering
W166,P02,W166_V09_P02,W166_V10_P02,date_time
W166,P03,W166_V09_P03,W166_V10_P03,deletion
W166,P04,W166_V09_P04,W166_V10_P04,addition
W166,P05,W166_V09_P05,W166_V10_P05,requirement
W166,P06,W166_V09_P06,W166_V10_P06,policy
W166,P07,W166_V09_P07,W166_V10_P07,semantic
W166,P08,W166_V09_P08,W166_V10_P08,numeric
W166,P09,W166_V09_P09,W166_V10_P09,major_semantic
W166,P10,W166_V09_P10,W166_V10_P10,reordering
W167,P01,W167_V01_P01,W167_V02_P01,major_semantic
W167,P02,W167_V01_P02,W167_V02_P02,reordering
W167,P03,W167_V01_P03,W167_V02_P03,date_time
W167,P04,W167_V01_P04,W167_V02_P04,deletion
W167,P05,W167_V01_P05,W167_V02_P05,addition
W167,P06,W167_V01_P06,W167_V02_P06,requirement
W167,P07,W167_V01_P07,W167_V02_P07,policy
W167,P08,W167_V01_P08,W167_V02_P08,semantic
W167,P09,W167_V01_P09,W167_V02_P09,numeric
W167,P10,W167_V01_P10,W167_V02_P10,major_semantic
W167,P01,W167_V02_P01,W167_V03_P01,semantic
W167,P02,W167_V02_P02,W167_V03_P02,numeric
W167,P03,W167_V02_P03,W167_V03_P03,major_semantic
W167,P04,W167_V02_P04,W167_V03_P04,reordering
W167,P05,W167_V02_P05,W167_V03_P05,date_time
W167,P06,W167_V02_P06,W167_V03_P06,deletion
W167,P07,W167_V02_P07,W167_V03_P07,addition
W167,P08,W167_V02_P08,W167_V03_P08,requirement
W167,P09,W167_V02_P09,W167_V03_P09,policy
W167,P10,W167_V02_P10,W167_V03_P10,semantic
W167,P01,W167_V03_P01,W167_V04_P01,requirement
W167,P02,W167_V03_P02,W167_V04_P02,policy
W167,P03,W167_V03_P03,W167_V04_P03,semantic
W167,P04,W167_V03_P04,W167_V04_P04,numeric
W167,P05,W167_V03_P05,W167_V04_P05,major_semantic
W167,P06,W167_V03_P06,W167_V04_P06,reordering
W167,P07,W167_V03_P07,W167_V04_P07,date_time
W167,P08,W167_V03_P08,W167_V04_P08,deletion
W167,P09,W167_V03_P09,W167_V04_P09,addition
W167,P10,W167_V03_P10,W167_V04_P10,requirement
W167,P01,W167_V04_P01,W167_V05_P01,deletion
W167,P02,W167_V04_P02,W167_V05_P02,addition
W167,P03,W167_V04_P03,W167_V05_P03,requirement
W167,P04,W167_V04_P04,W167_V05_P04,policy
W167,P05,W167_V04_P05,W167_V05_P05,semantic
W167,P06,W167_V04_P06,W167_V05_P06,numeric
W167,P07,W167_V04_P07,W167_V05_P07,major_semantic
W167,P08,W167_V04_P08,W167_V05_P08,reordering
W167,P09,W167_V04_P09,W167_V05_P09,date_time
W167,P10,W167_V04_P10,W167_V05_P10,deletion
W167,P01,W167_V05_P01,W167_V06_P01,reordering
W167,P02,W167_V05_P02,W167_V06_P02,date_time
W167,P03,W167_V05_P03,W167_V06_P03,deletion
W167,P04,W167_V05_P04,W167_V06_P04,addition
W167,P05,W167_V05_P05,W167_V06_P05,requirement
W167,P06,W167_V05_P06,W167_V06_P06,policy
W167,P07,W167_V05_P07,W167_V06_P07,semantic
W167,P08,W167_V05_P08,W167_V06_P08,numeric
W167,P09,W167_V05_P09,W167_V06_P09,major_semantic
W167,P10,W167_V05_P10,W167_V06_P10,reordering
W167,P01,W167_V06_P01,W167_V07_P01,numeric
W167,P02,W167_V06_P02,W167_V07_P02,major_semantic
W167,P03,W167_V06_P03,W167_V07_P03,reordering
W167,P04,W167_V06_P04,W167_V07_P04,date_time
W167,P05,W167_V06_P05,W167_V07_P05,deletion
W167,P06,W167_V06_P06,W167_V07_P06,addition
W167,P07,W167_V06_P07,W167_V07_P07,requirement
W167,P08,W167_V06_P08,W167_V07_P08,policy
W167,P09,W167_V06_P09,W167_V07_P09,semantic
W167,P10,W167_V06_P10,W167_V07_P10,numeric
W167,P01,W167_V07_P01,W167_V08_P01,policy
W167,P02,W167_V07_P02,W167_V08_P02,semantic
W167,P03,W167_V07_P03,W167_V08_P03,numeric
W167,P04,W167_V07_P04,W167_V08_P04,major_semantic
W167,P05,W167_V07_P05,W167_V08_P05,reordering
W167,P06,W167_V07_P06,W167_V08_P06,date_time
W167,P07,W167_V07_P07,W167_V08_P07,deletion
W167,P08,W167_V07_P08,W167_V08_P08,addition
W167,P09,W167_V07_P09,W167_V08_P09,requirement
W167,P10,W167_V07_P10,W167_V08_P10,policy
W167,P01,W167_V08_P01,W167_V09_P01,addition
W167,P02,W167_V08_P02,W167_V09_P02,requirement
W167,P03,W167_V08_P03,W167_V09_P03,policy
W167,P04,W167_V08_P04,W167_V09_P04,semantic
W167,P05,W167_V08_P05,W167_V09_P05,numeric
W167,P06,W167_V08_P06,W167_V09_P06,major_semantic
W167,P07,W167_V08_P07,W167_V09_P07,reordering
W167,P08,W167_V08_P08,W167_V09_P08,date_time
W167,P09,W167_V08_P09,W167_V09_P09,deletion
W167,P10,W167_V08_P10,W167_V09_P10,addition
W167,P01,W167_V09_P01,W167_V10_P01,date_time
W167,P02,W167_V09_P02,W167_V10_P02,deletion
W167,P03,W167_V09_P03,W167_V10_P03,addition
W167,P04,W167_V09_P04,W167_V10_P04,requirement
W167,P05,W167_V09_P05,W167_V10_P05,policy
W167,P06,W167_V09_P06,W167_V10_P06,semantic
W167,P07,W167_V09_P07,W167_V10_P07,numeric
W167,P08,W167_V09_P08,W167_V10_P08,major_semantic
W167,P09,W167_V09_P09,W167_V10_P09,reordering
W167,P10,W167_V09_P10,W167_V10_P10,date_time
W168,P01,W168_V01_P01,W168_V02_P01,reordering
W168,P02,W168_V01_P02,W168_V02_P02,date_time
W168,P03,W168_V01_P03,W168_V02_P03,deletion
W168,P04,W168_V01_P04,W168_V02_P04,addition
W168,P05,W168_V01_P05,W168_V02_P05,requirement
W168,P06,W168_V01_P06,W168_V02_P06,policy
W168,P07,W168_V01_P07,W168_V02_P07,semantic
W168,P08,W168_V01_P08,W168_V02_P08,numeric
W168,P09,W168_V01_P09,W168_V02_P09,major_semantic
W168,P10,W168_V01_P10,W168_V02_P10,reordering
W168,P01,W168_V02_P01,W168_V03_P01,numeric
W168,P02,W168_V02_P02,W168_V03_P02,major_semantic
W168,P03,W168_V02_P03,W168_V03_P03,reordering
W168,P04,W168_V02_P04,W168_V03_P04,date_time
W168,P05,W168_V02_P05,W168_V03_P05,deletion
W168,P06,W168_V02_P06,W168_V03_P06,addition
W168,P07,W168_V02_P07,W168_V03_P07,requirement
W168,P08,W168_V02_P08,W168_V03_P08,policy
W168,P09,W168_V02_P09,W168_V03_P09,semantic
W168,P10,W168_V02_P10,W168_V03_P10,numeric
W168,P01,W168_V03_P01,W168_V04_P01,policy
W168,P02,W168_V03_P02,W168_V04_P02,semantic
W168,P03,W168_V03_P03,W168_V04_P03,numeric
W168,P04,W168_V03_P04,W168_V04_P04,major_semantic
W168,P05,W168_V03_P05,W168_V04_P05,reordering
W168,P06,W168_V03_P06,W168_V04_P06,date_time
W168,P07,W168_V03_P07,W168_V04_P07,deletion
W168,P08,W168_V03_P08,W168_V04_P08,addition
W168,P09,W168_V03_P09,W168_V04_P09,requirement
W168,P10,W168_V03_P10,W168_V04_P10,policy
W168,P01,W168_V04_P01,W168_V05_P01,addition
W168,P02,W168_V04_P02,W168_V05_P02,requirement
W168,P03,W168_V04_P03,W168_V05_P03,policy
W168,P04,W168_V04_P04,W168_V05_P04,semantic
W168,P05,W168_V04_P05,W168_V05_P05,numeric
W168,P06,W168_V04_P06,W168_V05_P06,major_semantic
W168,P07,W168_V04_P07,W168_V05_P07,reordering
W168,P08,W168_V04_P08,W168_V05_P08,date_time
W168,P09,W168_V04_P09,W168_V05_P09,deletion
W168,P10,W168_V04_P10,W168_V05_P10,addition
W168,P01,W168_V05_P01,W168_V06_P01,date_time
W168,P02,W168_V05_P02,W168_V06_P02,deletion
W168,P03,W168_V05_P03,W168_V06_P03,addition
W168,P04,W168_V05_P04,W168_V06_P04,requirement
W168,P05,W168_V05_P05,W168_V06_P05,policy
W168,P06,W168_V05_P06,W168_V06_P06,semantic
W168,P07,W168_V05_P07,W168_V06_P07,numeric
W168,P08,W168_V05_P08,W168_V06_P08,major_semantic
W168,P09,W168_V05_P09,W168_V06_P09,reordering
W168,P10,W168_V05_P10,W168_V06_P10,date_time
W168,P01,W168_V06_P01,W168_V07_P01,major_semantic
W168,P02,W168_V06_P02,W168_V07_P02,reordering
W168,P03,W168_V06_P03,W168_V07_P03,date_time
W168,P04,W168_V06_P04,W168_V07_P04,deletion
W168,P05,W168_V06_P05,W168_V07_P05,addition
W168,P06,W168_V06_P06,W168_V07_P06,requirement
W168,P07,W168_V06_P07,W168_V07_P07,policy
W168,P08,W168_V06_P08,W168_V07_P08,semantic
W168,P09,W168_V06_P09,W168_V07_P09,numeric
W168,P10,W168_V06_P10,W168_V07_P10,major_semantic
W168,P01,W168_V07_P01,W168_V08_P01,semantic
W168,P02,W168_V07_P02,W168_V08_P02,numeric
W168,P03,W168_V07_P03,W168_V08_P03,major_semantic
W168,P04,W168_V07_P04,W168_V08_P04,reordering
W168,P05,W168_V07_P05,W168_V08_P05,date_time
W168,P06,W168_V07_P06,W168_V08_P06,deletion
W168,P07,W168_V07_P07,W168_V08_P07,addition
W168,P08,W168_V07_P08,W168_V08_P08,requirement
W168,P09,W168_V07_P09,W168_V08_P09,policy
W168,P10,W168_V07_P10,W168_V08_P10,semantic
W168,P01,W168_V08_P01,W168_V09_P01,requirement
W168,P02,W168_V08_P02,W168_V09_P02,policy
W168,P03,W168_V08_P03,W168_V09_P03,semantic
W168,P04,W168_V08_P04,W168_V09_P04,numeric
W168,P05,W168_V08_P05,W168_V09_P05,major_semantic
W168,P06,W168_V08_P06,W168_V09_P06,reordering
W168,P07,W168_V08_P07,W168_V09_P07,date_time
W168,P08,W168_V08_P08,W168_V09_P08,deletion
W168,P09,W168_V08_P09,W168_V09_P09,addition
W168,P10,W168_V08_P10,W168_V09_P10,requirement
W168,P01,W168_V09_P01,W168_V10_P01,deletion
W168,P02,W168_V09_P02,W168_V10_P02,addition
W168,P03,W168_V09_P03,W168_V10_P03,requirement
W168,P04,W168_V09_P04,W168_V10_P04,policy
W168,P05,W168_V09_P05,W168_V10_P05,semantic
W168,P06,W168_V09_P06,W168_V10_P06,numeric
W168,P07,W168_V09_P07,W168_V10_P07,major_semantic
W168,P08,W168_V09_P08,W168_V10_P08,reordering
W168,P09,W168_V09_P09,W168_V10_P09,date_time
W168,P10,W168_V09_P10,W168_V10_P10,deletion
W169,P01,W169_V01_P01,W169_V02_P01,date_time
W169,P02,W169_V01_P02,W169_V02_P02,deletion
W169,P03,W169_V01_P03,W169_V02_P03,addition
W169,P04,W169_V01_P04,W169_V02_P04,requirement
W169,P05,W169_V01_P05,W169_V02_P05,policy
W169,P06,W169_V01_P06,W169_V02_P06,semantic
W169,P07,W169_V01_P07,W169_V02_P07,numeric
W169,P08,W169_V01_P08,W169_V02_P08,major_semantic
W169,P09,W169_V01_P09,W169_V02_P09,reordering
W169,P10,W169_V01_P10,W169_V02_P10,date_time
W169,P01,W169_V02_P01,W169_V03_P01,major_semantic
W169,P02,W169_V02_P02,W169_V03_P02,reordering
W169,P03,W169_V02_P03,W169_V03_P03,date_time
W169,P04,W169_V02_P04,W169_V03_P04,deletion
W169,P05,W169_V02_P05,W169_V03_P05,addition
W169,P06,W169_V02_P06,W169_V03_P06,requirement
W169,P07,W169_V02_P07,W169_V03_P07,policy
W169,P08,W169_V02_P08,W169_V03_P08,semantic
W169,P09,W169_V02_P09,W169_V03_P09,numeric
W169,P10,W169_V02_P10,W169_V03_P10,major_semantic
W169,P01,W169_V03_P01,W169_V04_P01,semantic
W169,P02,W169_V03_P02,W169_V04_P02,numeric
W169,P03,W169_V03_P03,W169_V04_P03,major_semantic
W169,P04,W169_V03_P04,W169_V04_P04,reordering
W169,P05,W169_V03_P05,W169_V04_P05,date_time
W169,P06,W169_V03_P06,W169_V04_P06,deletion
W169,P07,W169_V03_P07,W169_V04_P07,addition
W169,P08,W169_V03_P08,W169_V04_P08,requirement
W169,P09,W169_V03_P09,W169_V04_P09,policy
W169,P10,W169_V03_P10,W169_V04_P10,semantic
W169,P01,W169_V04_P01,W169_V05_P01,requirement
W169,P02,W169_V04_P02,W169_V05_P02,policy
W169,P03,W169_V04_P03,W169_V05_P03,semantic
W169,P04,W169_V04_P04,W169_V05_P04,numeric
W169,P05,W169_V04_P05,W169_V05_P05,major_semantic
W169,P06,W169_V04_P06,W169_V05_P06,reordering
W169,P07,W169_V04_P07,W169_V05_P07,date_time
W169,P08,W169_V04_P08,W169_V05_P08,deletion
W169,P09,W169_V04_P09,W169_V05_P09,addition
W169,P10,W169_V04_P10,W169_V05_P10,requirement
W169,P01,W169_V05_P01,W169_V06_P01,deletion
W169,P02,W169_V05_P02,W169_V06_P02,addition
W169,P03,W169_V05_P03,W169_V06_P03,requirement
W169,P04,W169_V05_P04,W169_V06_P04,policy
W169,P05,W169_V05_P05,W169_V06_P05,semantic
W169,P06,W169_V05_P06,W169_V06_P06,numeric
W169,P07,W169_V05_P07,W169_V06_P07,major_semantic
W169,P08,W169_V05_P08,W169_V06_P08,reordering
W169,P09,W169_V05_P09,W169_V06_P09,date_time
W169,P10,W169_V05_P10,W169_V06_P10,deletion
W169,P01,W169_V06_P01,W169_V07_P01,reordering
W169,P02,W169_V06_P02,W169_V07_P02,date_time
W169,P03,W169_V06_P03,W169_V07_P03,deletion
W169,P04,W169_V06_P04,W169_V07_P04,addition
W169,P05,W169_V06_P05,W169_V07_P05,requirement
W169,P06,W169_V06_P06,W169_V07_P06,policy
W169,P07,W169_V06_P07,W169_V07_P07,semantic
W169,P08,W169_V06_P08,W169_V07_P08,numeric
W169,P09,W169_V06_P09,W169_V07_P09,major_semantic
W169,P10,W169_V06_P10,W169_V07_P10,reordering
W169,P01,W169_V07_P01,W169_V08_P01,numeric
W169,P02,W169_V07_P02,W169_V08_P02,major_semantic
W169,P03,W169_V07_P03,W169_V08_P03,reordering
W169,P04,W169_V07_P04,W169_V08_P04,date_time
W169,P05,W169_V07_P05,W169_V08_P05,deletion
W169,P06,W169_V07_P06,W169_V08_P06,addition
W169,P07,W169_V07_P07,W169_V08_P07,requirement
W169,P08,W169_V07_P08,W169_V08_P08,policy
W169,P09,W169_V07_P09,W169_V08_P09,semantic
W169,P10,W169_V07_P10,W169_V08_P10,numeric
W169,P01,W169_V08_P01,W169_V09_P01,policy
W169,P02,W169_V08_P02,W169_V09_P02,semantic
W169,P03,W169_V08_P03,W169_V09_P03,numeric
W169,P04,W169_V08_P04,W169_V09_P04,major_semantic
W169,P05,W169_V08_P05,W169_V09_P05,reordering
W169,P06,W169_V08_P06,W169_V09_P06,date_time
W169,P07,W169_V08_P07,W169_V09_P07,deletion
W169,P08,W169_V08_P08,W169_V09_P08,addition
W169,P09,W169_V08_P09,W169_V09_P09,requirement
W169,P10,W169_V08_P10,W169_V09_P10,policy
W169,P01,W169_V09_P01,W169_V10_P01,addition
W169,P02,W169_V09_P02,W169_V10_P02,requirement
W169,P03,W169_V09_P03,W169_V10_P03,policy
W169,P04,W169_V09_P04,W169_V10_P04,semantic
W169,P05,W169_V09_P05,W169_V10_P05,numeric
W169,P06,W169_V09_P06,W169_V10_P06,major_semantic
W169,P07,W169_V09_P07,W169_V10_P07,reordering
W169,P08,W169_V09_P08,W169_V10_P08,date_time
W169,P09,W169_V09_P09,W169_V10_P09,deletion
W169,P10,W169_V09_P10,W169_V10_P10,addition
W170,P01,W170_V01_P01,W170_V02_P01,deletion
W170,P02,W170_V01_P02,W170_V02_P02,addition
W170,P03,W170_V01_P03,W170_V02_P03,requirement
W170,P04,W170_V01_P04,W170_V02_P04,policy
W170,P05,W170_V01_P05,W170_V02_P05,semantic
W170,P06,W170_V01_P06,W170_V02_P06,numeric
W170,P07,W170_V01_P07,W170_V02_P07,major_semantic
W170,P08,W170_V01_P08,W170_V02_P08,reordering
W170,P09,W170_V01_P09,W170_V02_P09,date_time
W170,P10,W170_V01_P10,W170_V02_P10,deletion
W170,P01,W170_V02_P01,W170_V03_P01,reordering
W170,P02,W170_V02_P02,W170_V03_P02,date_time
W170,P03,W170_V02_P03,W170_V03_P03,deletion
W170,P04,W170_V02_P04,W170_V03_P04,addition
W170,P05,W170_V02_P05,W170_V03_P05,requirement
W170,P06,W170_V02_P06,W170_V03_P06,policy
W170,P07,W170_V02_P07,W170_V03_P07,semantic
W170,P08,W170_V02_P08,W170_V03_P08,numeric
W170,P09,W170_V02_P09,W170_V03_P09,major_semantic
W170,P10,W170_V02_P10,W170_V03_P10,reordering
W170,P01,W170_V03_P01,W170_V04_P01,numeric
W170,P02,W170_V03_P02,W170_V04_P02,major_semantic
W170,P03,W170_V03_P03,W170_V04_P03,reordering
W170,P04,W170_V03_P04,W170_V04_P04,date_time
W170,P05,W170_V03_P05,W170_V04_P05,deletion
W170,P06,W170_V03_P06,W170_V04_P06,addition
W170,P07,W170_V03_P07,W170_V04_P07,requirement
W170,P08,W170_V03_P08,W170_V04_P08,policy
W170,P09,W170_V03_P09,W170_V04_P09,semantic
W170,P10,W170_V03_P10,W170_V04_P10,numeric
W170,P01,W170_V04_P01,W170_V05_P01,policy
W170,P02,W170_V04_P02,W170_V05_P02,semantic
W170,P03,W170_V04_P03,W170_V05_P03,numeric
W170,P04,W170_V04_P04,W170_V05_P04,major_semantic
W170,P05,W170_V04_P05,W170_V05_P05,reordering
W170,P06,W170_V04_P06,W170_V05_P06,date_time
W170,P07,W170_V04_P07,W170_V05_P07,deletion
W170,P08,W170_V04_P08,W170_V05_P08,addition
W170,P09,W170_V04_P09,W170_V05_P09,requirement
W170,P10,W170_V04_P10,W170_V05_P10,policy
W170,P01,W170_V05_P01,W170_V06_P01,addition
W170,P02,W170_V05_P02,W170_V06_P02,requirement
W170,P03,W170_V05_P03,W170_V06_P03,policy
W170,P04,W170_V05_P04,W170_V06_P04,semantic
W170,P05,W170_V05_P05,W170_V06_P05,numeric
W170,P06,W170_V05_P06,W170_V06_P06,major_semantic
W170,P07,W170_V05_P07,W170_V06_P07,reordering
W170,P08,W170_V05_P08,W170_V06_P08,date_time
W170,P09,W170_V05_P09,W170_V06_P09,deletion
W170,P10,W170_V05_P10,W170_V06_P10,addition
W170,P01,W170_V06_P01,W170_V07_P01,date_time
W170,P02,W170_V06_P02,W170_V07_P02,deletion
W170,P03,W170_V06_P03,W170_V07_P03,addition
W170,P04,W170_V06_P04,W170_V07_P04,requirement
W170,P05,W170_V06_P05,W170_V07_P05,policy
W170,P06,W170_V06_P06,W170_V07_P06,semantic
W170,P07,W170_V06_P07,W170_V07_P07,numeric
W170,P08,W170_V06_P08,W170_V07_P08,major_semantic
W170,P09,W170_V06_P09,W170_V07_P09,reordering
W170,P10,W170_V06_P10,W170_V07_P10,date_time
W170,P01,W170_V07_P01,W170_V08_P01,major_semantic
W170,P02,W170_V07_P02,W170_V08_P02,reordering
W170,P03,W170_V07_P03,W170_V08_P03,date_time
W170,P04,W170_V07_P04,W170_V08_P04,deletion
W170,P05,W170_V07_P05,W170_V08_P05,addition
W170,P06,W170_V07_P06,W170_V08_P06,requirement
W170,P07,W170_V07_P07,W170_V08_P07,policy
W170,P08,W170_V07_P08,W170_V08_P08,semantic
W170,P09,W170_V07_P09,W170_V08_P09,numeric
W170,P10,W170_V07_P10,W170_V08_P10,major_semantic
W170,P01,W170_V08_P01,W170_V09_P01,semantic
W170,P02,W170_V08_P02,W170_V09_P02,numeric
W170,P03,W170_V08_P03,W170_V09_P03,major_semantic
W170,P04,W170_V08_P04,W170_V09_P04,reordering
W170,P05,W170_V08_P05,W170_V09_P05,date_time
W170,P06,W170_V08_P06,W170_V09_P06,deletion
W170,P07,W170_V08_P07,W170_V09_P07,addition
W170,P08,W170_V08_P08,W170_V09_P08,requirement
W170,P09,W170_V08_P09,W170_V09_P09,policy
W170,P10,W170_V08_P10,W170_V09_P10,semantic
W170,P01,W170_V09_P01,W170_V10_P01,requirement
W170,P02,W170_V09_P02,W170_V10_P02,policy
W170,P03,W170_V09_P03,W170_V10_P03,semantic
W170,P04,W170_V09_P04,W170_V10_P04,numeric
W170,P05,W170_V09_P05,W170_V10_P05,major_semantic
W170,P06,W170_V09_P06,W170_V10_P06,reordering
W170,P07,W170_V09_P07,W170_V10_P07,date_time
W170,P08,W170_V09_P08,W170_V10_P08,deletion
W170,P09,W170_V09_P09,W170_V10_P09,addition
W170,P10,W170_V09_P10,W170_V10_P10,requirement
W171,P01,W171_V01_P01,W171_V02_P01,addition
W171,P02,W171_V01_P02,W171_V02_P02,requirement
W171,P03,W171_V01_P03,W171_V02_P03,policy
W171,P04,W171_V01_P04,W171_V02_P04,semantic
W171,P05,W171_V01_P05,W171_V02_P05,numeric
W171,P06,W171_V01_P06,W171_V02_P06,major_semantic
W171,P07,W171_V01_P07,W171_V02_P07,reordering
W171,P08,W171_V01_P08,W171_V02_P08,date_time
W171,P09,W171_V01_P09,W171_V02_P09,deletion
W171,P10,W171_V01_P10,W171_V02_P10,addition
W171,P01,W171_V02_P01,W171_V03_P01,date_time
W171,P02,W171_V02_P02,W171_V03_P02,deletion
W171,P03,W171_V02_P03,W171_V03_P03,addition
W171,P04,W171_V02_P04,W171_V03_P04,requirement
W171,P05,W171_V02_P05,W171_V03_P05,policy
W171,P06,W171_V02_P06,W171_V03_P06,semantic
W171,P07,W171_V02_P07,W171_V03_P07,numeric
W171,P08,W171_V02_P08,W171_V03_P08,major_semantic
W171,P09,W171_V02_P09,W171_V03_P09,reordering
W171,P10,W171_V02_P10,W171_V03_P10,date_time
W171,P01,W171_V03_P01,W171_V04_P01,major_semantic
W171,P02,W171_V03_P02,W171_V04_P02,reordering
W171,P03,W171_V03_P03,W171_V04_P03,date_time
W171,P04,W171_V03_P04,W171_V04_P04,deletion
W171,P05,W171_V03_P05,W171_V04_P05,addition
W171,P06,W171_V03_P06,W171_V04_P06,requirement
W171,P07,W171_V03_P07,W171_V04_P07,policy
W171,P08,W171_V03_P08,W171_V04_P08,semantic
W171,P09,W171_V03_P09,W171_V04_P09,numeric
W171,P10,W171_V03_P10,W171_V04_P10,major_semantic
W171,P01,W171_V04_P01,W171_V05_P01,semantic
W171,P02,W171_V04_P02,W171_V05_P02,numeric
W171,P03,W171_V04_P03,W171_V05_P03,major_semantic
W171,P04,W171_V04_P04,W171_V05_P04,reordering
W171,P05,W171_V04_P05,W171_V05_P05,date_time
W171,P06,W171_V04_P06,W171_V05_P06,deletion
W171,P07,W171_V04_P07,W171_V05_P07,addition
W171,P08,W171_V04_P08,W171_V05_P08,requirement
W171,P09,W171_V04_P09,W171_V05_P09,policy
W171,P10,W171_V04_P10,W171_V05_P10,semantic
W171,P01,W171_V05_P01,W171_V06_P01,requirement
W171,P02,W171_V05_P02,W171_V06_P02,policy
W171,P03,W171_V05_P03,W171_V06_P03,semantic
W171,P04,W171_V05_P04,W171_V06_P04,numeric
W171,P05,W171_V05_P05,W171_V06_P05,major_semantic
W171,P06,W171_V05_P06,W171_V06_P06,reordering
W171,P07,W171_V05_P07,W171_V06_P07,date_time
W171,P08,W171_V05_P08,W171_V06_P08,deletion
W171,P09,W171_V05_P09,W171_V06_P09,addition
W171,P10,W171_V05_P10,W171_V06_P10,requirement
W171,P01,W171_V06_P01,W171_V07_P01,deletion
W171,P02,W171_V06_P02,W171_V07_P02,addition
W171,P03,W171_V06_P03,W171_V07_P03,requirement
W171,P04,W171_V06_P04,W171_V07_P04,policy
W171,P05,W171_V06_P05,W171_V07_P05,semantic
W171,P06,W171_V06_P06,W171_V07_P06,numeric
W171,P07,W171_V06_P07,W171_V07_P07,major_semantic
W171,P08,W171_V06_P08,W171_V07_P08,reordering
W171,P09,W171_V06_P09,W171_V07_P09,date_time
W171,P10,W171_V06_P10,W171_V07_P10,deletion
W171,P01,W171_V07_P01,W171_V08_P01,reordering
W171,P02,W171_V07_P02,W171_V08_P02,date_time
W171,P03,W171_V07_P03,W171_V08_P03,deletion
W171,P04,W171_V07_P04,W171_V08_P04,addition
W171,P05,W171_V07_P05,W171_V08_P05,requirement
W171,P06,W171_V07_P06,W171_V08_P06,policy
W171,P07,W171_V07_P07,W171_V08_P07,semantic
W171,P08,W171_V07_P08,W171_V08_P08,numeric
W171,P09,W171_V07_P09,W171_V08_P09,major_semantic
W171,P10,W171_V07_P10,W171_V08_P10,reordering
W171,P01,W171_V08_P01,W171_V09_P01,numeric
W171,P02,W171_V08_P02,W171_V09_P02,major_semantic
W171,P03,W171_V08_P03,W171_V09_P03,reordering
W171,P04,W171_V08_P04,W171_V09_P04,date_time
W171,P05,W171_V08_P05,W171_V09_P05,deletion
W171,P06,W171_V08_P06,W171_V09_P06,addition
W171,P07,W171_V08_P07,W171_V09_P07,requirement
W171,P08,W171_V08_P08,W171_V09_P08,policy
W171,P09,W171_V08_P09,W171_V09_P09,semantic
W171,P10,W171_V08_P10,W171_V09_P10,numeric
W171,P01,W171_V09_P01,W171_V10_P01,policy
W171,P02,W171_V09_P02,W171_V10_P02,semantic
W171,P03,W171_V09_P03,W171_V10_P03,numeric
W171,P04,W171_V09_P04,W171_V10_P04,major_semantic
W171,P05,W171_V09_P05,W171_V10_P05,reordering
W171,P06,W171_V09_P06,W171_V10_P06,date_time
W171,P07,W171_V09_P07,W171_V10_P07,deletion
W171,P08,W171_V09_P08,W171_V10_P08,addition
W171,P09,W171_V09_P09,W171_V10_P09,requirement
W171,P10,W171_V09_P10,W171_V10_P10,policy
W172,P01,W172_V01_P01,W172_V02_P01,requirement
W172,P02,W172_V01_P02,W172_V02_P02,policy
W172,P03,W172_V01_P03,W172_V02_P03,semantic
W172,P04,W172_V01_P04,W172_V02_P04,numeric
W172,P05,W172_V01_P05,W172_V02_P05,major_semantic
W172,P06,W172_V01_P06,W172_V02_P06,reordering
W172,P07,W172_V01_P07,W172_V02_P07,date_time
W172,P08,W172_V01_P08,W172_V02_P08,deletion
W172,P09,W172_V01_P09,W172_V02_P09,addition
W172,P10,W172_V01_P10,W172_V02_P10,requirement
W172,P01,W172_V02_P01,W172_V03_P01,deletion
W172,P02,W172_V02_P02,W172_V03_P02,addition
W172,P03,W172_V02_P03,W172_V03_P03,requirement
W172,P04,W172_V02_P04,W172_V03_P04,policy
W172,P05,W172_V02_P05,W172_V03_P05,semantic
W172,P06,W172_V02_P06,W172_V03_P06,numeric
W172,P07,W172_V02_P07,W172_V03_P07,major_semantic
W172,P08,W172_V02_P08,W172_V03_P08,reordering
W172,P09,W172_V02_P09,W172_V03_P09,date_time
W172,P10,W172_V02_P10,W172_V03_P10,deletion
W172,P01,W172_V03_P01,W172_V04_P01,reordering
W172,P02,W172_V03_P02,W172_V04_P02,date_time
W172,P03,W172_V03_P03,W172_V04_P03,deletion
W172,P04,W172_V03_P04,W172_V04_P04,addition
W172,P05,W172_V03_P05,W172_V04_P05,requirement
W172,P06,W172_V03_P06,W172_V04_P06,policy
W172,P07,W172_V03_P07,W172_V04_P07,semantic
W172,P08,W172_V03_P08,W172_V04_P08,numeric
W172,P09,W172_V03_P09,W172_V04_P09,major_semantic
W172,P10,W172_V03_P10,W172_V04_P10,reordering
W172,P01,W172_V04_P01,W172_V05_P01,numeric
W172,P02,W172_V04_P02,W172_V05_P02,major_semantic
W172,P03,W172_V04_P03,W172_V05_P03,reordering
W172,P04,W172_V04_P04,W172_V05_P04,date_time
W172,P05,W172_V04_P05,W172_V05_P05,deletion
W172,P06,W172_V04_P06,W172_V05_P06,addition
W172,P07,W172_V04_P07,W172_V05_P07,requirement
W172,P08,W172_V04_P08,W172_V05_P08,policy
W172,P09,W172_V04_P09,W172_V05_P09,semantic
W172,P10,W172_V04_P10,W172_V05_P10,numeric
W172,P01,W172_V05_P01,W172_V06_P01,policy
W172,P02,W172_V05_P02,W172_V06_P02,semantic
W172,P03,W172_V05_P03,W172_V06_P03,numeric
W172,P04,W172_V05_P04,W172_V06_P04,major_semantic
W172,P05,W172_V05_P05,W172_V06_P05,reordering
W172,P06,W172_V05_P06,W172_V06_P06,date_time
W172,P07,W172_V05_P07,W172_V06_P07,deletion
W172,P08,W172_V05_P08,W172_V06_P08,addition
W172,P09,W172_V05_P09,W172_V06_P09,requirement
W172,P10,W172_V05_P10,W172_V06_P10,policy
W172,P01,W172_V06_P01,W172_V07_P01,addition
W172,P02,W172_V06_P02,W172_V07_P02,requirement
W172,P03,W172_V06_P03,W172_V07_P03,policy
W172,P04,W172_V06_P04,W172_V07_P04,semantic
W172,P05,W172_V06_P05,W172_V07_P05,numeric
W172,P06,W172_V06_P06,W172_V07_P06,major_semantic
W172,P07,W172_V06_P07,W172_V07_P07,reordering
W172,P08,W172_V06_P08,W172_V07_P08,date_time
W172,P09,W172_V06_P09,W172_V07_P09,deletion
W172,P10,W172_V06_P10,W172_V07_P10,addition
W172,P01,W172_V07_P01,W172_V08_P01,date_time
W172,P02,W172_V07_P02,W172_V08_P02,deletion
W172,P03,W172_V07_P03,W172_V08_P03,addition
W172,P04,W172_V07_P04,W172_V08_P04,requirement
W172,P05,W172_V07_P05,W172_V08_P05,policy
W172,P06,W172_V07_P06,W172_V08_P06,semantic
W172,P07,W172_V07_P07,W172_V08_P07,numeric
W172,P08,W172_V07_P08,W172_V08_P08,major_semantic
W172,P09,W172_V07_P09,W172_V08_P09,reordering
W172,P10,W172_V07_P10,W172_V08_P10,date_time
W172,P01,W172_V08_P01,W172_V09_P01,major_semantic
W172,P02,W172_V08_P02,W172_V09_P02,reordering
W172,P03,W172_V08_P03,W172_V09_P03,date_time
W172,P04,W172_V08_P04,W172_V09_P04,deletion
W172,P05,W172_V08_P05,W172_V09_P05,addition
W172,P06,W172_V08_P06,W172_V09_P06,requirement
W172,P07,W172_V08_P07,W172_V09_P07,policy
W172,P08,W172_V08_P08,W172_V09_P08,semantic
W172,P09,W172_V08_P09,W172_V09_P09,numeric
W172,P10,W172_V08_P10,W172_V09_P10,major_semantic
W172,P01,W172_V09_P01,W172_V10_P01,semantic
W172,P02,W172_V09_P02,W172_V10_P02,numeric
W172,P03,W172_V09_P03,W172_V10_P03,major_semantic
W172,P04,W172_V09_P04,W172_V10_P04,reordering
W172,P05,W172_V09_P05,W172_V10_P05,date_time
W172,P06,W172_V09_P06,W172_V10_P06,deletion
W172,P07,W172_V09_P07,W172_V10_P07,addition
W172,P08,W172_V09_P08,W172_V10_P08,requirement
W172,P09,W172_V09_P09,W172_V10_P09,policy
W172,P10,W172_V09_P10,W172_V10_P10,semantic
W173,P01,W173_V01_P01,W173_V02_P01,policy
W173,P02,W173_V01_P02,W173_V02_P02,semantic
W173,P03,W173_V01_P03,W173_V02_P03,numeric
W173,P04,W173_V01_P04,W173_V02_P04,major_semantic
W173,P05,W173_V01_P05,W173_V02_P05,reordering
W173,P06,W173_V01_P06,W173_V02_P06,date_time
W173,P07,W173_V01_P07,W173_V02_P07,deletion
W173,P08,W173_V01_P08,W173_V02_P08,addition
W173,P09,W173_V01_P09,W173_V02_P09,requirement
W173,P10,W173_V01_P10,W173_V02_P10,policy
W173,P01,W173_V02_P01,W173_V03_P01,addition
W173,P02,W173_V02_P02,W173_V03_P02,requirement
W173,P03,W173_V02_P03,W173_V03_P03,policy
W173,P04,W173_V02_P04,W173_V03_P04,semantic
W173,P05,W173_V02_P05,W173_V03_P05,numeric
W173,P06,W173_V02_P06,W173_V03_P06,major_semantic
W173,P07,W173_V02_P07,W173_V03_P07,reordering
W173,P08,W173_V02_P08,W173_V03_P08,date_time
W173,P09,W173_V02_P09,W173_V03_P09,deletion
W173,P10,W173_V02_P10,W173_V03_P10,addition
W173,P01,W173_V03_P01,W173_V04_P01,date_time
W173,P02,W173_V03_P02,W173_V04_P02,deletion
W173,P03,W173_V03_P03,W173_V04_P03,addition
W173,P04,W173_V03_P04,W173_V04_P04,requirement
W173,P05,W173_V03_P05,W173_V04_P05,policy
W173,P06,W173_V03_P06,W173_V04_P06,semantic
W173,P07,W173_V03_P07,W173_V04_P07,numeric
W173,P08,W173_V03_P08,W173_V04_P08,major_semantic
W173,P09,W173_V03_P09,W173_V04_P09,reordering
W173,P10,W173_V03_P10,W173_V04_P10,date_time
W173,P01,W173_V04_P01,W173_V05_P01,major_semantic
W173,P02,W173_V04_P02,W173_V05_P02,reordering
W173,P03,W173_V04_P03,W173_V05_P03,date_time
W173,P04,W173_V04_P04,W173_V05_P04,deletion
W173,P05,W173_V04_P05,W173_V05_P05,addition
W173,P06,W173_V04_P06,W173_V05_P06,requirement
W173,P07,W173_V04_P07,W173_V05_P07,policy
W173,P08,W173_V04_P08,W173_V05_P08,semantic
W173,P09,W173_V04_P09,W173_V05_P09,numeric
W173,P10,W173_V04_P10,W173_V05_P10,major_semantic
W173,P01,W173_V05_P01,W173_V06_P01,semantic
W173,P02,W173_V05_P02,W173_V06_P02,numeric
W173,P03,W173_V05_P03,W173_V06_P03,major_semantic
W173,P04,W173_V05_P04,W173_V06_P04,reordering
W173,P05,W173_V05_P05,W173_V06_P05,date_time
W173,P06,W173_V05_P06,W173_V06_P06,deletion
W173,P07,W173_V05_P07,W173_V06_P07,addition
W173,P08,W173_V05_P08,W173_V06_P08,requirement
W173,P09,W173_V05_P09,W173_V06_P09,policy
W173,P10,W173_V05_P10,W173_V06_P10,semantic
W173,P01,W173_V06_P01,W173_V07_P01,requirement
W173,P02,W173_V06_P02,W173_V07_P02,policy
W173,P03,W173_V06_P03,W173_V07_P03,semantic
W173,P04,W173_V06_P04,W173_V07_P04,numeric
W173,P05,W173_V06_P05,W173_V07_P05,major_semantic
W173,P06,W173_V06_P06,W173_V07_P06,reordering
W173,P07,W173_V06_P07,W173_V07_P07,date_time
W173,P08,W173_V06_P08,W173_V07_P08,deletion
W173,P09,W173_V06_P09,W173_V07_P09,addition
W173,P10,W173_V06_P10,W173_V07_P10,requirement
W173,P01,W173_V07_P01,W173_V08_P01,deletion
W173,P02,W173_V07_P02,W173_V08_P02,addition
W173,P03,W173_V07_P03,W173_V08_P03,requirement
W173,P04,W173_V07_P04,W173_V08_P04,policy
W173,P05,W173_V07_P05,W173_V08_P05,semantic
W173,P06,W173_V07_P06,W173_V08_P06,numeric
W173,P07,W173_V07_P07,W173_V08_P07,major_semantic
W173,P08,W173_V07_P08,W173_V08_P08,reordering
W173,P09,W173_V07_P09,W173_V08_P09,date_time
W173,P10,W173_V07_P10,W173_V08_P10,deletion
W173,P01,W173_V08_P01,W173_V09_P01,reordering
W173,P02,W173_V08_P02,W173_V09_P02,date_time
W173,P03,W173_V08_P03,W173_V09_P03,deletion
W173,P04,W173_V08_P04,W173_V09_P04,addition
W173,P05,W173_V08_P05,W173_V09_P05,requirement
W173,P06,W173_V08_P06,W173_V09_P06,policy
W173,P07,W173_V08_P07,W173_V09_P07,semantic
W173,P08,W173_V08_P08,W173_V09_P08,numeric
W173,P09,W173_V08_P09,W173_V09_P09,major_semantic
W173,P10,W173_V08_P10,W173_V09_P10,reordering
W173,P01,W173_V09_P01,W173_V10_P01,numeric
W173,P02,W173_V09_P02,W173_V10_P02,major_semantic
W173,P03,W173_V09_P03,W173_V10_P03,reordering
W173,P04,W173_V09_P04,W173_V10_P04,date_time
W173,P05,W173_V09_P05,W173_V10_P05,deletion
W173,P06,W173_V09_P06,W173_V10_P06,addition
W173,P07,W173_V09_P07,W173_V10_P07,requirement
W173,P08,W173_V09_P08,W173_V10_P08,policy
W173,P09,W173_V09_P09,W173_V10_P09,semantic
W173,P10,W173_V09_P10,W173_V10_P10,numeric
W174,P01,W174_V01_P01,W174_V02_P01,semantic
W174,P02,W174_V01_P02,W174_V02_P02,numeric
W174,P03,W174_V01_P03,W174_V02_P03,major_semantic
W174,P04,W174_V01_P04,W174_V02_P04,reordering
W174,P05,W174_V01_P05,W174_V02_P05,date_time
W174,P06,W174_V01_P06,W174_V02_P06,deletion
W174,P07,W174_V01_P07,W174_V02_P07,addition
W174,P08,W174_V01_P08,W174_V02_P08,requirement
W174,P09,W174_V01_P09,W174_V02_P09,policy
W174,P10,W174_V01_P10,W174_V02_P10,semantic
W174,P01,W174_V02_P01,W174_V03_P01,requirement
W174,P02,W174_V02_P02,W174_V03_P02,policy
W174,P03,W174_V02_P03,W174_V03_P03,semantic
W174,P04,W174_V02_P04,W174_V03_P04,numeric
W174,P05,W174_V02_P05,W174_V03_P05,major_semantic
W174,P06,W174_V02_P06,W174_V03_P06,reordering
W174,P07,W174_V02_P07,W174_V03_P07,date_time
W174,P08,W174_V02_P08,W174_V03_P08,deletion
W174,P09,W174_V02_P09,W174_V03_P09,addition
W174,P10,W174_V02_P10,W174_V03_P10,requirement
W174,P01,W174_V03_P01,W174_V04_P01,deletion
W174,P02,W174_V03_P02,W174_V04_P02,addition
W174,P03,W174_V03_P03,W174_V04_P03,requirement
W174,P04,W174_V03_P04,W174_V04_P04,policy
W174,P05,W174_V03_P05,W174_V04_P05,semantic
W174,P06,W174_V03_P06,W174_V04_P06,numeric
W174,P07,W174_V03_P07,W174_V04_P07,major_semantic
W174,P08,W174_V03_P08,W174_V04_P08,reordering
W174,P09,W174_V03_P09,W174_V04_P09,date_time
W174,P10,W174_V03_P10,W174_V04_P10,deletion
W174,P01,W174_V04_P01,W174_V05_P01,reordering
W174,P02,W174_V04_P02,W174_V05_P02,date_time
W174,P03,W174_V04_P03,W174_V05_P03,deletion
W174,P04,W174_V04_P04,W174_V05_P04,addition
W174,P05,W174_V04_P05,W174_V05_P05,requirement
W174,P06,W174_V04_P06,W174_V05_P06,policy
W174,P07,W174_V04_P07,W174_V05_P07,semantic
W174,P08,W174_V04_P08,W174_V05_P08,numeric
W174,P09,W174_V04_P09,W174_V05_P09,major_semantic
W174,P10,W174_V04_P10,W174_V05_P10,reordering
W174,P01,W174_V05_P01,W174_V06_P01,numeric
W174,P02,W174_V05_P02,W174_V06_P02,major_semantic
W174,P03,W174_V05_P03,W174_V06_P03,reordering
W174,P04,W174_V05_P04,W174_V06_P04,date_time
W174,P05,W174_V05_P05,W174_V06_P05,deletion
W174,P06,W174_V05_P06,W174_V06_P06,addition
W174,P07,W174_V05_P07,W174_V06_P07,requirement
W174,P08,W174_V05_P08,W174_V06_P08,policy
W174,P09,W174_V05_P09,W174_V06_P09,semantic
W174,P10,W174_V05_P10,W174_V06_P10,numeric
W174,P01,W174_V06_P01,W174_V07_P01,policy
W174,P02,W174_V06_P02,W174_V07_P02,semantic
W174,P03,W174_V06_P03,W174_V07_P03,numeric
W174,P04,W174_V06_P04,W174_V07_P04,major_semantic
W174,P05,W174_V06_P05,W174_V07_P05,reordering
W174,P06,W174_V06_P06,W174_V07_P06,date_time
W174,P07,W174_V06_P07,W174_V07_P07,deletion
W174,P08,W174_V06_P08,W174_V07_P08,addition
W174,P09,W174_V06_P09,W174_V07_P09,requirement
W174,P10,W174_V06_P10,W174_V07_P10,policy
W174,P01,W174_V07_P01,W174_V08_P01,addition
W174,P02,W174_V07_P02,W174_V08_P02,requirement
W174,P03,W174_V07_P03,W174_V08_P03,policy
W174,P04,W174_V07_P04,W174_V08_P04,semantic
W174,P05,W174_V07_P05,W174_V08_P05,numeric
W174,P06,W174_V07_P06,W174_V08_P06,major_semantic
W174,P07,W174_V07_P07,W174_V08_P07,reordering
W174,P08,W174_V07_P08,W174_V08_P08,date_time
W174,P09,W174_V07_P09,W174_V08_P09,deletion
W174,P10,W174_V07_P10,W174_V08_P10,addition
W174,P01,W174_V08_P01,W174_V09_P01,date_time
W174,P02,W174_V08_P02,W174_V09_P02,deletion
W174,P03,W174_V08_P03,W174_V09_P03,addition
W174,P04,W174_V08_P04,W174_V09_P04,requirement
W174,P05,W174_V08_P05,W174_V09_P05,policy
W174,P06,W174_V08_P06,W174_V09_P06,semantic
W174,P07,W174_V08_P07,W174_V09_P07,numeric
W174,P08,W174_V08_P08,W174_V09_P08,major_semantic
W174,P09,W174_V08_P09,W174_V09_P09,reordering
W174,P10,W174_V08_P10,W174_V09_P10,date_time
W174,P01,W174_V09_P01,W174_V10_P01,major_semantic
W174,P02,W174_V09_P02,W174_V10_P02,reordering
W174,P03,W174_V09_P03,W174_V10_P03,date_time
W174,P04,W174_V09_P04,W174_V10_P04,deletion
W174,P05,W174_V09_P05,W174_V10_P05,addition
W174,P06,W174_V09_P06,W174_V10_P06,requirement
W174,P07,W174_V09_P07,W174_V10_P07,policy
W174,P08,W174_V09_P08,W174_V10_P08,semantic
W174,P09,W174_V09_P09,W174_V10_P09,numeric
W174,P10,W174_V09_P10,W174_V10_P10,major_semantic
W175,P01,W175_V01_P01,W175_V02_P01,numeric
W175,P02,W175_V01_P02,W175_V02_P02,major_semantic
W175,P03,W175_V01_P03,W175_V02_P03,reordering
W175,P04,W175_V01_P04,W175_V02_P04,date_time
W175,P05,W175_V01_P05,W175_V02_P05,deletion
W175,P06,W175_V01_P06,W175_V02_P06,addition
W175,P07,W175_V01_P07,W175_V02_P07,requirement
W175,P08,W175_V01_P08,W175_V02_P08,policy
W175,P09,W175_V01_P09,W175_V02_P09,semantic
W175,P10,W175_V01_P10,W175_V02_P10,numeric
W175,P01,W175_V02_P01,W175_V03_P01,policy
W175,P02,W175_V02_P02,W175_V03_P02,semantic
W175,P03,W175_V02_P03,W175_V03_P03,numeric
W175,P04,W175_V02_P04,W175_V03_P04,major_semantic
W175,P05,W175_V02_P05,W175_V03_P05,reordering
W175,P06,W175_V02_P06,W175_V03_P06,date_time
W175,P07,W175_V02_P07,W175_V03_P07,deletion
W175,P08,W175_V02_P08,W175_V03_P08,addition
W175,P09,W175_V02_P09,W175_V03_P09,requirement
W175,P10,W175_V02_P10,W175_V03_P10,policy
W175,P01,W175_V03_P01,W175_V04_P01,addition
W175,P02,W175_V03_P02,W175_V04_P02,requirement
W175,P03,W175_V03_P03,W175_V04_P03,policy
W175,P04,W175_V03_P04,W175_V04_P04,semantic
W175,P05,W175_V03_P05,W175_V04_P05,numeric
W175,P06,W175_V03_P06,W175_V04_P06,major_semantic
W175,P07,W175_V03_P07,W175_V04_P07,reordering
W175,P08,W175_V03_P08,W175_V04_P08,date_time
W175,P09,W175_V03_P09,W175_V04_P09,deletion
W175,P10,W175_V03_P10,W175_V04_P10,addition
W175,P01,W175_V04_P01,W175_V05_P01,date_time
W175,P02,W175_V04_P02,W175_V05_P02,deletion
W175,P03,W175_V04_P03,W175_V05_P03,addition
W175,P04,W175_V04_P04,W175_V05_P04,requirement
W175,P05,W175_V04_P05,W175_V05_P05,policy
W175,P06,W175_V04_P06,W175_V05_P06,semantic
W175,P07,W175_V04_P07,W175_V05_P07,numeric
W175,P08,W175_V04_P08,W175_V05_P08,major_semantic
W175,P09,W175_V04_P09,W175_V05_P09,reordering
W175,P10,W175_V04_P10,W175_V05_P10,date_time
W175,P01,W175_V05_P01,W175_V06_P01,major_semantic
W175,P02,W175_V05_P02,W175_V06_P02,reordering
W175,P03,W175_V05_P03,W175_V06_P03,date_time
W175,P04,W175_V05_P04,W175_V06_P04,deletion
W175,P05,W175_V05_P05,W175_V06_P05,addition
W175,P06,W175_V05_P06,W175_V06_P06,requirement
W175,P07,W175_V05_P07,W175_V06_P07,policy
W175,P08,W175_V05_P08,W175_V06_P08,semantic
W175,P09,W175_V05_P09,W175_V06_P09,numeric
W175,P10,W175_V05_P10,W175_V06_P10,major_semantic
W175,P01,W175_V06_P01,W175_V07_P01,semantic
W175,P02,W175_V06_P02,W175_V07_P02,numeric
W175,P03,W175_V06_P03,W175_V07_P03,major_semantic
W175,P04,W175_V06_P04,W175_V07_P04,reordering
W175,P05,W175_V06_P05,W175_V07_P05,date_time
W175,P06,W175_V06_P06,W175_V07_P06,deletion
W175,P07,W175_V06_P07,W175_V07_P07,addition
W175,P08,W175_V06_P08,W175_V07_P08,requirement
W175,P09,W175_V06_P09,W175_V07_P09,policy
W175,P10,W175_V06_P10,W175_V07_P10,semantic
W175,P01,W175_V07_P01,W175_V08_P01,requirement
W175,P02,W175_V07_P02,W175_V08_P02,policy
W175,P03,W175_V07_P03,W175_V08_P03,semantic
W175,P04,W175_V07_P04,W175_V08_P04,numeric
W175,P05,W175_V07_P05,W175_V08_P05,major_semantic
W175,P06,W175_V07_P06,W175_V08_P06,reordering
W175,P07,W175_V07_P07,W175_V08_P07,date_time
W175,P08,W175_V07_P08,W175_V08_P08,deletion
W175,P09,W175_V07_P09,W175_V08_P09,addition
W175,P10,W175_V07_P10,W175_V08_P10,requirement
W175,P01,W175_V08_P01,W175_V09_P01,deletion
W175,P02,W175_V08_P02,W175_V09_P02,addition
W175,P03,W175_V08_P03,W175_V09_P03,requirement
W175,P04,W175_V08_P04,W175_V09_P04,policy
W175,P05,W175_V08_P05,W175_V09_P05,semantic
W175,P06,W175_V08_P06,W175_V09_P06,numeric
W175,P07,W175_V08_P07,W175_V09_P07,major_semantic
W175,P08,W175_V08_P08,W175_V09_P08,reordering
W175,P09,W175_V08_P09,W175_V09_P09,date_time
W175,P10,W175_V08_P10,W175_V09_P10,deletion
W175,P01,W175_V09_P01,W175_V10_P01,reordering
W175,P02,W175_V09_P02,W175_V10_P02,date_time
W175,P03,W175_V09_P03,W175_V10_P03,deletion
W175,P04,W175_V09_P04,W175_V10_P04,addition
W175,P05,W175_V09_P05,W175_V10_P05,requirement
W175,P06,W175_V09_P06,W175_V10_P06,policy
W175,P07,W175_V09_P07,W175_V10_P07,semantic
W175,P08,W175_V09_P08,W175_V10_P08,numeric
W175,P09,W175_V09_P09,W175_V10_P09,major_semantic
W175,P10,W175_V09_P10,W175_V10_P10,reordering
W176,P01,W176_V01_P01,W176_V02_P01,major_semantic
W176,P02,W176_V01_P02,W176_V02_P02,reordering
W176,P03,W176_V01_P03,W176_V02_P03,date_time
W176,P04,W176_V01_P04,W176_V02_P04,deletion
W176,P05,W176_V01_P05,W176_V02_P05,addition
W176,P06,W176_V01_P06,W176_V02_P06,requirement
W176,P07,W176_V01_P07,W176_V02_P07,policy
W176,P08,W176_V01_P08,W176_V02_P08,semantic
W176,P09,W176_V01_P09,W176_V02_P09,numeric
W176,P10,W176_V01_P10,W176_V02_P10,major_semantic
W176,P01,W176_V02_P01,W176_V03_P01,semantic
W176,P02,W176_V02_P02,W176_V03_P02,numeric
W176,P03,W176_V02_P03,W176_V03_P03,major_semantic
W176,P04,W176_V02_P04,W176_V03_P04,reordering
W176,P05,W176_V02_P05,W176_V03_P05,date_time
W176,P06,W176_V02_P06,W176_V03_P06,deletion
W176,P07,W176_V02_P07,W176_V03_P07,addition
W176,P08,W176_V02_P08,W176_V03_P08,requirement
W176,P09,W176_V02_P09,W176_V03_P09,policy
W176,P10,W176_V02_P10,W176_V03_P10,semantic
W176,P01,W176_V03_P01,W176_V04_P01,requirement
W176,P02,W176_V03_P02,W176_V04_P02,policy
W176,P03,W176_V03_P03,W176_V04_P03,semantic
W176,P04,W176_V03_P04,W176_V04_P04,numeric
W176,P05,W176_V03_P05,W176_V04_P05,major_semantic
W176,P06,W176_V03_P06,W176_V04_P06,reordering
W176,P07,W176_V03_P07,W176_V04_P07,date_time
W176,P08,W176_V03_P08,W176_V04_P08,deletion
W176,P09,W176_V03_P09,W176_V04_P09,addition
W176,P10,W176_V03_P10,W176_V04_P10,requirement
W176,P01,W176_V04_P01,W176_V05_P01,deletion
W176,P02,W176_V04_P02,W176_V05_P02,addition
W176,P03,W176_V04_P03,W176_V05_P03,requirement
W176,P04,W176_V04_P04,W176_V05_P04,policy
W176,P05,W176_V04_P05,W176_V05_P05,semantic
W176,P06,W176_V04_P06,W176_V05_P06,numeric
W176,P07,W176_V04_P07,W176_V05_P07,major_semantic
W176,P08,W176_V04_P08,W176_V05_P08,reordering
W176,P09,W176_V04_P09,W176_V05_P09,date_time
W176,P10,W176_V04_P10,W176_V05_P10,deletion
W176,P01,W176_V05_P01,W176_V06_P01,reordering
W176,P02,W176_V05_P02,W176_V06_P02,date_time
W176,P03,W176_V05_P03,W176_V06_P03,deletion
W176,P04,W176_V05_P04,W176_V06_P04,addition
W176,P05,W176_V05_P05,W176_V06_P05,requirement
W176,P06,W176_V05_P06,W176_V06_P06,policy
W176,P07,W176_V05_P07,W176_V06_P07,semantic
W176,P08,W176_V05_P08,W176_V06_P08,numeric
W176,P09,W176_V05_P09,W176_V06_P09,major_semantic
W176,P10,W176_V05_P10,W176_V06_P10,reordering
W176,P01,W176_V06_P01,W176_V07_P01,numeric
W176,P02,W176_V06_P02,W176_V07_P02,major_semantic
W176,P03,W176_V06_P03,W176_V07_P03,reordering
W176,P04,W176_V06_P04,W176_V07_P04,date_time
W176,P05,W176_V06_P05,W176_V07_P05,deletion
W176,P06,W176_V06_P06,W176_V07_P06,addition
W176,P07,W176_V06_P07,W176_V07_P07,requirement
W176,P08,W176_V06_P08,W176_V07_P08,policy
W176,P09,W176_V06_P09,W176_V07_P09,semantic
W176,P10,W176_V06_P10,W176_V07_P10,numeric
W176,P01,W176_V07_P01,W176_V08_P01,policy
W176,P02,W176_V07_P02,W176_V08_P02,semantic
W176,P03,W176_V07_P03,W176_V08_P03,numeric
W176,P04,W176_V07_P04,W176_V08_P04,major_semantic
W176,P05,W176_V07_P05,W176_V08_P05,reordering
W176,P06,W176_V07_P06,W176_V08_P06,date_time
W176,P07,W176_V07_P07,W176_V08_P07,deletion
W176,P08,W176_V07_P08,W176_V08_P08,addition
W176,P09,W176_V07_P09,W176_V08_P09,requirement
W176,P10,W176_V07_P10,W176_V08_P10,policy
W176,P01,W176_V08_P01,W176_V09_P01,addition
W176,P02,W176_V08_P02,W176_V09_P02,requirement
W176,P03,W176_V08_P03,W176_V09_P03,policy
W176,P04,W176_V08_P04,W176_V09_P04,semantic
W176,P05,W176_V08_P05,W176_V09_P05,numeric
W176,P06,W176_V08_P06,W176_V09_P06,major_semantic
W176,P07,W176_V08_P07,W176_V09_P07,reordering
W176,P08,W176_V08_P08,W176_V09_P08,date_time
W176,P09,W176_V08_P09,W176_V09_P09,deletion
W176,P10,W176_V08_P10,W176_V09_P10,addition
W176,P01,W176_V09_P01,W176_V10_P01,date_time
W176,P02,W176_V09_P02,W176_V10_P02,deletion
W176,P03,W176_V09_P03,W176_V10_P03,addition
W176,P04,W176_V09_P04,W176_V10_P04,requirement
W176,P05,W176_V09_P05,W176_V10_P05,policy
W176,P06,W176_V09_P06,W176_V10_P06,semantic
W176,P07,W176_V09_P07,W176_V10_P07,numeric
W176,P08,W176_V09_P08,W176_V10_P08,major_semantic
W176,P09,W176_V09_P09,W176_V10_P09,reordering
W176,P10,W176_V09_P10,W176_V10_P10,date_time
W177,P01,W177_V01_P01,W177_V02_P01,reordering
W177,P02,W177_V01_P02,W177_V02_P02,date_time
W177,P03,W177_V01_P03,W177_V02_P03,deletion
W177,P04,W177_V01_P04,W177_V02_P04,addition
W177,P05,W177_V01_P05,W177_V02_P05,requirement
W177,P06,W177_V01_P06,W177_V02_P06,policy
W177,P07,W177_V01_P07,W177_V02_P07,semantic
W177,P08,W177_V01_P08,W177_V02_P08,numeric
W177,P09,W177_V01_P09,W177_V02_P09,major_semantic
W177,P10,W177_V01_P10,W177_V02_P10,reordering
W177,P01,W177_V02_P01,W177_V03_P01,numeric
W177,P02,W177_V02_P02,W177_V03_P02,major_semantic
W177,P03,W177_V02_P03,W177_V03_P03,reordering
W177,P04,W177_V02_P04,W177_V03_P04,date_time
W177,P05,W177_V02_P05,W177_V03_P05,deletion
W177,P06,W177_V02_P06,W177_V03_P06,addition
W177,P07,W177_V02_P07,W177_V03_P07,requirement
W177,P08,W177_V02_P08,W177_V03_P08,policy
W177,P09,W177_V02_P09,W177_V03_P09,semantic
W177,P10,W177_V02_P10,W177_V03_P10,numeric
W177,P01,W177_V03_P01,W177_V04_P01,policy
W177,P02,W177_V03_P02,W177_V04_P02,semantic
W177,P03,W177_V03_P03,W177_V04_P03,numeric
W177,P04,W177_V03_P04,W177_V04_P04,major_semantic
W177,P05,W177_V03_P05,W177_V04_P05,reordering
W177,P06,W177_V03_P06,W177_V04_P06,date_time
W177,P07,W177_V03_P07,W177_V04_P07,deletion
W177,P08,W177_V03_P08,W177_V04_P08,addition
W177,P09,W177_V03_P09,W177_V04_P09,requirement
W177,P10,W177_V03_P10,W177_V04_P10,policy
W177,P01,W177_V04_P01,W177_V05_P01,addition
W177,P02,W177_V04_P02,W177_V05_P02,requirement
W177,P03,W177_V04_P03,W177_V05_P03,policy
W177,P04,W177_V04_P04,W177_V05_P04,semantic
W177,P05,W177_V04_P05,W177_V05_P05,numeric
W177,P06,W177_V04_P06,W177_V05_P06,major_semantic
W177,P07,W177_V04_P07,W177_V05_P07,reordering
W177,P08,W177_V04_P08,W177_V05_P08,date_time
W177,P09,W177_V04_P09,W177_V05_P09,deletion
W177,P10,W177_V04_P10,W177_V05_P10,addition
W177,P01,W177_V05_P01,W177_V06_P01,date_time
W177,P02,W177_V05_P02,W177_V06_P02,deletion
W177,P03,W177_V05_P03,W177_V06_P03,addition
W177,P04,W177_V05_P04,W177_V06_P04,requirement
W177,P05,W177_V05_P05,W177_V06_P05,policy
W177,P06,W177_V05_P06,W177_V06_P06,semantic
W177,P07,W177_V05_P07,W177_V06_P07,numeric
W177,P08,W177_V05_P08,W177_V06_P08,major_semantic
W177,P09,W177_V05_P09,W177_V06_P09,reordering
W177,P10,W177_V05_P10,W177_V06_P10,date_time
W177,P01,W177_V06_P01,W177_V07_P01,major_semantic
W177,P02,W177_V06_P02,W177_V07_P02,reordering
W177,P03,W177_V06_P03,W177_V07_P03,date_time
W177,P04,W177_V06_P04,W177_V07_P04,deletion
W177,P05,W177_V06_P05,W177_V07_P05,addition
W177,P06,W177_V06_P06,W177_V07_P06,requirement
W177,P07,W177_V06_P07,W177_V07_P07,policy
W177,P08,W177_V06_P08,W177_V07_P08,semantic
W177,P09,W177_V06_P09,W177_V07_P09,numeric
W177,P10,W177_V06_P10,W177_V07_P10,major_semantic
W177,P01,W177_V07_P01,W177_V08_P01,semantic
W177,P02,W177_V07_P02,W177_V08_P02,numeric
W177,P03,W177_V07_P03,W177_V08_P03,major_semantic
W177,P04,W177_V07_P04,W177_V08_P04,reordering
W177,P05,W177_V07_P05,W177_V08_P05,date_time
W177,P06,W177_V07_P06,W177_V08_P06,deletion
W177,P07,W177_V07_P07,W177_V08_P07,addition
W177,P08,W177_V07_P08,W177_V08_P08,requirement
W177,P09,W177_V07_P09,W177_V08_P09,policy
W177,P10,W177_V07_P10,W177_V08_P10,semantic
W177,P01,W177_V08_P01,W177_V09_P01,requirement
W177,P02,W177_V08_P02,W177_V09_P02,policy
W177,P03,W177_V08_P03,W177_V09_P03,semantic
W177,P04,W177_V08_P04,W177_V09_P04,numeric
W177,P05,W177_V08_P05,W177_V09_P05,major_semantic
W177,P06,W177_V08_P06,W177_V09_P06,reordering
W177,P07,W177_V08_P07,W177_V09_P07,date_time
W177,P08,W177_V08_P08,W177_V09_P08,deletion
W177,P09,W177_V08_P09,W177_V09_P09,addition
W177,P10,W177_V08_P10,W177_V09_P10,requirement
W177,P01,W177_V09_P01,W177_V10_P01,deletion
W177,P02,W177_V09_P02,W177_V10_P02,addition
W177,P03,W177_V09_P03,W177_V10_P03,requirement
W177,P04,W177_V09_P04,W177_V10_P04,policy
W177,P05,W177_V09_P05,W177_V10_P05,semantic
W177,P06,W177_V09_P06,W177_V10_P06,numeric
W177,P07,W177_V09_P07,W177_V10_P07,major_semantic
W177,P08,W177_V09_P08,W177_V10_P08,reordering
W177,P09,W177_V09_P09,W177_V10_P09,date_time
W177,P10,W177_V09_P10,W177_V10_P10,deletion
W178,P01,W178_V01_P01,W178_V02_P01,date_time
W178,P02,W178_V01_P02,W178_V02_P02,deletion
W178,P03,W178_V01_P03,W178_V02_P03,addition
W178,P04,W178_V01_P04,W178_V02_P04,requirement
W178,P05,W178_V01_P05,W178_V02_P05,policy
W178,P06,W178_V01_P06,W178_V02_P06,semantic
W178,P07,W178_V01_P07,W178_V02_P07,numeric
W178,P08,W178_V01_P08,W178_V02_P08,major_semantic
W178,P09,W178_V01_P09,W178_V02_P09,reordering
W178,P10,W178_V01_P10,W178_V02_P10,date_time
W178,P01,W178_V02_P01,W178_V03_P01,major_semantic
W178,P02,W178_V02_P02,W178_V03_P02,reordering
W178,P03,W178_V02_P03,W178_V03_P03,date_time
W178,P04,W178_V02_P04,W178_V03_P04,deletion
W178,P05,W178_V02_P05,W178_V03_P05,addition
W178,P06,W178_V02_P06,W178_V03_P06,requirement
W178,P07,W178_V02_P07,W178_V03_P07,policy
W178,P08,W178_V02_P08,W178_V03_P08,semantic
W178,P09,W178_V02_P09,W178_V03_P09,numeric
W178,P10,W178_V02_P10,W178_V03_P10,major_semantic
W178,P01,W178_V03_P01,W178_V04_P01,semantic
W178,P02,W178_V03_P02,W178_V04_P02,numeric
W178,P03,W178_V03_P03,W178_V04_P03,major_semantic
W178,P04,W178_V03_P04,W178_V04_P04,reordering
W178,P05,W178_V03_P05,W178_V04_P05,date_time
W178,P06,W178_V03_P06,W178_V04_P06,deletion
W178,P07,W178_V03_P07,W178_V04_P07,addition
W178,P08,W178_V03_P08,W178_V04_P08,requirement
W178,P09,W178_V03_P09,W178_V04_P09,policy
W178,P10,W178_V03_P10,W178_V04_P10,semantic
W178,P01,W178_V04_P01,W178_V05_P01,requirement
W178,P02,W178_V04_P02,W178_V05_P02,policy
W178,P03,W178_V04_P03,W178_V05_P03,semantic
W178,P04,W178_V04_P04,W178_V05_P04,numeric
W178,P05,W178_V04_P05,W178_V05_P05,major_semantic
W178,P06,W178_V04_P06,W178_V05_P06,reordering
W178,P07,W178_V04_P07,W178_V05_P07,date_time
W178,P08,W178_V04_P08,W178_V05_P08,deletion
W178,P09,W178_V04_P09,W178_V05_P09,addition
W178,P10,W178_V04_P10,W178_V05_P10,requirement
W178,P01,W178_V05_P01,W178_V06_P01,deletion
W178,P02,W178_V05_P02,W178_V06_P02,addition
W178,P03,W178_V05_P03,W178_V06_P03,requirement
W178,P04,W178_V05_P04,W178_V06_P04,policy
W178,P05,W178_V05_P05,W178_V06_P05,semantic
W178,P06,W178_V05_P06,W178_V06_P06,numeric
W178,P07,W178_V05_P07,W178_V06_P07,major_semantic
W178,P08,W178_V05_P08,W178_V06_P08,reordering
W178,P09,W178_V05_P09,W178_V06_P09,date_time
W178,P10,W178_V05_P10,W178_V06_P10,deletion
W178,P01,W178_V06_P01,W178_V07_P01,reordering
W178,P02,W178_V06_P02,W178_V07_P02,date_time
W178,P03,W178_V06_P03,W178_V07_P03,deletion
W178,P04,W178_V06_P04,W178_V07_P04,addition
W178,P05,W178_V06_P05,W178_V07_P05,requirement
W178,P06,W178_V06_P06,W178_V07_P06,policy
W178,P07,W178_V06_P07,W178_V07_P07,semantic
W178,P08,W178_V06_P08,W178_V07_P08,numeric
W178,P09,W178_V06_P09,W178_V07_P09,major_semantic
W178,P10,W178_V06_P10,W178_V07_P10,reordering
W178,P01,W178_V07_P01,W178_V08_P01,numeric
W178,P02,W178_V07_P02,W178_V08_P02,major_semantic
W178,P03,W178_V07_P03,W178_V08_P03,reordering
W178,P04,W178_V07_P04,W178_V08_P04,date_time
W178,P05,W178_V07_P05,W178_V08_P05,deletion
W178,P06,W178_V07_P06,W178_V08_P06,addition
W178,P07,W178_V07_P07,W178_V08_P07,requirement
W178,P08,W178_V07_P08,W178_V08_P08,policy
W178,P09,W178_V07_P09,W178_V08_P09,semantic
W178,P10,W178_V07_P10,W178_V08_P10,numeric
W178,P01,W178_V08_P01,W178_V09_P01,policy
W178,P02,W178_V08_P02,W178_V09_P02,semantic
W178,P03,W178_V08_P03,W178_V09_P03,numeric
W178,P04,W178_V08_P04,W178_V09_P04,major_semantic
W178,P05,W178_V08_P05,W178_V09_P05,reordering
W178,P06,W178_V08_P06,W178_V09_P06,date_time
W178,P07,W178_V08_P07,W178_V09_P07,deletion
W178,P08,W178_V08_P08,W178_V09_P08,addition
W178,P09,W178_V08_P09,W178_V09_P09,requirement
W178,P10,W178_V08_P10,W178_V09_P10,policy
W178,P01,W178_V09_P01,W178_V10_P01,addition
W178,P02,W178_V09_P02,W178_V10_P02,requirement
W178,P03,W178_V09_P03,W178_V10_P03,policy
W178,P04,W178_V09_P04,W178_V10_P04,semantic
W178,P05,W178_V09_P05,W178_V10_P05,numeric
W178,P06,W178_V09_P06,W178_V10_P06,major_semantic
W178,P07,W178_V09_P07,W178_V10_P07,reordering
W178,P08,W178_V09_P08,W178_V10_P08,date_time
W178,P09,W178_V09_P09,W178_V10_P09,deletion
W178,P10,W178_V09_P10,W178_V10_P10,addition
W179,P01,W179_V01_P01,W179_V02_P01,deletion
W179,P02,W179_V01_P02,W179_V02_P02,addition
W179,P03,W179_V01_P03,W179_V02_P03,requirement
W179,P04,W179_V01_P04,W179_V02_P04,policy
W179,P05,W179_V01_P05,W179_V02_P05,semantic
W179,P06,W179_V01_P06,W179_V02_P06,numeric
W179,P07,W179_V01_P07,W179_V02_P07,major_semantic
W179,P08,W179_V01_P08,W179_V02_P08,reordering
W179,P09,W179_V01_P09,W179_V02_P09,date_time
W179,P10,W179_V01_P10,W179_V02_P10,deletion
W179,P01,W179_V02_P01,W179_V03_P01,reordering
W179,P02,W179_V02_P02,W179_V03_P02,date_time
W179,P03,W179_V02_P03,W179_V03_P03,deletion
W179,P04,W179_V02_P04,W179_V03_P04,addition
W179,P05,W179_V02_P05,W179_V03_P05,requirement
W179,P06,W179_V02_P06,W179_V03_P06,policy
W179,P07,W179_V02_P07,W179_V03_P07,semantic
W179,P08,W179_V02_P08,W179_V03_P08,numeric
W179,P09,W179_V02_P09,W179_V03_P09,major_semantic
W179,P10,W179_V02_P10,W179_V03_P10,reordering
W179,P01,W179_V03_P01,W179_V04_P01,numeric
W179,P02,W179_V03_P02,W179_V04_P02,major_semantic
W179,P03,W179_V03_P03,W179_V04_P03,reordering
W179,P04,W179_V03_P04,W179_V04_P04,date_time
W179,P05,W179_V03_P05,W179_V04_P05,deletion
W179,P06,W179_V03_P06,W179_V04_P06,addition
W179,P07,W179_V03_P07,W179_V04_P07,requirement
W179,P08,W179_V03_P08,W179_V04_P08,policy
W179,P09,W179_V03_P09,W179_V04_P09,semantic
W179,P10,W179_V03_P10,W179_V04_P10,numeric
W179,P01,W179_V04_P01,W179_V05_P01,policy
W179,P02,W179_V04_P02,W179_V05_P02,semantic
W179,P03,W179_V04_P03,W179_V05_P03,numeric
W179,P04,W179_V04_P04,W179_V05_P04,major_semantic
W179,P05,W179_V04_P05,W179_V05_P05,reordering
W179,P06,W179_V04_P06,W179_V05_P06,date_time
W179,P07,W179_V04_P07,W179_V05_P07,deletion
W179,P08,W179_V04_P08,W179_V05_P08,addition
W179,P09,W179_V04_P09,W179_V05_P09,requirement
W179,P10,W179_V04_P10,W179_V05_P10,policy
W179,P01,W179_V05_P01,W179_V06_P01,addition
W179,P02,W179_V05_P02,W179_V06_P02,requirement
W179,P03,W179_V05_P03,W179_V06_P03,policy
W179,P04,W179_V05_P04,W179_V06_P04,semantic
W179,P05,W179_V05_P05,W179_V06_P05,numeric
W179,P06,W179_V05_P06,W179_V06_P06,major_semantic
W179,P07,W179_V05_P07,W179_V06_P07,reordering
W179,P08,W179_V05_P08,W179_V06_P08,date_time
W179,P09,W179_V05_P09,W179_V06_P09,deletion
W179,P10,W179_V05_P10,W179_V06_P10,addition
W179,P01,W179_V06_P01,W179_V07_P01,date_time
W179,P02,W179_V06_P02,W179_V07_P02,deletion
W179,P03,W179_V06_P03,W179_V07_P03,addition
W179,P04,W179_V06_P04,W179_V07_P04,requirement
W179,P05,W179_V06_P05,W179_V07_P05,policy
W179,P06,W179_V06_P06,W179_V07_P06,semantic
W179,P07,W179_V06_P07,W179_V07_P07,numeric
W179,P08,W179_V06_P08,W179_V07_P08,major_semantic
W179,P09,W179_V06_P09,W179_V07_P09,reordering
W179,P10,W179_V06_P10,W179_V07_P10,date_time
W179,P01,W179_V07_P01,W179_V08_P01,major_semantic
W179,P02,W179_V07_P02,W179_V08_P02,reordering
W179,P03,W179_V07_P03,W179_V08_P03,date_time
W179,P04,W179_V07_P04,W179_V08_P04,deletion
W179,P05,W179_V07_P05,W179_V08_P05,addition
W179,P06,W179_V07_P06,W179_V08_P06,requirement
W179,P07,W179_V07_P07,W179_V08_P07,policy
W179,P08,W179_V07_P08,W179_V08_P08,semantic
W179,P09,W179_V07_P09,W179_V08_P09,numeric
W179,P10,W179_V07_P10,W179_V08_P10,major_semantic
W179,P01,W179_V08_P01,W179_V09_P01,semantic
W179,P02,W179_V08_P02,W179_V09_P02,numeric
W179,P03,W179_V08_P03,W179_V09_P03,major_semantic
W179,P04,W179_V08_P04,W179_V09_P04,reordering
W179,P05,W179_V08_P05,W179_V09_P05,date_time
W179,P06,W179_V08_P06,W179_V09_P06,deletion
W179,P07,W179_V08_P07,W179_V09_P07,addition
W179,P08,W179_V08_P08,W179_V09_P08,requirement
W179,P09,W179_V08_P09,W179_V09_P09,policy
W179,P10,W179_V08_P10,W179_V09_P10,semantic
W179,P01,W179_V09_P01,W179_V10_P01,requirement
W179,P02,W179_V09_P02,W179_V10_P02,policy
W179,P03,W179_V09_P03,W179_V10_P03,semantic
W179,P04,W179_V09_P04,W179_V10_P04,numeric
W179,P05,W179_V09_P05,W179_V10_P05,major_semantic
W179,P06,W179_V09_P06,W179_V10_P06,reordering
W179,P07,W179_V09_P07,W179_V10_P07,date_time
W179,P08,W179_V09_P08,W179_V10_P08,deletion
W179,P09,W179_V09_P09,W179_V10_P09,addition
W179,P10,W179_V09_P10,W179_V10_P10,requirement
W180,P01,W180_V01_P01,W180_V02_P01,addition
W180,P02,W180_V01_P02,W180_V02_P02,requirement
W180,P03,W180_V01_P03,W180_V02_P03,policy
W180,P04,W180_V01_P04,W180_V02_P04,semantic
W180,P05,W180_V01_P05,W180_V02_P05,numeric
W180,P06,W180_V01_P06,W180_V02_P06,major_semantic
W180,P07,W180_V01_P07,W180_V02_P07,reordering
W180,P08,W180_V01_P08,W180_V02_P08,date_time
W180,P09,W180_V01_P09,W180_V02_P09,deletion
W180,P10,W180_V01_P10,W180_V02_P10,addition
W180,P01,W180_V02_P01,W180_V03_P01,date_time
W180,P02,W180_V02_P02,W180_V03_P02,deletion
W180,P03,W180_V02_P03,W180_V03_P03,addition
W180,P04,W180_V02_P04,W180_V03_P04,requirement
W180,P05,W180_V02_P05,W180_V03_P05,policy
W180,P06,W180_V02_P06,W180_V03_P06,semantic
W180,P07,W180_V02_P07,W180_V03_P07,numeric
W180,P08,W180_V02_P08,W180_V03_P08,major_semantic
W180,P09,W180_V02_P09,W180_V03_P09,reordering
W180,P10,W180_V02_P10,W180_V03_P10,date_time
W180,P01,W180_V03_P01,W180_V04_P01,major_semantic
W180,P02,W180_V03_P02,W180_V04_P02,reordering
W180,P03,W180_V03_P03,W180_V04_P03,date_time
W180,P04,W180_V03_P04,W180_V04_P04,deletion
W180,P05,W180_V03_P05,W180_V04_P05,addition
W180,P06,W180_V03_P06,W180_V04_P06,requirement
W180,P07,W180_V03_P07,W180_V04_P07,policy
W180,P08,W180_V03_P08,W180_V04_P08,semantic
W180,P09,W180_V03_P09,W180_V04_P09,numeric
W180,P10,W180_V03_P10,W180_V04_P10,major_semantic
W180,P01,W180_V04_P01,W180_V05_P01,semantic
W180,P02,W180_V04_P02,W180_V05_P02,numeric
W180,P03,W180_V04_P03,W180_V05_P03,major_semantic
W180,P04,W180_V04_P04,W180_V05_P04,reordering
W180,P05,W180_V04_P05,W180_V05_P05,date_time
W180,P06,W180_V04_P06,W180_V05_P06,deletion
W180,P07,W180_V04_P07,W180_V05_P07,addition
W180,P08,W180_V04_P08,W180_V05_P08,requirement
W180,P09,W180_V04_P09,W180_V05_P09,policy
W180,P10,W180_V04_P10,W180_V05_P10,semantic
W180,P01,W180_V05_P01,W180_V06_P01,requirement
W180,P02,W180_V05_P02,W180_V06_P02,policy
W180,P03,W180_V05_P03,W180_V06_P03,semantic
W180,P04,W180_V05_P04,W180_V06_P04,numeric
W180,P05,W180_V05_P05,W180_V06_P05,major_semantic
W180,P06,W180_V05_P06,W180_V06_P06,reordering
W180,P07,W180_V05_P07,W180_V06_P07,date_time
W180,P08,W180_V05_P08,W180_V06_P08,deletion
W180,P09,W180_V05_P09,W180_V06_P09,addition
W180,P10,W180_V05_P10,W180_V06_P10,requirement
W180,P01,W180_V06_P01,W180_V07_P01,deletion
W180,P02,W180_V06_P02,W180_V07_P02,addition
W180,P03,W180_V06_P03,W180_V07_P03,requirement
W180,P04,W180_V06_P04,W180_V07_P04,policy
W180,P05,W180_V06_P05,W180_V07_P05,semantic
W180,P06,W180_V06_P06,W180_V07_P06,numeric
W180,P07,W180_V06_P07,W180_V07_P07,major_semantic
W180,P08,W180_V06_P08,W180_V07_P08,reordering
W180,P09,W180_V06_P09,W180_V07_P09,date_time
W180,P10,W180_V06_P10,W180_V07_P10,deletion
W180,P01,W180_V07_P01,W180_V08_P01,reordering
W180,P02,W180_V07_P02,W180_V08_P02,date_time
W180,P03,W180_V07_P03,W180_V08_P03,deletion
W180,P04,W180_V07_P04,W180_V08_P04,addition
W180,P05,W180_V07_P05,W180_V08_P05,requirement
W180,P06,W180_V07_P06,W180_V08_P06,policy
W180,P07,W180_V07_P07,W180_V08_P07,semantic
W180,P08,W180_V07_P08,W180_V08_P08,numeric
W180,P09,W180_V07_P09,W180_V08_P09,major_semantic
W180,P10,W180_V07_P10,W180_V08_P10,reordering
W180,P01,W180_V08_P01,W180_V09_P01,numeric
W180,P02,W180_V08_P02,W180_V09_P02,major_semantic
W180,P03,W180_V08_P03,W180_V09_P03,reordering
W180,P04,W180_V08_P04,W180_V09_P04,date_time
W180,P05,W180_V08_P05,W180_V09_P05,deletion
W180,P06,W180_V08_P06,W180_V09_P06,addition
W180,P07,W180_V08_P07,W180_V09_P07,requirement
W180,P08,W180_V08_P08,W180_V09_P08,policy
W180,P09,W180_V08_P09,W180_V09_P09,semantic
W180,P10,W180_V08_P10,W180_V09_P10,numeric
W180,P01,W180_V09_P01,W180_V10_P01,policy
W180,P02,W180_V09_P02,W180_V10_P02,semantic
W180,P03,W180_V09_P03,W180_V10_P03,numeric
W180,P04,W180_V09_P04,W180_V10_P04,major_semantic
W180,P05,W180_V09_P05,W180_V10_P05,reordering
W180,P06,W180_V09_P06,W180_V10_P06,date_time
W180,P07,W180_V09_P07,W180_V10_P07,deletion
W180,P08,W180_V09_P08,W180_V10_P08,addition
W180,P09,W180_V09_P09,W180_V10_P09,requirement
W180,P10,W180_V09_P10,W180_V10_P10,policy
W181,P01,W181_V01_P01,W181_V02_P01,requirement
W181,P02,W181_V01_P02,W181_V02_P02,policy
W181,P03,W181_V01_P03,W181_V02_P03,semantic
W181,P04,W181_V01_P04,W181_V02_P04,numeric
W181,P05,W181_V01_P05,W181_V02_P05,major_semantic
W181,P06,W181_V01_P06,W181_V02_P06,reordering
W181,P07,W181_V01_P07,W181_V02_P07,date_time
W181,P08,W181_V01_P08,W181_V02_P08,deletion
W181,P09,W181_V01_P09,W181_V02_P09,addition
W181,P10,W181_V01_P10,W181_V02_P10,requirement
W181,P01,W181_V02_P01,W181_V03_P01,deletion
W181,P02,W181_V02_P02,W181_V03_P02,addition
W181,P03,W181_V02_P03,W181_V03_P03,requirement
W181,P04,W181_V02_P04,W181_V03_P04,policy
W181,P05,W181_V02_P05,W181_V03_P05,semantic
W181,P06,W181_V02_P06,W181_V03_P06,numeric
W181,P07,W181_V02_P07,W181_V03_P07,major_semantic
W181,P08,W181_V02_P08,W181_V03_P08,reordering
W181,P09,W181_V02_P09,W181_V03_P09,date_time
W181,P10,W181_V02_P10,W181_V03_P10,deletion
W181,P01,W181_V03_P01,W181_V04_P01,reordering
W181,P02,W181_V03_P02,W181_V04_P02,date_time
W181,P03,W181_V03_P03,W181_V04_P03,deletion
W181,P04,W181_V03_P04,W181_V04_P04,addition
W181,P05,W181_V03_P05,W181_V04_P05,requirement
W181,P06,W181_V03_P06,W181_V04_P06,policy
W181,P07,W181_V03_P07,W181_V04_P07,semantic
W181,P08,W181_V03_P08,W181_V04_P08,numeric
W181,P09,W181_V03_P09,W181_V04_P09,major_semantic
W181,P10,W181_V03_P10,W181_V04_P10,reordering
W181,P01,W181_V04_P01,W181_V05_P01,numeric
W181,P02,W181_V04_P02,W181_V05_P02,major_semantic
W181,P03,W181_V04_P03,W181_V05_P03,reordering
W181,P04,W181_V04_P04,W181_V05_P04,date_time
W181,P05,W181_V04_P05,W181_V05_P05,deletion
W181,P06,W181_V04_P06,W181_V05_P06,addition
W181,P07,W181_V04_P07,W181_V05_P07,requirement
W181,P08,W181_V04_P08,W181_V05_P08,policy
W181,P09,W181_V04_P09,W181_V05_P09,semantic
W181,P10,W181_V04_P10,W181_V05_P10,numeric
W181,P01,W181_V05_P01,W181_V06_P01,policy
W181,P02,W181_V05_P02,W181_V06_P02,semantic
W181,P03,W181_V05_P03,W181_V06_P03,numeric
W181,P04,W181_V05_P04,W181_V06_P04,major_semantic
W181,P05,W181_V05_P05,W181_V06_P05,reordering
W181,P06,W181_V05_P06,W181_V06_P06,date_time
W181,P07,W181_V05_P07,W181_V06_P07,deletion
W181,P08,W181_V05_P08,W181_V06_P08,addition
W181,P09,W181_V05_P09,W181_V06_P09,requirement
W181,P10,W181_V05_P10,W181_V06_P10,policy
W181,P01,W181_V06_P01,W181_V07_P01,addition
W181,P02,W181_V06_P02,W181_V07_P02,requirement
W181,P03,W181_V06_P03,W181_V07_P03,policy
W181,P04,W181_V06_P04,W181_V07_P04,semantic
W181,P05,W181_V06_P05,W181_V07_P05,numeric
W181,P06,W181_V06_P06,W181_V07_P06,major_semantic
W181,P07,W181_V06_P07,W181_V07_P07,reordering
W181,P08,W181_V06_P08,W181_V07_P08,date_time
W181,P09,W181_V06_P09,W181_V07_P09,deletion
W181,P10,W181_V06_P10,W181_V07_P10,addition
W181,P01,W181_V07_P01,W181_V08_P01,date_time
W181,P02,W181_V07_P02,W181_V08_P02,deletion
W181,P03,W181_V07_P03,W181_V08_P03,addition
W181,P04,W181_V07_P04,W181_V08_P04,requirement
W181,P05,W181_V07_P05,W181_V08_P05,policy
W181,P06,W181_V07_P06,W181_V08_P06,semantic
W181,P07,W181_V07_P07,W181_V08_P07,numeric
W181,P08,W181_V07_P08,W181_V08_P08,major_semantic
W181,P09,W181_V07_P09,W181_V08_P09,reordering
W181,P10,W181_V07_P10,W181_V08_P10,date_time
W181,P01,W181_V08_P01,W181_V09_P01,major_semantic
W181,P02,W181_V08_P02,W181_V09_P02,reordering
W181,P03,W181_V08_P03,W181_V09_P03,date_time
W181,P04,W181_V08_P04,W181_V09_P04,deletion
W181,P05,W181_V08_P05,W181_V09_P05,addition
W181,P06,W181_V08_P06,W181_V09_P06,requirement
W181,P07,W181_V08_P07,W181_V09_P07,policy
W181,P08,W181_V08_P08,W181_V09_P08,semantic
W181,P09,W181_V08_P09,W181_V09_P09,numeric
W181,P10,W181_V08_P10,W181_V09_P10,major_semantic
W181,P01,W181_V09_P01,W181_V10_P01,semantic
W181,P02,W181_V09_P02,W181_V10_P02,numeric
W181,P03,W181_V09_P03,W181_V10_P03,major_semantic
W181,P04,W181_V09_P04,W181_V10_P04,reordering
W181,P05,W181_V09_P05,W181_V10_P05,date_time
W181,P06,W181_V09_P06,W181_V10_P06,deletion
W181,P07,W181_V09_P07,W181_V10_P07,addition
W181,P08,W181_V09_P08,W181_V10_P08,requirement
W181,P09,W181_V09_P09,W181_V10_P09,policy
W181,P10,W181_V09_P10,W181_V10_P10,semantic
W182,P01,W182_V01_P01,W182_V02_P01,policy
W182,P02,W182_V01_P02,W182_V02_P02,semantic
W182,P03,W182_V01_P03,W182_V02_P03,numeric
W182,P04,W182_V01_P04,W182_V02_P04,major_semantic
W182,P05,W182_V01_P05,W182_V02_P05,reordering
W182,P06,W182_V01_P06,W182_V02_P06,date_time
W182,P07,W182_V01_P07,W182_V02_P07,deletion
W182,P08,W182_V01_P08,W182_V02_P08,addition
W182,P09,W182_V01_P09,W182_V02_P09,requirement
W182,P10,W182_V01_P10,W182_V02_P10,policy
W182,P01,W182_V02_P01,W182_V03_P01,addition
W182,P02,W182_V02_P02,W182_V03_P02,requirement
W182,P03,W182_V02_P03,W182_V03_P03,policy
W182,P04,W182_V02_P04,W182_V03_P04,semantic
W182,P05,W182_V02_P05,W182_V03_P05,numeric
W182,P06,W182_V02_P06,W182_V03_P06,major_semantic
W182,P07,W182_V02_P07,W182_V03_P07,reordering
W182,P08,W182_V02_P08,W182_V03_P08,date_time
W182,P09,W182_V02_P09,W182_V03_P09,deletion
W182,P10,W182_V02_P10,W182_V03_P10,addition
W182,P01,W182_V03_P01,W182_V04_P01,date_time
W182,P02,W182_V03_P02,W182_V04_P02,deletion
W182,P03,W182_V03_P03,W182_V04_P03,addition
W182,P04,W182_V03_P04,W182_V04_P04,requirement
W182,P05,W182_V03_P05,W182_V04_P05,policy
W182,P06,W182_V03_P06,W182_V04_P06,semantic
W182,P07,W182_V03_P07,W182_V04_P07,numeric
W182,P08,W182_V03_P08,W182_V04_P08,major_semantic
W182,P09,W182_V03_P09,W182_V04_P09,reordering
W182,P10,W182_V03_P10,W182_V04_P10,date_time
W182,P01,W182_V04_P01,W182_V05_P01,major_semantic
W182,P02,W182_V04_P02,W182_V05_P02,reordering
W182,P03,W182_V04_P03,W182_V05_P03,date_time
W182,P04,W182_V04_P04,W182_V05_P04,deletion
W182,P05,W182_V04_P05,W182_V05_P05,addition
W182,P06,W182_V04_P06,W182_V05_P06,requirement
W182,P07,W182_V04_P07,W182_V05_P07,policy
W182,P08,W182_V04_P08,W182_V05_P08,semantic
W182,P09,W182_V04_P09,W182_V05_P09,numeric
W182,P10,W182_V04_P10,W182_V05_P10,major_semantic
W182,P01,W182_V05_P01,W182_V06_P01,semantic
W182,P02,W182_V05_P02,W182_V06_P02,numeric
W182,P03,W182_V05_P03,W182_V06_P03,major_semantic
W182,P04,W182_V05_P04,W182_V06_P04,reordering
W182,P05,W182_V05_P05,W182_V06_P05,date_time
W182,P06,W182_V05_P06,W182_V06_P06,deletion
W182,P07,W182_V05_P07,W182_V06_P07,addition
W182,P08,W182_V05_P08,W182_V06_P08,requirement
W182,P09,W182_V05_P09,W182_V06_P09,policy
W182,P10,W182_V05_P10,W182_V06_P10,semantic
W182,P01,W182_V06_P01,W182_V07_P01,requirement
W182,P02,W182_V06_P02,W182_V07_P02,policy
W182,P03,W182_V06_P03,W182_V07_P03,semantic
W182,P04,W182_V06_P04,W182_V07_P04,numeric
W182,P05,W182_V06_P05,W182_V07_P05,major_semantic
W182,P06,W182_V06_P06,W182_V07_P06,reordering
W182,P07,W182_V06_P07,W182_V07_P07,date_time
W182,P08,W182_V06_P08,W182_V07_P08,deletion
W182,P09,W182_V06_P09,W182_V07_P09,addition
W182,P10,W182_V06_P10,W182_V07_P10,requirement
W182,P01,W182_V07_P01,W182_V08_P01,deletion
W182,P02,W182_V07_P02,W182_V08_P02,addition
W182,P03,W182_V07_P03,W182_V08_P03,requirement
W182,P04,W182_V07_P04,W182_V08_P04,policy
W182,P05,W182_V07_P05,W182_V08_P05,semantic
W182,P06,W182_V07_P06,W182_V08_P06,numeric
W182,P07,W182_V07_P07,W182_V08_P07,major_semantic
W182,P08,W182_V07_P08,W182_V08_P08,reordering
W182,P09,W182_V07_P09,W182_V08_P09,date_time
W182,P10,W182_V07_P10,W182_V08_P10,deletion
W182,P01,W182_V08_P01,W182_V09_P01,reordering
W182,P02,W182_V08_P02,W182_V09_P02,date_time
W182,P03,W182_V08_P03,W182_V09_P03,deletion
W182,P04,W182_V08_P04,W182_V09_P04,addition
W182,P05,W182_V08_P05,W182_V09_P05,requirement
W182,P06,W182_V08_P06,W182_V09_P06,policy
W182,P07,W182_V08_P07,W182_V09_P07,semantic
W182,P08,W182_V08_P08,W182_V09_P08,numeric
W182,P09,W182_V08_P09,W182_V09_P09,major_semantic
W182,P10,W182_V08_P10,W182_V09_P10,reordering
W182,P01,W182_V09_P01,W182_V10_P01,numeric
W182,P02,W182_V09_P02,W182_V10_P02,major_semantic
W182,P03,W182_V09_P03,W182_V10_P03,reordering
W182,P04,W182_V09_P04,W182_V10_P04,date_time
W182,P05,W182_V09_P05,W182_V10_P05,deletion
W182,P06,W182_V09_P06,W182_V10_P06,addition
W182,P07,W182_V09_P07,W182_V10_P07,requirement
W182,P08,W182_V09_P08,W182_V10_P08,policy
W182,P09,W182_V09_P09,W182_V10_P09,semantic
W182,P10,W182_V09_P10,W182_V10_P10,numeric
W183,P01,W183_V01_P01,W183_V02_P01,semantic
W183,P02,W183_V01_P02,W183_V02_P02,numeric
W183,P03,W183_V01_P03,W183_V02_P03,major_semantic
W183,P04,W183_V01_P04,W183_V02_P04,reordering
W183,P05,W183_V01_P05,W183_V02_P05,date_time
W183,P06,W183_V01_P06,W183_V02_P06,deletion
W183,P07,W183_V01_P07,W183_V02_P07,addition
W183,P08,W183_V01_P08,W183_V02_P08,requirement
W183,P09,W183_V01_P09,W183_V02_P09,policy
W183,P10,W183_V01_P10,W183_V02_P10,semantic
W183,P01,W183_V02_P01,W183_V03_P01,requirement
W183,P02,W183_V02_P02,W183_V03_P02,policy
W183,P03,W183_V02_P03,W183_V03_P03,semantic
W183,P04,W183_V02_P04,W183_V03_P04,numeric
W183,P05,W183_V02_P05,W183_V03_P05,major_semantic
W183,P06,W183_V02_P06,W183_V03_P06,reordering
W183,P07,W183_V02_P07,W183_V03_P07,date_time
W183,P08,W183_V02_P08,W183_V03_P08,deletion
W183,P09,W183_V02_P09,W183_V03_P09,addition
W183,P10,W183_V02_P10,W183_V03_P10,requirement
W183,P01,W183_V03_P01,W183_V04_P01,deletion
W183,P02,W183_V03_P02,W183_V04_P02,addition
W183,P03,W183_V03_P03,W183_V04_P03,requirement
W183,P04,W183_V03_P04,W183_V04_P04,policy
W183,P05,W183_V03_P05,W183_V04_P05,semantic
W183,P06,W183_V03_P06,W183_V04_P06,numeric
W183,P07,W183_V03_P07,W183_V04_P07,major_semantic
W183,P08,W183_V03_P08,W183_V04_P08,reordering
W183,P09,W183_V03_P09,W183_V04_P09,date_time
W183,P10,W183_V03_P10,W183_V04_P10,deletion
W183,P01,W183_V04_P01,W183_V05_P01,reordering
W183,P02,W183_V04_P02,W183_V05_P02,date_time
W183,P03,W183_V04_P03,W183_V05_P03,deletion
W183,P04,W183_V04_P04,W183_V05_P04,addition
W183,P05,W183_V04_P05,W183_V05_P05,requirement
W183,P06,W183_V04_P06,W183_V05_P06,policy
W183,P07,W183_V04_P07,W183_V05_P07,semantic
W183,P08,W183_V04_P08,W183_V05_P08,numeric
W183,P09,W183_V04_P09,W183_V05_P09,major_semantic
W183,P10,W183_V04_P10,W183_V05_P10,reordering
W183,P01,W183_V05_P01,W183_V06_P01,numeric
W183,P02,W183_V05_P02,W183_V06_P02,major_semantic
W183,P03,W183_V05_P03,W183_V06_P03,reordering
W183,P04,W183_V05_P04,W183_V06_P04,date_time
W183,P05,W183_V05_P05,W183_V06_P05,deletion
W183,P06,W183_V05_P06,W183_V06_P06,addition
W183,P07,W183_V05_P07,W183_V06_P07,requirement
W183,P08,W183_V05_P08,W183_V06_P08,policy
W183,P09,W183_V05_P09,W183_V06_P09,semantic
W183,P10,W183_V05_P10,W183_V06_P10,numeric
W183,P01,W183_V06_P01,W183_V07_P01,policy
W183,P02,W183_V06_P02,W183_V07_P02,semantic
W183,P03,W183_V06_P03,W183_V07_P03,numeric
W183,P04,W183_V06_P04,W183_V07_P04,major_semantic
W183,P05,W183_V06_P05,W183_V07_P05,reordering
W183,P06,W183_V06_P06,W183_V07_P06,date_time
W183,P07,W183_V06_P07,W183_V07_P07,deletion
W183,P08,W183_V06_P08,W183_V07_P08,addition
W183,P09,W183_V06_P09,W183_V07_P09,requirement
W183,P10,W183_V06_P10,W183_V07_P10,policy
W183,P01,W183_V07_P01,W183_V08_P01,addition
W183,P02,W183_V07_P02,W183_V08_P02,requirement
W183,P03,W183_V07_P03,W183_V08_P03,policy
W183,P04,W183_V07_P04,W183_V08_P04,semantic
W183,P05,W183_V07_P05,W183_V08_P05,numeric
W183,P06,W183_V07_P06,W183_V08_P06,major_semantic
W183,P07,W183_V07_P07,W183_V08_P07,reordering
W183,P08,W183_V07_P08,W183_V08_P08,date_time
W183,P09,W183_V07_P09,W183_V08_P09,deletion
W183,P10,W183_V07_P10,W183_V08_P10,addition
W183,P01,W183_V08_P01,W183_V09_P01,date_time
W183,P02,W183_V08_P02,W183_V09_P02,deletion
W183,P03,W183_V08_P03,W183_V09_P03,addition
W183,P04,W183_V08_P04,W183_V09_P04,requirement
W183,P05,W183_V08_P05,W183_V09_P05,policy
W183,P06,W183_V08_P06,W183_V09_P06,semantic
W183,P07,W183_V08_P07,W183_V09_P07,numeric
W183,P08,W183_V08_P08,W183_V09_P08,major_semantic
W183,P09,W183_V08_P09,W183_V09_P09,reordering
W183,P10,W183_V08_P10,W183_V09_P10,date_time
W183,P01,W183_V09_P01,W183_V10_P01,major_semantic
W183,P02,W183_V09_P02,W183_V10_P02,reordering
W183,P03,W183_V09_P03,W183_V10_P03,date_time
W183,P04,W183_V09_P04,W183_V10_P04,deletion
W183,P05,W183_V09_P05,W183_V10_P05,addition
W183,P06,W183_V09_P06,W183_V10_P06,requirement
W183,P07,W183_V09_P07,W183_V10_P07,policy
W183,P08,W183_V09_P08,W183_V10_P08,semantic
W183,P09,W183_V09_P09,W183_V10_P09,numeric
W183,P10,W183_V09_P10,W183_V10_P10,major_semantic
W184,P01,W184_V01_P01,W184_V02_P01,numeric
W184,P02,W184_V01_P02,W184_V02_P02,major_semantic
W184,P03,W184_V01_P03,W184_V02_P03,reordering
W184,P04,W184_V01_P04,W184_V02_P04,date_time
W184,P05,W184_V01_P05,W184_V02_P05,deletion
W184,P06,W184_V01_P06,W184_V02_P06,addition
W184,P07,W184_V01_P07,W184_V02_P07,requirement
W184,P08,W184_V01_P08,W184_V02_P08,policy
W184,P09,W184_V01_P09,W184_V02_P09,semantic
W184,P10,W184_V01_P10,W184_V02_P10,numeric
W184,P01,W184_V02_P01,W184_V03_P01,policy
W184,P02,W184_V02_P02,W184_V03_P02,semantic
W184,P03,W184_V02_P03,W184_V03_P03,numeric
W184,P04,W184_V02_P04,W184_V03_P04,major_semantic
W184,P05,W184_V02_P05,W184_V03_P05,reordering
W184,P06,W184_V02_P06,W184_V03_P06,date_time
W184,P07,W184_V02_P07,W184_V03_P07,deletion
W184,P08,W184_V02_P08,W184_V03_P08,addition
W184,P09,W184_V02_P09,W184_V03_P09,requirement
W184,P10,W184_V02_P10,W184_V03_P10,policy
W184,P01,W184_V03_P01,W184_V04_P01,addition
W184,P02,W184_V03_P02,W184_V04_P02,requirement
W184,P03,W184_V03_P03,W184_V04_P03,policy
W184,P04,W184_V03_P04,W184_V04_P04,semantic
W184,P05,W184_V03_P05,W184_V04_P05,numeric
W184,P06,W184_V03_P06,W184_V04_P06,major_semantic
W184,P07,W184_V03_P07,W184_V04_P07,reordering
W184,P08,W184_V03_P08,W184_V04_P08,date_time
W184,P09,W184_V03_P09,W184_V04_P09,deletion
W184,P10,W184_V03_P10,W184_V04_P10,addition
W184,P01,W184_V04_P01,W184_V05_P01,date_time
W184,P02,W184_V04_P02,W184_V05_P02,deletion
W184,P03,W184_V04_P03,W184_V05_P03,addition
W184,P04,W184_V04_P04,W184_V05_P04,requirement
W184,P05,W184_V04_P05,W184_V05_P05,policy
W184,P06,W184_V04_P06,W184_V05_P06,semantic
W184,P07,W184_V04_P07,W184_V05_P07,numeric
W184,P08,W184_V04_P08,W184_V05_P08,major_semantic
W184,P09,W184_V04_P09,W184_V05_P09,reordering
W184,P10,W184_V04_P10,W184_V05_P10,date_time
W184,P01,W184_V05_P01,W184_V06_P01,major_semantic
W184,P02,W184_V05_P02,W184_V06_P02,reordering
W184,P03,W184_V05_P03,W184_V06_P03,date_time
W184,P04,W184_V05_P04,W184_V06_P04,deletion
W184,P05,W184_V05_P05,W184_V06_P05,addition
W184,P06,W184_V05_P06,W184_V06_P06,requirement
W184,P07,W184_V05_P07,W184_V06_P07,policy
W184,P08,W184_V05_P08,W184_V06_P08,semantic
W184,P09,W184_V05_P09,W184_V06_P09,numeric
W184,P10,W184_V05_P10,W184_V06_P10,major_semantic
W184,P01,W184_V06_P01,W184_V07_P01,semantic
W184,P02,W184_V06_P02,W184_V07_P02,numeric
W184,P03,W184_V06_P03,W184_V07_P03,major_semantic
W184,P04,W184_V06_P04,W184_V07_P04,reordering
W184,P05,W184_V06_P05,W184_V07_P05,date_time
W184,P06,W184_V06_P06,W184_V07_P06,deletion
W184,P07,W184_V06_P07,W184_V07_P07,addition
W184,P08,W184_V06_P08,W184_V07_P08,requirement
W184,P09,W184_V06_P09,W184_V07_P09,policy
W184,P10,W184_V06_P10,W184_V07_P10,semantic
W184,P01,W184_V07_P01,W184_V08_P01,requirement
W184,P02,W184_V07_P02,W184_V08_P02,policy
W184,P03,W184_V07_P03,W184_V08_P03,semantic
W184,P04,W184_V07_P04,W184_V08_P04,numeric
W184,P05,W184_V07_P05,W184_V08_P05,major_semantic
W184,P06,W184_V07_P06,W184_V08_P06,reordering
W184,P07,W184_V07_P07,W184_V08_P07,date_time
W184,P08,W184_V07_P08,W184_V08_P08,deletion
W184,P09,W184_V07_P09,W184_V08_P09,addition
W184,P10,W184_V07_P10,W184_V08_P10,requirement
W184,P01,W184_V08_P01,W184_V09_P01,deletion
W184,P02,W184_V08_P02,W184_V09_P02,addition
W184,P03,W184_V08_P03,W184_V09_P03,requirement
W184,P04,W184_V08_P04,W184_V09_P04,policy
W184,P05,W184_V08_P05,W184_V09_P05,semantic
W184,P06,W184_V08_P06,W184_V09_P06,numeric
W184,P07,W184_V08_P07,W184_V09_P07,major_semantic
W184,P08,W184_V08_P08,W184_V09_P08,reordering
W184,P09,W184_V08_P09,W184_V09_P09,date_time
W184,P10,W184_V08_P10,W184_V09_P10,deletion
W184,P01,W184_V09_P01,W184_V10_P01,reordering
W184,P02,W184_V09_P02,W184_V10_P02,date_time
W184,P03,W184_V09_P03,W184_V10_P03,deletion
W184,P04,W184_V09_P04,W184_V10_P04,addition
W184,P05,W184_V09_P05,W184_V10_P05,requirement
W184,P06,W184_V09_P06,W184_V10_P06,policy
W184,P07,W184_V09_P07,W184_V10_P07,semantic
W184,P08,W184_V09_P08,W184_V10_P08,numeric
W184,P09,W184_V09_P09,W184_V10_P09,major_semantic
W184,P10,W184_V09_P10,W184_V10_P10,reordering
W185,P01,W185_V01_P01,W185_V02_P01,major_semantic
W185,P02,W185_V01_P02,W185_V02_P02,reordering
W185,P03,W185_V01_P03,W185_V02_P03,date_time
W185,P04,W185_V01_P04,W185_V02_P04,deletion
W185,P05,W185_V01_P05,W185_V02_P05,addition
W185,P06,W185_V01_P06,W185_V02_P06,requirement
W185,P07,W185_V01_P07,W185_V02_P07,policy
W185,P08,W185_V01_P08,W185_V02_P08,semantic
W185,P09,W185_V01_P09,W185_V02_P09,numeric
W185,P10,W185_V01_P10,W185_V02_P10,major_semantic
W185,P01,W185_V02_P01,W185_V03_P01,semantic
W185,P02,W185_V02_P02,W185_V03_P02,numeric
W185,P03,W185_V02_P03,W185_V03_P03,major_semantic
W185,P04,W185_V02_P04,W185_V03_P04,reordering
W185,P05,W185_V02_P05,W185_V03_P05,date_time
W185,P06,W185_V02_P06,W185_V03_P06,deletion
W185,P07,W185_V02_P07,W185_V03_P07,addition
W185,P08,W185_V02_P08,W185_V03_P08,requirement
W185,P09,W185_V02_P09,W185_V03_P09,policy
W185,P10,W185_V02_P10,W185_V03_P10,semantic
W185,P01,W185_V03_P01,W185_V04_P01,requirement
W185,P02,W185_V03_P02,W185_V04_P02,policy
W185,P03,W185_V03_P03,W185_V04_P03,semantic
W185,P04,W185_V03_P04,W185_V04_P04,numeric
W185,P05,W185_V03_P05,W185_V04_P05,major_semantic
W185,P06,W185_V03_P06,W185_V04_P06,reordering
W185,P07,W185_V03_P07,W185_V04_P07,date_time
W185,P08,W185_V03_P08,W185_V04_P08,deletion
W185,P09,W185_V03_P09,W185_V04_P09,addition
W185,P10,W185_V03_P10,W185_V04_P10,requirement
W185,P01,W185_V04_P01,W185_V05_P01,deletion
W185,P02,W185_V04_P02,W185_V05_P02,addition
W185,P03,W185_V04_P03,W185_V05_P03,requirement
W185,P04,W185_V04_P04,W185_V05_P04,policy
W185,P05,W185_V04_P05,W185_V05_P05,semantic
W185,P06,W185_V04_P06,W185_V05_P06,numeric
W185,P07,W185_V04_P07,W185_V05_P07,major_semantic
W185,P08,W185_V04_P08,W185_V05_P08,reordering
W185,P09,W185_V04_P09,W185_V05_P09,date_time
W185,P10,W185_V04_P10,W185_V05_P10,deletion
W185,P01,W185_V05_P01,W185_V06_P01,reordering
W185,P02,W185_V05_P02,W185_V06_P02,date_time
W185,P03,W185_V05_P03,W185_V06_P03,deletion
W185,P04,W185_V05_P04,W185_V06_P04,addition
W185,P05,W185_V05_P05,W185_V06_P05,requirement
W185,P06,W185_V05_P06,W185_V06_P06,policy
W185,P07,W185_V05_P07,W185_V06_P07,semantic
W185,P08,W185_V05_P08,W185_V06_P08,numeric
W185,P09,W185_V05_P09,W185_V06_P09,major_semantic
W185,P10,W185_V05_P10,W185_V06_P10,reordering
W185,P01,W185_V06_P01,W185_V07_P01,numeric
W185,P02,W185_V06_P02,W185_V07_P02,major_semantic
W185,P03,W185_V06_P03,W185_V07_P03,reordering
W185,P04,W185_V06_P04,W185_V07_P04,date_time
W185,P05,W185_V06_P05,W185_V07_P05,deletion
W185,P06,W185_V06_P06,W185_V07_P06,addition
W185,P07,W185_V06_P07,W185_V07_P07,requirement
W185,P08,W185_V06_P08,W185_V07_P08,policy
W185,P09,W185_V06_P09,W185_V07_P09,semantic
W185,P10,W185_V06_P10,W185_V07_P10,numeric
W185,P01,W185_V07_P01,W185_V08_P01,policy
W185,P02,W185_V07_P02,W185_V08_P02,semantic
W185,P03,W185_V07_P03,W185_V08_P03,numeric
W185,P04,W185_V07_P04,W185_V08_P04,major_semantic
W185,P05,W185_V07_P05,W185_V08_P05,reordering
W185,P06,W185_V07_P06,W185_V08_P06,date_time
W185,P07,W185_V07_P07,W185_V08_P07,deletion
W185,P08,W185_V07_P08,W185_V08_P08,addition
W185,P09,W185_V07_P09,W185_V08_P09,requirement
W185,P10,W185_V07_P10,W185_V08_P10,policy
W185,P01,W185_V08_P01,W185_V09_P01,addition
W185,P02,W185_V08_P02,W185_V09_P02,requirement
W185,P03,W185_V08_P03,W185_V09_P03,policy
W185,P04,W185_V08_P04,W185_V09_P04,semantic
W185,P05,W185_V08_P05,W185_V09_P05,numeric
W185,P06,W185_V08_P06,W185_V09_P06,major_semantic
W185,P07,W185_V08_P07,W185_V09_P07,reordering
W185,P08,W185_V08_P08,W185_V09_P08,date_time
W185,P09,W185_V08_P09,W185_V09_P09,deletion
W185,P10,W185_V08_P10,W185_V09_P10,addition
W185,P01,W185_V09_P01,W185_V10_P01,date_time
W185,P02,W185_V09_P02,W185_V10_P02,deletion
W185,P03,W185_V09_P03,W185_V10_P03,addition
W185,P04,W185_V09_P04,W185_V10_P04,requirement
W185,P05,W185_V09_P05,W185_V10_P05,policy
W185,P06,W185_V09_P06,W185_V10_P06,semantic
W185,P07,W185_V09_P07,W185_V10_P07,numeric
W185,P08,W185_V09_P08,W185_V10_P08,major_semantic
W185,P09,W185_V09_P09,W185_V10_P09,reordering
W185,P10,W185_V09_P10,W185_V10_P10,date_time
W186,P01,W186_V01_P01,W186_V02_P01,reordering
W186,P02,W186_V01_P02,W186_V02_P02,date_time
W186,P03,W186_V01_P03,W186_V02_P03,deletion
W186,P04,W186_V01_P04,W186_V02_P04,addition
W186,P05,W186_V01_P05,W186_V02_P05,requirement
W186,P06,W186_V01_P06,W186_V02_P06,policy
W186,P07,W186_V01_P07,W186_V02_P07,semantic
W186,P08,W186_V01_P08,W186_V02_P08,numeric
W186,P09,W186_V01_P09,W186_V02_P09,major_semantic
W186,P10,W186_V01_P10,W186_V02_P10,reordering
W186,P01,W186_V02_P01,W186_V03_P01,numeric
W186,P02,W186_V02_P02,W186_V03_P02,major_semantic
W186,P03,W186_V02_P03,W186_V03_P03,reordering
W186,P04,W186_V02_P04,W186_V03_P04,date_time
W186,P05,W186_V02_P05,W186_V03_P05,deletion
W186,P06,W186_V02_P06,W186_V03_P06,addition
W186,P07,W186_V02_P07,W186_V03_P07,requirement
W186,P08,W186_V02_P08,W186_V03_P08,policy
W186,P09,W186_V02_P09,W186_V03_P09,semantic
W186,P10,W186_V02_P10,W186_V03_P10,numeric
W186,P01,W186_V03_P01,W186_V04_P01,policy
W186,P02,W186_V03_P02,W186_V04_P02,semantic
W186,P03,W186_V03_P03,W186_V04_P03,numeric
W186,P04,W186_V03_P04,W186_V04_P04,major_semantic
W186,P05,W186_V03_P05,W186_V04_P05,reordering
W186,P06,W186_V03_P06,W186_V04_P06,date_time
W186,P07,W186_V03_P07,W186_V04_P07,deletion
W186,P08,W186_V03_P08,W186_V04_P08,addition
W186,P09,W186_V03_P09,W186_V04_P09,requirement
W186,P10,W186_V03_P10,W186_V04_P10,policy
W186,P01,W186_V04_P01,W186_V05_P01,addition
W186,P02,W186_V04_P02,W186_V05_P02,requirement
W186,P03,W186_V04_P03,W186_V05_P03,policy
W186,P04,W186_V04_P04,W186_V05_P04,semantic
W186,P05,W186_V04_P05,W186_V05_P05,numeric
W186,P06,W186_V04_P06,W186_V05_P06,major_semantic
W186,P07,W186_V04_P07,W186_V05_P07,reordering
W186,P08,W186_V04_P08,W186_V05_P08,date_time
W186,P09,W186_V04_P09,W186_V05_P09,deletion
W186,P10,W186_V04_P10,W186_V05_P10,addition
W186,P01,W186_V05_P01,W186_V06_P01,date_time
W186,P02,W186_V05_P02,W186_V06_P02,deletion
W186,P03,W186_V05_P03,W186_V06_P03,addition
W186,P04,W186_V05_P04,W186_V06_P04,requirement
W186,P05,W186_V05_P05,W186_V06_P05,policy
W186,P06,W186_V05_P06,W186_V06_P06,semantic
W186,P07,W186_V05_P07,W186_V06_P07,numeric
W186,P08,W186_V05_P08,W186_V06_P08,major_semantic
W186,P09,W186_V05_P09,W186_V06_P09,reordering
W186,P10,W186_V05_P10,W186_V06_P10,date_time
W186,P01,W186_V06_P01,W186_V07_P01,major_semantic
W186,P02,W186_V06_P02,W186_V07_P02,reordering
W186,P03,W186_V06_P03,W186_V07_P03,date_time
W186,P04,W186_V06_P04,W186_V07_P04,deletion
W186,P05,W186_V06_P05,W186_V07_P05,addition
W186,P06,W186_V06_P06,W186_V07_P06,requirement
W186,P07,W186_V06_P07,W186_V07_P07,policy
W186,P08,W186_V06_P08,W186_V07_P08,semantic
W186,P09,W186_V06_P09,W186_V07_P09,numeric
W186,P10,W186_V06_P10,W186_V07_P10,major_semantic
W186,P01,W186_V07_P01,W186_V08_P01,semantic
W186,P02,W186_V07_P02,W186_V08_P02,numeric
W186,P03,W186_V07_P03,W186_V08_P03,major_semantic
W186,P04,W186_V07_P04,W186_V08_P04,reordering
W186,P05,W186_V07_P05,W186_V08_P05,date_time
W186,P06,W186_V07_P06,W186_V08_P06,deletion
W186,P07,W186_V07_P07,W186_V08_P07,addition
W186,P08,W186_V07_P08,W186_V08_P08,requirement
W186,P09,W186_V07_P09,W186_V08_P09,policy
W186,P10,W186_V07_P10,W186_V08_P10,semantic
W186,P01,W186_V08_P01,W186_V09_P01,requirement
W186,P02,W186_V08_P02,W186_V09_P02,policy
W186,P03,W186_V08_P03,W186_V09_P03,semantic
W186,P04,W186_V08_P04,W186_V09_P04,numeric
W186,P05,W186_V08_P05,W186_V09_P05,major_semantic
W186,P06,W186_V08_P06,W186_V09_P06,reordering
W186,P07,W186_V08_P07,W186_V09_P07,date_time
W186,P08,W186_V08_P08,W186_V09_P08,deletion
W186,P09,W186_V08_P09,W186_V09_P09,addition
W186,P10,W186_V08_P10,W186_V09_P10,requirement
W186,P01,W186_V09_P01,W186_V10_P01,deletion
W186,P02,W186_V09_P02,W186_V10_P02,addition
W186,P03,W186_V09_P03,W186_V10_P03,requirement
W186,P04,W186_V09_P04,W186_V10_P04,policy
W186,P05,W186_V09_P05,W186_V10_P05,semantic
W186,P06,W186_V09_P06,W186_V10_P06,numeric
W186,P07,W186_V09_P07,W186_V10_P07,major_semantic
W186,P08,W186_V09_P08,W186_V10_P08,reordering
W186,P09,W186_V09_P09,W186_V10_P09,date_time
W186,P10,W186_V09_P10,W186_V10_P10,deletion
W187,P01,W187_V01_P01,W187_V02_P01,date_time
W187,P02,W187_V01_P02,W187_V02_P02,deletion
W187,P03,W187_V01_P03,W187_V02_P03,addition
W187,P04,W187_V01_P04,W187_V02_P04,requirement
W187,P05,W187_V01_P05,W187_V02_P05,policy
W187,P06,W187_V01_P06,W187_V02_P06,semantic
W187,P07,W187_V01_P07,W187_V02_P07,numeric
W187,P08,W187_V01_P08,W187_V02_P08,major_semantic
W187,P09,W187_V01_P09,W187_V02_P09,reordering
W187,P10,W187_V01_P10,W187_V02_P10,date_time
W187,P01,W187_V02_P01,W187_V03_P01,major_semantic
W187,P02,W187_V02_P02,W187_V03_P02,reordering
W187,P03,W187_V02_P03,W187_V03_P03,date_time
W187,P04,W187_V02_P04,W187_V03_P04,deletion
W187,P05,W187_V02_P05,W187_V03_P05,addition
W187,P06,W187_V02_P06,W187_V03_P06,requirement
W187,P07,W187_V02_P07,W187_V03_P07,policy
W187,P08,W187_V02_P08,W187_V03_P08,semantic
W187,P09,W187_V02_P09,W187_V03_P09,numeric
W187,P10,W187_V02_P10,W187_V03_P10,major_semantic
W187,P01,W187_V03_P01,W187_V04_P01,semantic
W187,P02,W187_V03_P02,W187_V04_P02,numeric
W187,P03,W187_V03_P03,W187_V04_P03,major_semantic
W187,P04,W187_V03_P04,W187_V04_P04,reordering
W187,P05,W187_V03_P05,W187_V04_P05,date_time
W187,P06,W187_V03_P06,W187_V04_P06,deletion
W187,P07,W187_V03_P07,W187_V04_P07,addition
W187,P08,W187_V03_P08,W187_V04_P08,requirement
W187,P09,W187_V03_P09,W187_V04_P09,policy
W187,P10,W187_V03_P10,W187_V04_P10,semantic
W187,P01,W187_V04_P01,W187_V05_P01,requirement
W187,P02,W187_V04_P02,W187_V05_P02,policy
W187,P03,W187_V04_P03,W187_V05_P03,semantic
W187,P04,W187_V04_P04,W187_V05_P04,numeric
W187,P05,W187_V04_P05,W187_V05_P05,major_semantic
W187,P06,W187_V04_P06,W187_V05_P06,reordering
W187,P07,W187_V04_P07,W187_V05_P07,date_time
W187,P08,W187_V04_P08,W187_V05_P08,deletion
W187,P09,W187_V04_P09,W187_V05_P09,addition
W187,P10,W187_V04_P10,W187_V05_P10,requirement
W187,P01,W187_V05_P01,W187_V06_P01,deletion
W187,P02,W187_V05_P02,W187_V06_P02,addition
W187,P03,W187_V05_P03,W187_V06_P03,requirement
W187,P04,W187_V05_P04,W187_V06_P04,policy
W187,P05,W187_V05_P05,W187_V06_P05,semantic
W187,P06,W187_V05_P06,W187_V06_P06,numeric
W187,P07,W187_V05_P07,W187_V06_P07,major_semantic
W187,P08,W187_V05_P08,W187_V06_P08,reordering
W187,P09,W187_V05_P09,W187_V06_P09,date_time
W187,P10,W187_V05_P10,W187_V06_P10,deletion
W187,P01,W187_V06_P01,W187_V07_P01,reordering
W187,P02,W187_V06_P02,W187_V07_P02,date_time
W187,P03,W187_V06_P03,W187_V07_P03,deletion
W187,P04,W187_V06_P04,W187_V07_P04,addition
W187,P05,W187_V06_P05,W187_V07_P05,requirement
W187,P06,W187_V06_P06,W187_V07_P06,policy
W187,P07,W187_V06_P07,W187_V07_P07,semantic
W187,P08,W187_V06_P08,W187_V07_P08,numeric
W187,P09,W187_V06_P09,W187_V07_P09,major_semantic
W187,P10,W187_V06_P10,W187_V07_P10,reordering
W187,P01,W187_V07_P01,W187_V08_P01,numeric
W187,P02,W187_V07_P02,W187_V08_P02,major_semantic
W187,P03,W187_V07_P03,W187_V08_P03,reordering
W187,P04,W187_V07_P04,W187_V08_P04,date_time
W187,P05,W187_V07_P05,W187_V08_P05,deletion
W187,P06,W187_V07_P06,W187_V08_P06,addition
W187,P07,W187_V07_P07,W187_V08_P07,requirement
W187,P08,W187_V07_P08,W187_V08_P08,policy
W187,P09,W187_V07_P09,W187_V08_P09,semantic
W187,P10,W187_V07_P10,W187_V08_P10,numeric
W187,P01,W187_V08_P01,W187_V09_P01,policy
W187,P02,W187_V08_P02,W187_V09_P02,semantic
W187,P03,W187_V08_P03,W187_V09_P03,numeric
W187,P04,W187_V08_P04,W187_V09_P04,major_semantic
W187,P05,W187_V08_P05,W187_V09_P05,reordering
W187,P06,W187_V08_P06,W187_V09_P06,date_time
W187,P07,W187_V08_P07,W187_V09_P07,deletion
W187,P08,W187_V08_P08,W187_V09_P08,addition
W187,P09,W187_V08_P09,W187_V09_P09,requirement
W187,P10,W187_V08_P10,W187_V09_P10,policy
W187,P01,W187_V09_P01,W187_V10_P01,addition
W187,P02,W187_V09_P02,W187_V10_P02,requirement
W187,P03,W187_V09_P03,W187_V10_P03,policy
W187,P04,W187_V09_P04,W187_V10_P04,semantic
W187,P05,W187_V09_P05,W187_V10_P05,numeric
W187,P06,W187_V09_P06,W187_V10_P06,major_semantic
W187,P07,W187_V09_P07,W187_V10_P07,reordering
W187,P08,W187_V09_P08,W187_V10_P08,date_time
W187,P09,W187_V09_P09,W187_V10_P09,deletion
W187,P10,W187_V09_P10,W187_V10_P10,addition
W188,P01,W188_V01_P01,W188_V02_P01,deletion
W188,P02,W188_V01_P02,W188_V02_P02,addition
W188,P03,W188_V01_P03,W188_V02_P03,requirement
W188,P04,W188_V01_P04,W188_V02_P04,policy
W188,P05,W188_V01_P05,W188_V02_P05,semantic
W188,P06,W188_V01_P06,W188_V02_P06,numeric
W188,P07,W188_V01_P07,W188_V02_P07,major_semantic
W188,P08,W188_V01_P08,W188_V02_P08,reordering
W188,P09,W188_V01_P09,W188_V02_P09,date_time
W188,P10,W188_V01_P10,W188_V02_P10,deletion
W188,P01,W188_V02_P01,W188_V03_P01,reordering
W188,P02,W188_V02_P02,W188_V03_P02,date_time
W188,P03,W188_V02_P03,W188_V03_P03,deletion
W188,P04,W188_V02_P04,W188_V03_P04,addition
W188,P05,W188_V02_P05,W188_V03_P05,requirement
W188,P06,W188_V02_P06,W188_V03_P06,policy
W188,P07,W188_V02_P07,W188_V03_P07,semantic
W188,P08,W188_V02_P08,W188_V03_P08,numeric
W188,P09,W188_V02_P09,W188_V03_P09,major_semantic
W188,P10,W188_V02_P10,W188_V03_P10,reordering
W188,P01,W188_V03_P01,W188_V04_P01,numeric
W188,P02,W188_V03_P02,W188_V04_P02,major_semantic
W188,P03,W188_V03_P03,W188_V04_P03,reordering
W188,P04,W188_V03_P04,W188_V04_P04,date_time
W188,P05,W188_V03_P05,W188_V04_P05,deletion
W188,P06,W188_V03_P06,W188_V04_P06,addition
W188,P07,W188_V03_P07,W188_V04_P07,requirement
W188,P08,W188_V03_P08,W188_V04_P08,policy
W188,P09,W188_V03_P09,W188_V04_P09,semantic
W188,P10,W188_V03_P10,W188_V04_P10,numeric
W188,P01,W188_V04_P01,W188_V05_P01,policy
W188,P02,W188_V04_P02,W188_V05_P02,semantic
W188,P03,W188_V04_P03,W188_V05_P03,numeric
W188,P04,W188_V04_P04,W188_V05_P04,major_semantic
W188,P05,W188_V04_P05,W188_V05_P05,reordering
W188,P06,W188_V04_P06,W188_V05_P06,date_time
W188,P07,W188_V04_P07,W188_V05_P07,deletion
W188,P08,W188_V04_P08,W188_V05_P08,addition
W188,P09,W188_V04_P09,W188_V05_P09,requirement
W188,P10,W188_V04_P10,W188_V05_P10,policy
W188,P01,W188_V05_P01,W188_V06_P01,addition
W188,P02,W188_V05_P02,W188_V06_P02,requirement
W188,P03,W188_V05_P03,W188_V06_P03,policy
W188,P04,W188_V05_P04,W188_V06_P04,semantic
W188,P05,W188_V05_P05,W188_V06_P05,numeric
W188,P06,W188_V05_P06,W188_V06_P06,major_semantic
W188,P07,W188_V05_P07,W188_V06_P07,reordering
W188,P08,W188_V05_P08,W188_V06_P08,date_time
W188,P09,W188_V05_P09,W188_V06_P09,deletion
W188,P10,W188_V05_P10,W188_V06_P10,addition
W188,P01,W188_V06_P01,W188_V07_P01,date_time
W188,P02,W188_V06_P02,W188_V07_P02,deletion
W188,P03,W188_V06_P03,W188_V07_P03,addition
W188,P04,W188_V06_P04,W188_V07_P04,requirement
W188,P05,W188_V06_P05,W188_V07_P05,policy
W188,P06,W188_V06_P06,W188_V07_P06,semantic
W188,P07,W188_V06_P07,W188_V07_P07,numeric
W188,P08,W188_V06_P08,W188_V07_P08,major_semantic
W188,P09,W188_V06_P09,W188_V07_P09,reordering
W188,P10,W188_V06_P10,W188_V07_P10,date_time
W188,P01,W188_V07_P01,W188_V08_P01,major_semantic
W188,P02,W188_V07_P02,W188_V08_P02,reordering
W188,P03,W188_V07_P03,W188_V08_P03,date_time
W188,P04,W188_V07_P04,W188_V08_P04,deletion
W188,P05,W188_V07_P05,W188_V08_P05,addition
W188,P06,W188_V07_P06,W188_V08_P06,requirement
W188,P07,W188_V07_P07,W188_V08_P07,policy
W188,P08,W188_V07_P08,W188_V08_P08,semantic
W188,P09,W188_V07_P09,W188_V08_P09,numeric
W188,P10,W188_V07_P10,W188_V08_P10,major_semantic
W188,P01,W188_V08_P01,W188_V09_P01,semantic
W188,P02,W188_V08_P02,W188_V09_P02,numeric
W188,P03,W188_V08_P03,W188_V09_P03,major_semantic
W188,P04,W188_V08_P04,W188_V09_P04,reordering
W188,P05,W188_V08_P05,W188_V09_P05,date_time
W188,P06,W188_V08_P06,W188_V09_P06,deletion
W188,P07,W188_V08_P07,W188_V09_P07,addition
W188,P08,W188_V08_P08,W188_V09_P08,requirement
W188,P09,W188_V08_P09,W188_V09_P09,policy
W188,P10,W188_V08_P10,W188_V09_P10,semantic
W188,P01,W188_V09_P01,W188_V10_P01,requirement
W188,P02,W188_V09_P02,W188_V10_P02,policy
W188,P03,W188_V09_P03,W188_V10_P03,semantic
W188,P04,W188_V09_P04,W188_V10_P04,numeric
W188,P05,W188_V09_P05,W188_V10_P05,major_semantic
W188,P06,W188_V09_P06,W188_V10_P06,reordering
W188,P07,W188_V09_P07,W188_V10_P07,date_time
W188,P08,W188_V09_P08,W188_V10_P08,deletion
W188,P09,W188_V09_P09,W188_V10_P09,addition
W188,P10,W188_V09_P10,W188_V10_P10,requirement
W189,P01,W189_V01_P01,W189_V02_P01,addition
W189,P02,W189_V01_P02,W189_V02_P02,requirement
W189,P03,W189_V01_P03,W189_V02_P03,policy
W189,P04,W189_V01_P04,W189_V02_P04,semantic
W189,P05,W189_V01_P05,W189_V02_P05,numeric
W189,P06,W189_V01_P06,W189_V02_P06,major_semantic
W189,P07,W189_V01_P07,W189_V02_P07,reordering
W189,P08,W189_V01_P08,W189_V02_P08,date_time
W189,P09,W189_V01_P09,W189_V02_P09,deletion
W189,P10,W189_V01_P10,W189_V02_P10,addition
W189,P01,W189_V02_P01,W189_V03_P01,date_time
W189,P02,W189_V02_P02,W189_V03_P02,deletion
W189,P03,W189_V02_P03,W189_V03_P03,addition
W189,P04,W189_V02_P04,W189_V03_P04,requirement
W189,P05,W189_V02_P05,W189_V03_P05,policy
W189,P06,W189_V02_P06,W189_V03_P06,semantic
W189,P07,W189_V02_P07,W189_V03_P07,numeric
W189,P08,W189_V02_P08,W189_V03_P08,major_semantic
W189,P09,W189_V02_P09,W189_V03_P09,reordering
W189,P10,W189_V02_P10,W189_V03_P10,date_time
W189,P01,W189_V03_P01,W189_V04_P01,major_semantic
W189,P02,W189_V03_P02,W189_V04_P02,reordering
W189,P03,W189_V03_P03,W189_V04_P03,date_time
W189,P04,W189_V03_P04,W189_V04_P04,deletion
W189,P05,W189_V03_P05,W189_V04_P05,addition
W189,P06,W189_V03_P06,W189_V04_P06,requirement
W189,P07,W189_V03_P07,W189_V04_P07,policy
W189,P08,W189_V03_P08,W189_V04_P08,semantic
W189,P09,W189_V03_P09,W189_V04_P09,numeric
W189,P10,W189_V03_P10,W189_V04_P10,major_semantic
W189,P01,W189_V04_P01,W189_V05_P01,semantic
W189,P02,W189_V04_P02,W189_V05_P02,numeric
W189,P03,W189_V04_P03,W189_V05_P03,major_semantic
W189,P04,W189_V04_P04,W189_V05_P04,reordering
W189,P05,W189_V04_P05,W189_V05_P05,date_time
W189,P06,W189_V04_P06,W189_V05_P06,deletion
W189,P07,W189_V04_P07,W189_V05_P07,addition
W189,P08,W189_V04_P08,W189_V05_P08,requirement
W189,P09,W189_V04_P09,W189_V05_P09,policy
W189,P10,W189_V04_P10,W189_V05_P10,semantic
W189,P01,W189_V05_P01,W189_V06_P01,requirement
W189,P02,W189_V05_P02,W189_V06_P02,policy
W189,P03,W189_V05_P03,W189_V06_P03,semantic
W189,P04,W189_V05_P04,W189_V06_P04,numeric
W189,P05,W189_V05_P05,W189_V06_P05,major_semantic
W189,P06,W189_V05_P06,W189_V06_P06,reordering
W189,P07,W189_V05_P07,W189_V06_P07,date_time
W189,P08,W189_V05_P08,W189_V06_P08,deletion
W189,P09,W189_V05_P09,W189_V06_P09,addition
W189,P10,W189_V05_P10,W189_V06_P10,requirement
W189,P01,W189_V06_P01,W189_V07_P01,deletion
W189,P02,W189_V06_P02,W189_V07_P02,addition
W189,P03,W189_V06_P03,W189_V07_P03,requirement
W189,P04,W189_V06_P04,W189_V07_P04,policy
W189,P05,W189_V06_P05,W189_V07_P05,semantic
W189,P06,W189_V06_P06,W189_V07_P06,numeric
W189,P07,W189_V06_P07,W189_V07_P07,major_semantic
W189,P08,W189_V06_P08,W189_V07_P08,reordering
W189,P09,W189_V06_P09,W189_V07_P09,date_time
W189,P10,W189_V06_P10,W189_V07_P10,deletion
W189,P01,W189_V07_P01,W189_V08_P01,reordering
W189,P02,W189_V07_P02,W189_V08_P02,date_time
W189,P03,W189_V07_P03,W189_V08_P03,deletion
W189,P04,W189_V07_P04,W189_V08_P04,addition
W189,P05,W189_V07_P05,W189_V08_P05,requirement
W189,P06,W189_V07_P06,W189_V08_P06,policy
W189,P07,W189_V07_P07,W189_V08_P07,semantic
W189,P08,W189_V07_P08,W189_V08_P08,numeric
W189,P09,W189_V07_P09,W189_V08_P09,major_semantic
W189,P10,W189_V07_P10,W189_V08_P10,reordering
W189,P01,W189_V08_P01,W189_V09_P01,numeric
W189,P02,W189_V08_P02,W189_V09_P02,major_semantic
W189,P03,W189_V08_P03,W189_V09_P03,reordering
W189,P04,W189_V08_P04,W189_V09_P04,date_time
W189,P05,W189_V08_P05,W189_V09_P05,deletion
W189,P06,W189_V08_P06,W189_V09_P06,addition
W189,P07,W189_V08_P07,W189_V09_P07,requirement
W189,P08,W189_V08_P08,W189_V09_P08,policy
W189,P09,W189_V08_P09,W189_V09_P09,semantic
W189,P10,W189_V08_P10,W189_V09_P10,numeric
W189,P01,W189_V09_P01,W189_V10_P01,policy
W189,P02,W189_V09_P02,W189_V10_P02,semantic
W189,P03,W189_V09_P03,W189_V10_P03,numeric
W189,P04,W189_V09_P04,W189_V10_P04,major_semantic
W189,P05,W189_V09_P05,W189_V10_P05,reordering
W189,P06,W189_V09_P06,W189_V10_P06,date_time
W189,P07,W189_V09_P07,W189_V10_P07,deletion
W189,P08,W189_V09_P08,W189_V10_P08,addition
W189,P09,W189_V09_P09,W189_V10_P09,requirement
W189,P10,W189_V09_P10,W189_V10_P10,policy
W190,P01,W190_V01_P01,W190_V02_P01,requirement
W190,P02,W190_V01_P02,W190_V02_P02,policy
W190,P03,W190_V01_P03,W190_V02_P03,semantic
W190,P04,W190_V01_P04,W190_V02_P04,numeric
W190,P05,W190_V01_P05,W190_V02_P05,major_semantic
W190,P06,W190_V01_P06,W190_V02_P06,reordering
W190,P07,W190_V01_P07,W190_V02_P07,date_time
W190,P08,W190_V01_P08,W190_V02_P08,deletion
W190,P09,W190_V01_P09,W190_V02_P09,addition
W190,P10,W190_V01_P10,W190_V02_P10,requirement
W190,P01,W190_V02_P01,W190_V03_P01,deletion
W190,P02,W190_V02_P02,W190_V03_P02,addition
W190,P03,W190_V02_P03,W190_V03_P03,requirement
W190,P04,W190_V02_P04,W190_V03_P04,policy
W190,P05,W190_V02_P05,W190_V03_P05,semantic
W190,P06,W190_V02_P06,W190_V03_P06,numeric
W190,P07,W190_V02_P07,W190_V03_P07,major_semantic
W190,P08,W190_V02_P08,W190_V03_P08,reordering
W190,P09,W190_V02_P09,W190_V03_P09,date_time
W190,P10,W190_V02_P10,W190_V03_P10,deletion
W190,P01,W190_V03_P01,W190_V04_P01,reordering
W190,P02,W190_V03_P02,W190_V04_P02,date_time
W190,P03,W190_V03_P03,W190_V04_P03,deletion
W190,P04,W190_V03_P04,W190_V04_P04,addition
W190,P05,W190_V03_P05,W190_V04_P05,requirement
W190,P06,W190_V03_P06,W190_V04_P06,policy
W190,P07,W190_V03_P07,W190_V04_P07,semantic
W190,P08,W190_V03_P08,W190_V04_P08,numeric
W190,P09,W190_V03_P09,W190_V04_P09,major_semantic
W190,P10,W190_V03_P10,W190_V04_P10,reordering
W190,P01,W190_V04_P01,W190_V05_P01,numeric
W190,P02,W190_V04_P02,W190_V05_P02,major_semantic
W190,P03,W190_V04_P03,W190_V05_P03,reordering
W190,P04,W190_V04_P04,W190_V05_P04,date_time
W190,P05,W190_V04_P05,W190_V05_P05,deletion
W190,P06,W190_V04_P06,W190_V05_P06,addition
W190,P07,W190_V04_P07,W190_V05_P07,requirement
W190,P08,W190_V04_P08,W190_V05_P08,policy
W190,P09,W190_V04_P09,W190_V05_P09,semantic
W190,P10,W190_V04_P10,W190_V05_P10,numeric
W190,P01,W190_V05_P01,W190_V06_P01,policy
W190,P02,W190_V05_P02,W190_V06_P02,semantic
W190,P03,W190_V05_P03,W190_V06_P03,numeric
W190,P04,W190_V05_P04,W190_V06_P04,major_semantic
W190,P05,W190_V05_P05,W190_V06_P05,reordering
W190,P06,W190_V05_P06,W190_V06_P06,date_time
W190,P07,W190_V05_P07,W190_V06_P07,deletion
W190,P08,W190_V05_P08,W190_V06_P08,addition
W190,P09,W190_V05_P09,W190_V06_P09,requirement
W190,P10,W190_V05_P10,W190_V06_P10,policy
W190,P01,W190_V06_P01,W190_V07_P01,addition
W190,P02,W190_V06_P02,W190_V07_P02,requirement
W190,P03,W190_V06_P03,W190_V07_P03,policy
W190,P04,W190_V06_P04,W190_V07_P04,semantic
W190,P05,W190_V06_P05,W190_V07_P05,numeric
W190,P06,W190_V06_P06,W190_V07_P06,major_semantic
W190,P07,W190_V06_P07,W190_V07_P07,reordering
W190,P08,W190_V06_P08,W190_V07_P08,date_time
W190,P09,W190_V06_P09,W190_V07_P09,deletion
W190,P10,W190_V06_P10,W190_V07_P10,addition
W190,P01,W190_V07_P01,W190_V08_P01,date_time
W190,P02,W190_V07_P02,W190_V08_P02,deletion
W190,P03,W190_V07_P03,W190_V08_P03,addition
W190,P04,W190_V07_P04,W190_V08_P04,requirement
W190,P05,W190_V07_P05,W190_V08_P05,policy
W190,P06,W190_V07_P06,W190_V08_P06,semantic
W190,P07,W190_V07_P07,W190_V08_P07,numeric
W190,P08,W190_V07_P08,W190_V08_P08,major_semantic
W190,P09,W190_V07_P09,W190_V08_P09,reordering
W190,P10,W190_V07_P10,W190_V08_P10,date_time
W190,P01,W190_V08_P01,W190_V09_P01,major_semantic
W190,P02,W190_V08_P02,W190_V09_P02,reordering
W190,P03,W190_V08_P03,W190_V09_P03,date_time
W190,P04,W190_V08_P04,W190_V09_P04,deletion
W190,P05,W190_V08_P05,W190_V09_P05,addition
W190,P06,W190_V08_P06,W190_V09_P06,requirement
W190,P07,W190_V08_P07,W190_V09_P07,policy
W190,P08,W190_V08_P08,W190_V09_P08,semantic
W190,P09,W190_V08_P09,W190_V09_P09,numeric
W190,P10,W190_V08_P10,W190_V09_P10,major_semantic
W190,P01,W190_V09_P01,W190_V10_P01,semantic
W190,P02,W190_V09_P02,W190_V10_P02,numeric
W190,P03,W190_V09_P03,W190_V10_P03,major_semantic
W190,P04,W190_V09_P04,W190_V10_P04,reordering
W190,P05,W190_V09_P05,W190_V10_P05,date_time
W190,P06,W190_V09_P06,W190_V10_P06,deletion
W190,P07,W190_V09_P07,W190_V10_P07,addition
W190,P08,W190_V09_P08,W190_V10_P08,requirement
W190,P09,W190_V09_P09,W190_V10_P09,policy
W190,P10,W190_V09_P10,W190_V10_P10,semantic
W191,P01,W191_V01_P01,W191_V02_P01,policy
W191,P02,W191_V01_P02,W191_V02_P02,semantic
W191,P03,W191_V01_P03,W191_V02_P03,numeric
W191,P04,W191_V01_P04,W191_V02_P04,major_semantic
W191,P05,W191_V01_P05,W191_V02_P05,reordering
W191,P06,W191_V01_P06,W191_V02_P06,date_time
W191,P07,W191_V01_P07,W191_V02_P07,deletion
W191,P08,W191_V01_P08,W191_V02_P08,addition
W191,P09,W191_V01_P09,W191_V02_P09,requirement
W191,P10,W191_V01_P10,W191_V02_P10,policy
W191,P01,W191_V02_P01,W191_V03_P01,addition
W191,P02,W191_V02_P02,W191_V03_P02,requirement
W191,P03,W191_V02_P03,W191_V03_P03,policy
W191,P04,W191_V02_P04,W191_V03_P04,semantic
W191,P05,W191_V02_P05,W191_V03_P05,numeric
W191,P06,W191_V02_P06,W191_V03_P06,major_semantic
W191,P07,W191_V02_P07,W191_V03_P07,reordering
W191,P08,W191_V02_P08,W191_V03_P08,date_time
W191,P09,W191_V02_P09,W191_V03_P09,deletion
W191,P10,W191_V02_P10,W191_V03_P10,addition
W191,P01,W191_V03_P01,W191_V04_P01,date_time
W191,P02,W191_V03_P02,W191_V04_P02,deletion
W191,P03,W191_V03_P03,W191_V04_P03,addition
W191,P04,W191_V03_P04,W191_V04_P04,requirement
W191,P05,W191_V03_P05,W191_V04_P05,policy
W191,P06,W191_V03_P06,W191_V04_P06,semantic
W191,P07,W191_V03_P07,W191_V04_P07,numeric
W191,P08,W191_V03_P08,W191_V04_P08,major_semantic
W191,P09,W191_V03_P09,W191_V04_P09,reordering
W191,P10,W191_V03_P10,W191_V04_P10,date_time
W191,P01,W191_V04_P01,W191_V05_P01,major_semantic
W191,P02,W191_V04_P02,W191_V05_P02,reordering
W191,P03,W191_V04_P03,W191_V05_P03,date_time
W191,P04,W191_V04_P04,W191_V05_P04,deletion
W191,P05,W191_V04_P05,W191_V05_P05,addition
W191,P06,W191_V04_P06,W191_V05_P06,requirement
W191,P07,W191_V04_P07,W191_V05_P07,policy
W191,P08,W191_V04_P08,W191_V05_P08,semantic
W191,P09,W191_V04_P09,W191_V05_P09,numeric
W191,P10,W191_V04_P10,W191_V05_P10,major_semantic
W191,P01,W191_V05_P01,W191_V06_P01,semantic
W191,P02,W191_V05_P02,W191_V06_P02,numeric
W191,P03,W191_V05_P03,W191_V06_P03,major_semantic
W191,P04,W191_V05_P04,W191_V06_P04,reordering
W191,P05,W191_V05_P05,W191_V06_P05,date_time
W191,P06,W191_V05_P06,W191_V06_P06,deletion
W191,P07,W191_V05_P07,W191_V06_P07,addition
W191,P08,W191_V05_P08,W191_V06_P08,requirement
W191,P09,W191_V05_P09,W191_V06_P09,policy
W191,P10,W191_V05_P10,W191_V06_P10,semantic
W191,P01,W191_V06_P01,W191_V07_P01,requirement
W191,P02,W191_V06_P02,W191_V07_P02,policy
W191,P03,W191_V06_P03,W191_V07_P03,semantic
W191,P04,W191_V06_P04,W191_V07_P04,numeric
W191,P05,W191_V06_P05,W191_V07_P05,major_semantic
W191,P06,W191_V06_P06,W191_V07_P06,reordering
W191,P07,W191_V06_P07,W191_V07_P07,date_time
W191,P08,W191_V06_P08,W191_V07_P08,deletion
W191,P09,W191_V06_P09,W191_V07_P09,addition
W191,P10,W191_V06_P10,W191_V07_P10,requirement
W191,P01,W191_V07_P01,W191_V08_P01,deletion
W191,P02,W191_V07_P02,W191_V08_P02,addition
W191,P03,W191_V07_P03,W191_V08_P03,requirement
W191,P04,W191_V07_P04,W191_V08_P04,policy
W191,P05,W191_V07_P05,W191_V08_P05,semantic
W191,P06,W191_V07_P06,W191_V08_P06,numeric
W191,P07,W191_V07_P07,W191_V08_P07,major_semantic
W191,P08,W191_V07_P08,W191_V08_P08,reordering
W191,P09,W191_V07_P09,W191_V08_P09,date_time
W191,P10,W191_V07_P10,W191_V08_P10,deletion
W191,P01,W191_V08_P01,W191_V09_P01,reordering
W191,P02,W191_V08_P02,W191_V09_P02,date_time
W191,P03,W191_V08_P03,W191_V09_P03,deletion
W191,P04,W191_V08_P04,W191_V09_P04,addition
W191,P05,W191_V08_P05,W191_V09_P05,requirement
W191,P06,W191_V08_P06,W191_V09_P06,policy
W191,P07,W191_V08_P07,W191_V09_P07,semantic
W191,P08,W191_V08_P08,W191_V09_P08,numeric
W191,P09,W191_V08_P09,W191_V09_P09,major_semantic
W191,P10,W191_V08_P10,W191_V09_P10,reordering
W191,P01,W191_V09_P01,W191_V10_P01,numeric
W191,P02,W191_V09_P02,W191_V10_P02,major_semantic
W191,P03,W191_V09_P03,W191_V10_P03,reordering
W191,P04,W191_V09_P04,W191_V10_P04,date_time
W191,P05,W191_V09_P05,W191_V10_P05,deletion
W191,P06,W191_V09_P06,W191_V10_P06,addition
W191,P07,W191_V09_P07,W191_V10_P07,requirement
W191,P08,W191_V09_P08,W191_V10_P08,policy
W191,P09,W191_V09_P09,W191_V10_P09,semantic
W191,P10,W191_V09_P10,W191_V10_P10,numeric
W192,P01,W192_V01_P01,W192_V02_P01,semantic
W192,P02,W192_V01_P02,W192_V02_P02,numeric
W192,P03,W192_V01_P03,W192_V02_P03,major_semantic
W192,P04,W192_V01_P04,W192_V02_P04,reordering
W192,P05,W192_V01_P05,W192_V02_P05,date_time
W192,P06,W192_V01_P06,W192_V02_P06,deletion
W192,P07,W192_V01_P07,W192_V02_P07,addition
W192,P08,W192_V01_P08,W192_V02_P08,requirement
W192,P09,W192_V01_P09,W192_V02_P09,policy
W192,P10,W192_V01_P10,W192_V02_P10,semantic
W192,P01,W192_V02_P01,W192_V03_P01,requirement
W192,P02,W192_V02_P02,W192_V03_P02,policy
W192,P03,W192_V02_P03,W192_V03_P03,semantic
W192,P04,W192_V02_P04,W192_V03_P04,numeric
W192,P05,W192_V02_P05,W192_V03_P05,major_semantic
W192,P06,W192_V02_P06,W192_V03_P06,reordering
W192,P07,W192_V02_P07,W192_V03_P07,date_time
W192,P08,W192_V02_P08,W192_V03_P08,deletion
W192,P09,W192_V02_P09,W192_V03_P09,addition
W192,P10,W192_V02_P10,W192_V03_P10,requirement
W192,P01,W192_V03_P01,W192_V04_P01,deletion
W192,P02,W192_V03_P02,W192_V04_P02,addition
W192,P03,W192_V03_P03,W192_V04_P03,requirement
W192,P04,W192_V03_P04,W192_V04_P04,policy
W192,P05,W192_V03_P05,W192_V04_P05,semantic
W192,P06,W192_V03_P06,W192_V04_P06,numeric
W192,P07,W192_V03_P07,W192_V04_P07,major_semantic
W192,P08,W192_V03_P08,W192_V04_P08,reordering
W192,P09,W192_V03_P09,W192_V04_P09,date_time
W192,P10,W192_V03_P10,W192_V04_P10,deletion
W192,P01,W192_V04_P01,W192_V05_P01,reordering
W192,P02,W192_V04_P02,W192_V05_P02,date_time
W192,P03,W192_V04_P03,W192_V05_P03,deletion
W192,P04,W192_V04_P04,W192_V05_P04,addition
W192,P05,W192_V04_P05,W192_V05_P05,requirement
W192,P06,W192_V04_P06,W192_V05_P06,policy
W192,P07,W192_V04_P07,W192_V05_P07,semantic
W192,P08,W192_V04_P08,W192_V05_P08,numeric
W192,P09,W192_V04_P09,W192_V05_P09,major_semantic
W192,P10,W192_V04_P10,W192_V05_P10,reordering
W192,P01,W192_V05_P01,W192_V06_P01,numeric
W192,P02,W192_V05_P02,W192_V06_P02,major_semantic
W192,P03,W192_V05_P03,W192_V06_P03,reordering
W192,P04,W192_V05_P04,W192_V06_P04,date_time
W192,P05,W192_V05_P05,W192_V06_P05,deletion
W192,P06,W192_V05_P06,W192_V06_P06,addition
W192,P07,W192_V05_P07,W192_V06_P07,requirement
W192,P08,W192_V05_P08,W192_V06_P08,policy
W192,P09,W192_V05_P09,W192_V06_P09,semantic
W192,P10,W192_V05_P10,W192_V06_P10,numeric
W192,P01,W192_V06_P01,W192_V07_P01,policy
W192,P02,W192_V06_P02,W192_V07_P02,semantic
W192,P03,W192_V06_P03,W192_V07_P03,numeric
W192,P04,W192_V06_P04,W192_V07_P04,major_semantic
W192,P05,W192_V06_P05,W192_V07_P05,reordering
W192,P06,W192_V06_P06,W192_V07_P06,date_time
W192,P07,W192_V06_P07,W192_V07_P07,deletion
W192,P08,W192_V06_P08,W192_V07_P08,addition
W192,P09,W192_V06_P09,W192_V07_P09,requirement
W192,P10,W192_V06_P10,W192_V07_P10,policy
W192,P01,W192_V07_P01,W192_V08_P01,addition
W192,P02,W192_V07_P02,W192_V08_P02,requirement
W192,P03,W192_V07_P03,W192_V08_P03,policy
W192,P04,W192_V07_P04,W192_V08_P04,semantic
W192,P05,W192_V07_P05,W192_V08_P05,numeric
W192,P06,W192_V07_P06,W192_V08_P06,major_semantic
W192,P07,W192_V07_P07,W192_V08_P07,reordering
W192,P08,W192_V07_P08,W192_V08_P08,date_time
W192,P09,W192_V07_P09,W192_V08_P09,deletion
W192,P10,W192_V07_P10,W192_V08_P10,addition
W192,P01,W192_V08_P01,W192_V09_P01,date_time
W192,P02,W192_V08_P02,W192_V09_P02,deletion
W192,P03,W192_V08_P03,W192_V09_P03,addition
W192,P04,W192_V08_P04,W192_V09_P04,requirement
W192,P05,W192_V08_P05,W192_V09_P05,policy
W192,P06,W192_V08_P06,W192_V09_P06,semantic
W192,P07,W192_V08_P07,W192_V09_P07,numeric
W192,P08,W192_V08_P08,W192_V09_P08,major_semantic
W192,P09,W192_V08_P09,W192_V09_P09,reordering
W192,P10,W192_V08_P10,W192_V09_P10,date_time
W192,P01,W192_V09_P01,W192_V10_P01,major_semantic
W192,P02,W192_V09_P02,W192_V10_P02,reordering
W192,P03,W192_V09_P03,W192_V10_P03,date_time
W192,P04,W192_V09_P04,W192_V10_P04,deletion
W192,P05,W192_V09_P05,W192_V10_P05,addition
W192,P06,W192_V09_P06,W192_V10_P06,requirement
W192,P07,W192_V09_P07,W192_V10_P07,policy
W192,P08,W192_V09_P08,W192_V10_P08,semantic
W192,P09,W192_V09_P09,W192_V10_P09,numeric
W192,P10,W192_V09_P10,W192_V10_P10,major_semantic
W193,P01,W193_V01_P01,W193_V02_P01,numeric
W193,P02,W193_V01_P02,W193_V02_P02,major_semantic
W193,P03,W193_V01_P03,W193_V02_P03,reordering
W193,P04,W193_V01_P04,W193_V02_P04,date_time
W193,P05,W193_V01_P05,W193_V02_P05,deletion
W193,P06,W193_V01_P06,W193_V02_P06,addition
W193,P07,W193_V01_P07,W193_V02_P07,requirement
W193,P08,W193_V01_P08,W193_V02_P08,policy
W193,P09,W193_V01_P09,W193_V02_P09,semantic
W193,P10,W193_V01_P10,W193_V02_P10,numeric
W193,P01,W193_V02_P01,W193_V03_P01,policy
W193,P02,W193_V02_P02,W193_V03_P02,semantic
W193,P03,W193_V02_P03,W193_V03_P03,numeric
W193,P04,W193_V02_P04,W193_V03_P04,major_semantic
W193,P05,W193_V02_P05,W193_V03_P05,reordering
W193,P06,W193_V02_P06,W193_V03_P06,date_time
W193,P07,W193_V02_P07,W193_V03_P07,deletion
W193,P08,W193_V02_P08,W193_V03_P08,addition
W193,P09,W193_V02_P09,W193_V03_P09,requirement
W193,P10,W193_V02_P10,W193_V03_P10,policy
W193,P01,W193_V03_P01,W193_V04_P01,addition
W193,P02,W193_V03_P02,W193_V04_P02,requirement
W193,P03,W193_V03_P03,W193_V04_P03,policy
W193,P04,W193_V03_P04,W193_V04_P04,semantic
W193,P05,W193_V03_P05,W193_V04_P05,numeric
W193,P06,W193_V03_P06,W193_V04_P06,major_semantic
W193,P07,W193_V03_P07,W193_V04_P07,reordering
W193,P08,W193_V03_P08,W193_V04_P08,date_time
W193,P09,W193_V03_P09,W193_V04_P09,deletion
W193,P10,W193_V03_P10,W193_V04_P10,addition
W193,P01,W193_V04_P01,W193_V05_P01,date_time
W193,P02,W193_V04_P02,W193_V05_P02,deletion
W193,P03,W193_V04_P03,W193_V05_P03,addition
W193,P04,W193_V04_P04,W193_V05_P04,requirement
W193,P05,W193_V04_P05,W193_V05_P05,policy
W193,P06,W193_V04_P06,W193_V05_P06,semantic
W193,P07,W193_V04_P07,W193_V05_P07,numeric
W193,P08,W193_V04_P08,W193_V05_P08,major_semantic
W193,P09,W193_V04_P09,W193_V05_P09,reordering
W193,P10,W193_V04_P10,W193_V05_P10,date_time
W193,P01,W193_V05_P01,W193_V06_P01,major_semantic
W193,P02,W193_V05_P02,W193_V06_P02,reordering
W193,P03,W193_V05_P03,W193_V06_P03,date_time
W193,P04,W193_V05_P04,W193_V06_P04,deletion
W193,P05,W193_V05_P05,W193_V06_P05,addition
W193,P06,W193_V05_P06,W193_V06_P06,requirement
W193,P07,W193_V05_P07,W193_V06_P07,policy
W193,P08,W193_V05_P08,W193_V06_P08,semantic
W193,P09,W193_V05_P09,W193_V06_P09,numeric
W193,P10,W193_V05_P10,W193_V06_P10,major_semantic
W193,P01,W193_V06_P01,W193_V07_P01,semantic
W193,P02,W193_V06_P02,W193_V07_P02,numeric
W193,P03,W193_V06_P03,W193_V07_P03,major_semantic
W193,P04,W193_V06_P04,W193_V07_P04,reordering
W193,P05,W193_V06_P05,W193_V07_P05,date_time
W193,P06,W193_V06_P06,W193_V07_P06,deletion
W193,P07,W193_V06_P07,W193_V07_P07,addition
W193,P08,W193_V06_P08,W193_V07_P08,requirement
W193,P09,W193_V06_P09,W193_V07_P09,policy
W193,P10,W193_V06_P10,W193_V07_P10,semantic
W193,P01,W193_V07_P01,W193_V08_P01,requirement
W193,P02,W193_V07_P02,W193_V08_P02,policy
W193,P03,W193_V07_P03,W193_V08_P03,semantic
W193,P04,W193_V07_P04,W193_V08_P04,numeric
W193,P05,W193_V07_P05,W193_V08_P05,major_semantic
W193,P06,W193_V07_P06,W193_V08_P06,reordering
W193,P07,W193_V07_P07,W193_V08_P07,date_time
W193,P08,W193_V07_P08,W193_V08_P08,deletion
W193,P09,W193_V07_P09,W193_V08_P09,addition
W193,P10,W193_V07_P10,W193_V08_P10,requirement
W193,P01,W193_V08_P01,W193_V09_P01,deletion
W193,P02,W193_V08_P02,W193_V09_P02,addition
W193,P03,W193_V08_P03,W193_V09_P03,requirement
W193,P04,W193_V08_P04,W193_V09_P04,policy
W193,P05,W193_V08_P05,W193_V09_P05,semantic
W193,P06,W193_V08_P06,W193_V09_P06,numeric
W193,P07,W193_V08_P07,W193_V09_P07,major_semantic
W193,P08,W193_V08_P08,W193_V09_P08,reordering
W193,P09,W193_V08_P09,W193_V09_P09,date_time
W193,P10,W193_V08_P10,W193_V09_P10,deletion
W193,P01,W193_V09_P01,W193_V10_P01,reordering
W193,P02,W193_V09_P02,W193_V10_P02,date_time
W193,P03,W193_V09_P03,W193_V10_P03,deletion
W193,P04,W193_V09_P04,W193_V10_P04,addition
W193,P05,W193_V09_P05,W193_V10_P05,requirement
W193,P06,W193_V09_P06,W193_V10_P06,policy
W193,P07,W193_V09_P07,W193_V10_P07,semantic
W193,P08,W193_V09_P08,W193_V10_P08,numeric
W193,P09,W193_V09_P09,W193_V10_P09,major_semantic
W193,P10,W193_V09_P10,W193_V10_P10,reordering
W194,P01,W194_V01_P01,W194_V02_P01,major_semantic
W194,P02,W194_V01_P02,W194_V02_P02,reordering
W194,P03,W194_V01_P03,W194_V02_P03,date_time
W194,P04,W194_V01_P04,W194_V02_P04,deletion
W194,P05,W194_V01_P05,W194_V02_P05,addition
W194,P06,W194_V01_P06,W194_V02_P06,requirement
W194,P07,W194_V01_P07,W194_V02_P07,policy
W194,P08,W194_V01_P08,W194_V02_P08,semantic
W194,P09,W194_V01_P09,W194_V02_P09,numeric
W194,P10,W194_V01_P10,W194_V02_P10,major_semantic
W194,P01,W194_V02_P01,W194_V03_P01,semantic
W194,P02,W194_V02_P02,W194_V03_P02,numeric
W194,P03,W194_V02_P03,W194_V03_P03,major_semantic
W194,P04,W194_V02_P04,W194_V03_P04,reordering
W194,P05,W194_V02_P05,W194_V03_P05,date_time
W194,P06,W194_V02_P06,W194_V03_P06,deletion
W194,P07,W194_V02_P07,W194_V03_P07,addition
W194,P08,W194_V02_P08,W194_V03_P08,requirement
W194,P09,W194_V02_P09,W194_V03_P09,policy
W194,P10,W194_V02_P10,W194_V03_P10,semantic
W194,P01,W194_V03_P01,W194_V04_P01,requirement
W194,P02,W194_V03_P02,W194_V04_P02,policy
W194,P03,W194_V03_P03,W194_V04_P03,semantic
W194,P04,W194_V03_P04,W194_V04_P04,numeric
W194,P05,W194_V03_P05,W194_V04_P05,major_semantic
W194,P06,W194_V03_P06,W194_V04_P06,reordering
W194,P07,W194_V03_P07,W194_V04_P07,date_time
W194,P08,W194_V03_P08,W194_V04_P08,deletion
W194,P09,W194_V03_P09,W194_V04_P09,addition
W194,P10,W194_V03_P10,W194_V04_P10,requirement
W194,P01,W194_V04_P01,W194_V05_P01,deletion
W194,P02,W194_V04_P02,W194_V05_P02,addition
W194,P03,W194_V04_P03,W194_V05_P03,requirement
W194,P04,W194_V04_P04,W194_V05_P04,policy
W194,P05,W194_V04_P05,W194_V05_P05,semantic
W194,P06,W194_V04_P06,W194_V05_P06,numeric
W194,P07,W194_V04_P07,W194_V05_P07,major_semantic
W194,P08,W194_V04_P08,W194_V05_P08,reordering
W194,P09,W194_V04_P09,W194_V05_P09,date_time
W194,P10,W194_V04_P10,W194_V05_P10,deletion
W194,P01,W194_V05_P01,W194_V06_P01,reordering
W194,P02,W194_V05_P02,W194_V06_P02,date_time
W194,P03,W194_V05_P03,W194_V06_P03,deletion
W194,P04,W194_V05_P04,W194_V06_P04,addition
W194,P05,W194_V05_P05,W194_V06_P05,requirement
W194,P06,W194_V05_P06,W194_V06_P06,policy
W194,P07,W194_V05_P07,W194_V06_P07,semantic
W194,P08,W194_V05_P08,W194_V06_P08,numeric
W194,P09,W194_V05_P09,W194_V06_P09,major_semantic
W194,P10,W194_V05_P10,W194_V06_P10,reordering
W194,P01,W194_V06_P01,W194_V07_P01,numeric
W194,P02,W194_V06_P02,W194_V07_P02,major_semantic
W194,P03,W194_V06_P03,W194_V07_P03,reordering
W194,P04,W194_V06_P04,W194_V07_P04,date_time
W194,P05,W194_V06_P05,W194_V07_P05,deletion
W194,P06,W194_V06_P06,W194_V07_P06,addition
W194,P07,W194_V06_P07,W194_V07_P07,requirement
W194,P08,W194_V06_P08,W194_V07_P08,policy
W194,P09,W194_V06_P09,W194_V07_P09,semantic
W194,P10,W194_V06_P10,W194_V07_P10,numeric
W194,P01,W194_V07_P01,W194_V08_P01,policy
W194,P02,W194_V07_P02,W194_V08_P02,semantic
W194,P03,W194_V07_P03,W194_V08_P03,numeric
W194,P04,W194_V07_P04,W194_V08_P04,major_semantic
W194,P05,W194_V07_P05,W194_V08_P05,reordering
W194,P06,W194_V07_P06,W194_V08_P06,date_time
W194,P07,W194_V07_P07,W194_V08_P07,deletion
W194,P08,W194_V07_P08,W194_V08_P08,addition
W194,P09,W194_V07_P09,W194_V08_P09,requirement
W194,P10,W194_V07_P10,W194_V08_P10,policy
W194,P01,W194_V08_P01,W194_V09_P01,addition
W194,P02,W194_V08_P02,W194_V09_P02,requirement
W194,P03,W194_V08_P03,W194_V09_P03,policy
W194,P04,W194_V08_P04,W194_V09_P04,semantic
W194,P05,W194_V08_P05,W194_V09_P05,numeric
W194,P06,W194_V08_P06,W194_V09_P06,major_semantic
W194,P07,W194_V08_P07,W194_V09_P07,reordering
W194,P08,W194_V08_P08,W194_V09_P08,date_time
W194,P09,W194_V08_P09,W194_V09_P09,deletion
W194,P10,W194_V08_P10,W194_V09_P10,addition
W194,P01,W194_V09_P01,W194_V10_P01,date_time
W194,P02,W194_V09_P02,W194_V10_P02,deletion
W194,P03,W194_V09_P03,W194_V10_P03,addition
W194,P04,W194_V09_P04,W194_V10_P04,requirement
W194,P05,W194_V09_P05,W194_V10_P05,policy
W194,P06,W194_V09_P06,W194_V10_P06,semantic
W194,P07,W194_V09_P07,W194_V10_P07,numeric
W194,P08,W194_V09_P08,W194_V10_P08,major_semantic
W194,P09,W194_V09_P09,W194_V10_P09,reordering
W194,P10,W194_V09_P10,W194_V10_P10,date_time
W195,P01,W195_V01_P01,W195_V02_P01,reordering
W195,P02,W195_V01_P02,W195_V02_P02,date_time
W195,P03,W195_V01_P03,W195_V02_P03,deletion
W195,P04,W195_V01_P04,W195_V02_P04,addition
W195,P05,W195_V01_P05,W195_V02_P05,requirement
W195,P06,W195_V01_P06,W195_V02_P06,policy
W195,P07,W195_V01_P07,W195_V02_P07,semantic
W195,P08,W195_V01_P08,W195_V02_P08,numeric
W195,P09,W195_V01_P09,W195_V02_P09,major_semantic
W195,P10,W195_V01_P10,W195_V02_P10,reordering
W195,P01,W195_V02_P01,W195_V03_P01,numeric
W195,P02,W195_V02_P02,W195_V03_P02,major_semantic
W195,P03,W195_V02_P03,W195_V03_P03,reordering
W195,P04,W195_V02_P04,W195_V03_P04,date_time
W195,P05,W195_V02_P05,W195_V03_P05,deletion
W195,P06,W195_V02_P06,W195_V03_P06,addition
W195,P07,W195_V02_P07,W195_V03_P07,requirement
W195,P08,W195_V02_P08,W195_V03_P08,policy
W195,P09,W195_V02_P09,W195_V03_P09,semantic
W195,P10,W195_V02_P10,W195_V03_P10,numeric
W195,P01,W195_V03_P01,W195_V04_P01,policy
W195,P02,W195_V03_P02,W195_V04_P02,semantic
W195,P03,W195_V03_P03,W195_V04_P03,numeric
W195,P04,W195_V03_P04,W195_V04_P04,major_semantic
W195,P05,W195_V03_P05,W195_V04_P05,reordering
W195,P06,W195_V03_P06,W195_V04_P06,date_time
W195,P07,W195_V03_P07,W195_V04_P07,deletion
W195,P08,W195_V03_P08,W195_V04_P08,addition
W195,P09,W195_V03_P09,W195_V04_P09,requirement
W195,P10,W195_V03_P10,W195_V04_P10,policy
W195,P01,W195_V04_P01,W195_V05_P01,addition
W195,P02,W195_V04_P02,W195_V05_P02,requirement
W195,P03,W195_V04_P03,W195_V05_P03,policy
W195,P04,W195_V04_P04,W195_V05_P04,semantic
W195,P05,W195_V04_P05,W195_V05_P05,numeric
W195,P06,W195_V04_P06,W195_V05_P06,major_semantic
W195,P07,W195_V04_P07,W195_V05_P07,reordering
W195,P08,W195_V04_P08,W195_V05_P08,date_time
W195,P09,W195_V04_P09,W195_V05_P09,deletion
W195,P10,W195_V04_P10,W195_V05_P10,addition
W195,P01,W195_V05_P01,W195_V06_P01,date_time
W195,P02,W195_V05_P02,W195_V06_P02,deletion
W195,P03,W195_V05_P03,W195_V06_P03,addition
W195,P04,W195_V05_P04,W195_V06_P04,requirement
W195,P05,W195_V05_P05,W195_V06_P05,policy
W195,P06,W195_V05_P06,W195_V06_P06,semantic
W195,P07,W195_V05_P07,W195_V06_P07,numeric
W195,P08,W195_V05_P08,W195_V06_P08,major_semantic
W195,P09,W195_V05_P09,W195_V06_P09,reordering
W195,P10,W195_V05_P10,W195_V06_P10,date_time
W195,P01,W195_V06_P01,W195_V07_P01,major_semantic
W195,P02,W195_V06_P02,W195_V07_P02,reordering
W195,P03,W195_V06_P03,W195_V07_P03,date_time
W195,P04,W195_V06_P04,W195_V07_P04,deletion
W195,P05,W195_V06_P05,W195_V07_P05,addition
W195,P06,W195_V06_P06,W195_V07_P06,requirement
W195,P07,W195_V06_P07,W195_V07_P07,policy
W195,P08,W195_V06_P08,W195_V07_P08,semantic
W195,P09,W195_V06_P09,W195_V07_P09,numeric
W195,P10,W195_V06_P10,W195_V07_P10,major_semantic
W195,P01,W195_V07_P01,W195_V08_P01,semantic
W195,P02,W195_V07_P02,W195_V08_P02,numeric
W195,P03,W195_V07_P03,W195_V08_P03,major_semantic
W195,P04,W195_V07_P04,W195_V08_P04,reordering
W195,P05,W195_V07_P05,W195_V08_P05,date_time
W195,P06,W195_V07_P06,W195_V08_P06,deletion
W195,P07,W195_V07_P07,W195_V08_P07,addition
W195,P08,W195_V07_P08,W195_V08_P08,requirement
W195,P09,W195_V07_P09,W195_V08_P09,policy
W195,P10,W195_V07_P10,W195_V08_P10,semantic
W195,P01,W195_V08_P01,W195_V09_P01,requirement
W195,P02,W195_V08_P02,W195_V09_P02,policy
W195,P03,W195_V08_P03,W195_V09_P03,semantic
W195,P04,W195_V08_P04,W195_V09_P04,numeric
W195,P05,W195_V08_P05,W195_V09_P05,major_semantic
W195,P06,W195_V08_P06,W195_V09_P06,reordering
W195,P07,W195_V08_P07,W195_V09_P07,date_time
W195,P08,W195_V08_P08,W195_V09_P08,deletion
W195,P09,W195_V08_P09,W195_V09_P09,addition
W195,P10,W195_V08_P10,W195_V09_P10,requirement
W195,P01,W195_V09_P01,W195_V10_P01,deletion
W195,P02,W195_V09_P02,W195_V10_P02,addition
W195,P03,W195_V09_P03,W195_V10_P03,requirement
W195,P04,W195_V09_P04,W195_V10_P04,policy
W195,P05,W195_V09_P05,W195_V10_P05,semantic
W195,P06,W195_V09_P06,W195_V10_P06,numeric
W195,P07,W195_V09_P07,W195_V10_P07,major_semantic
W195,P08,W195_V09_P08,W195_V10_P08,reordering
W195,P09,W195_V09_P09,W195_V10_P09,date_time
W195,P10,W195_V09_P10,W195_V10_P10,deletion
W196,P01,W196_V01_P01,W196_V02_P01,date_time
W196,P02,W196_V01_P02,W196_V02_P02,deletion
W196,P03,W196_V01_P03,W196_V02_P03,addition
W196,P04,W196_V01_P04,W196_V02_P04,requirement
W196,P05,W196_V01_P05,W196_V02_P05,policy
W196,P06,W196_V01_P06,W196_V02_P06,semantic
W196,P07,W196_V01_P07,W196_V02_P07,numeric
W196,P08,W196_V01_P08,W196_V02_P08,major_semantic
W196,P09,W196_V01_P09,W196_V02_P09,reordering
W196,P10,W196_V01_P10,W196_V02_P10,date_time
W196,P01,W196_V02_P01,W196_V03_P01,major_semantic
W196,P02,W196_V02_P02,W196_V03_P02,reordering
W196,P03,W196_V02_P03,W196_V03_P03,date_time
W196,P04,W196_V02_P04,W196_V03_P04,deletion
W196,P05,W196_V02_P05,W196_V03_P05,addition
W196,P06,W196_V02_P06,W196_V03_P06,requirement
W196,P07,W196_V02_P07,W196_V03_P07,policy
W196,P08,W196_V02_P08,W196_V03_P08,semantic
W196,P09,W196_V02_P09,W196_V03_P09,numeric
W196,P10,W196_V02_P10,W196_V03_P10,major_semantic
W196,P01,W196_V03_P01,W196_V04_P01,semantic
W196,P02,W196_V03_P02,W196_V04_P02,numeric
W196,P03,W196_V03_P03,W196_V04_P03,major_semantic
W196,P04,W196_V03_P04,W196_V04_P04,reordering
W196,P05,W196_V03_P05,W196_V04_P05,date_time
W196,P06,W196_V03_P06,W196_V04_P06,deletion
W196,P07,W196_V03_P07,W196_V04_P07,addition
W196,P08,W196_V03_P08,W196_V04_P08,requirement
W196,P09,W196_V03_P09,W196_V04_P09,policy
W196,P10,W196_V03_P10,W196_V04_P10,semantic
W196,P01,W196_V04_P01,W196_V05_P01,requirement
W196,P02,W196_V04_P02,W196_V05_P02,policy
W196,P03,W196_V04_P03,W196_V05_P03,semantic
W196,P04,W196_V04_P04,W196_V05_P04,numeric
W196,P05,W196_V04_P05,W196_V05_P05,major_semantic
W196,P06,W196_V04_P06,W196_V05_P06,reordering
W196,P07,W196_V04_P07,W196_V05_P07,date_time
W196,P08,W196_V04_P08,W196_V05_P08,deletion
W196,P09,W196_V04_P09,W196_V05_P09,addition
W196,P10,W196_V04_P10,W196_V05_P10,requirement
W196,P01,W196_V05_P01,W196_V06_P01,deletion
W196,P02,W196_V05_P02,W196_V06_P02,addition
W196,P03,W196_V05_P03,W196_V06_P03,requirement
W196,P04,W196_V05_P04,W196_V06_P04,policy
W196,P05,W196_V05_P05,W196_V06_P05,semantic
W196,P06,W196_V05_P06,W196_V06_P06,numeric
W196,P07,W196_V05_P07,W196_V06_P07,major_semantic
W196,P08,W196_V05_P08,W196_V06_P08,reordering
W196,P09,W196_V05_P09,W196_V06_P09,date_time
W196,P10,W196_V05_P10,W196_V06_P10,deletion
W196,P01,W196_V06_P01,W196_V07_P01,reordering
W196,P02,W196_V06_P02,W196_V07_P02,date_time
W196,P03,W196_V06_P03,W196_V07_P03,deletion
W196,P04,W196_V06_P04,W196_V07_P04,addition
W196,P05,W196_V06_P05,W196_V07_P05,requirement
W196,P06,W196_V06_P06,W196_V07_P06,policy
W196,P07,W196_V06_P07,W196_V07_P07,semantic
W196,P08,W196_V06_P08,W196_V07_P08,numeric
W196,P09,W196_V06_P09,W196_V07_P09,major_semantic
W196,P10,W196_V06_P10,W196_V07_P10,reordering
W196,P01,W196_V07_P01,W196_V08_P01,numeric
W196,P02,W196_V07_P02,W196_V08_P02,major_semantic
W196,P03,W196_V07_P03,W196_V08_P03,reordering
W196,P04,W196_V07_P04,W196_V08_P04,date_time
W196,P05,W196_V07_P05,W196_V08_P05,deletion
W196,P06,W196_V07_P06,W196_V08_P06,addition
W196,P07,W196_V07_P07,W196_V08_P07,requirement
W196,P08,W196_V07_P08,W196_V08_P08,policy
W196,P09,W196_V07_P09,W196_V08_P09,semantic
W196,P10,W196_V07_P10,W196_V08_P10,numeric
W196,P01,W196_V08_P01,W196_V09_P01,policy
W196,P02,W196_V08_P02,W196_V09_P02,semantic
W196,P03,W196_V08_P03,W196_V09_P03,numeric
W196,P04,W196_V08_P04,W196_V09_P04,major_semantic
W196,P05,W196_V08_P05,W196_V09_P05,reordering
W196,P06,W196_V08_P06,W196_V09_P06,date_time
W196,P07,W196_V08_P07,W196_V09_P07,deletion
W196,P08,W196_V08_P08,W196_V09_P08,addition
W196,P09,W196_V08_P09,W196_V09_P09,requirement
W196,P10,W196_V08_P10,W196_V09_P10,policy
W196,P01,W196_V09_P01,W196_V10_P01,addition
W196,P02,W196_V09_P02,W196_V10_P02,requirement
W196,P03,W196_V09_P03,W196_V10_P03,policy
W196,P04,W196_V09_P04,W196_V10_P04,semantic
W196,P05,W196_V09_P05,W196_V10_P05,numeric
W196,P06,W196_V09_P06,W196_V10_P06,major_semantic
W196,P07,W196_V09_P07,W196_V10_P07,reordering
W196,P08,W196_V09_P08,W196_V10_P08,date_time
W196,P09,W196_V09_P09,W196_V10_P09,deletion
W196,P10,W196_V09_P10,W196_V10_P10,addition
W197,P01,W197_V01_P01,W197_V02_P01,deletion
W197,P02,W197_V01_P02,W197_V02_P02,addition
W197,P03,W197_V01_P03,W197_V02_P03,requirement
W197,P04,W197_V01_P04,W197_V02_P04,policy
W197,P05,W197_V01_P05,W197_V02_P05,semantic
W197,P06,W197_V01_P06,W197_V02_P06,numeric
W197,P07,W197_V01_P07,W197_V02_P07,major_semantic
W197,P08,W197_V01_P08,W197_V02_P08,reordering
W197,P09,W197_V01_P09,W197_V02_P09,date_time
W197,P10,W197_V01_P10,W197_V02_P10,deletion
W197,P01,W197_V02_P01,W197_V03_P01,reordering
W197,P02,W197_V02_P02,W197_V03_P02,date_time
W197,P03,W197_V02_P03,W197_V03_P03,deletion
W197,P04,W197_V02_P04,W197_V03_P04,addition
W197,P05,W197_V02_P05,W197_V03_P05,requirement
W197,P06,W197_V02_P06,W197_V03_P06,policy
W197,P07,W197_V02_P07,W197_V03_P07,semantic
W197,P08,W197_V02_P08,W197_V03_P08,numeric
W197,P09,W197_V02_P09,W197_V03_P09,major_semantic
W197,P10,W197_V02_P10,W197_V03_P10,reordering
W197,P01,W197_V03_P01,W197_V04_P01,numeric
W197,P02,W197_V03_P02,W197_V04_P02,major_semantic
W197,P03,W197_V03_P03,W197_V04_P03,reordering
W197,P04,W197_V03_P04,W197_V04_P04,date_time
W197,P05,W197_V03_P05,W197_V04_P05,deletion
W197,P06,W197_V03_P06,W197_V04_P06,addition
W197,P07,W197_V03_P07,W197_V04_P07,requirement
W197,P08,W197_V03_P08,W197_V04_P08,policy
W197,P09,W197_V03_P09,W197_V04_P09,semantic
W197,P10,W197_V03_P10,W197_V04_P10,numeric
W197,P01,W197_V04_P01,W197_V05_P01,policy
W197,P02,W197_V04_P02,W197_V05_P02,semantic
W197,P03,W197_V04_P03,W197_V05_P03,numeric
W197,P04,W197_V04_P04,W197_V05_P04,major_semantic
W197,P05,W197_V04_P05,W197_V05_P05,reordering
W197,P06,W197_V04_P06,W197_V05_P06,date_time
W197,P07,W197_V04_P07,W197_V05_P07,deletion
W197,P08,W197_V04_P08,W197_V05_P08,addition
W197,P09,W197_V04_P09,W197_V05_P09,requirement
W197,P10,W197_V04_P10,W197_V05_P10,policy
W197,P01,W197_V05_P01,W197_V06_P01,addition
W197,P02,W197_V05_P02,W197_V06_P02,requirement
W197,P03,W197_V05_P03,W197_V06_P03,policy
W197,P04,W197_V05_P04,W197_V06_P04,semantic
W197,P05,W197_V05_P05,W197_V06_P05,numeric
W197,P06,W197_V05_P06,W197_V06_P06,major_semantic
W197,P07,W197_V05_P07,W197_V06_P07,reordering
W197,P08,W197_V05_P08,W197_V06_P08,date_time
W197,P09,W197_V05_P09,W197_V06_P09,deletion
W197,P10,W197_V05_P10,W197_V06_P10,addition
W197,P01,W197_V06_P01,W197_V07_P01,date_time
W197,P02,W197_V06_P02,W197_V07_P02,deletion
W197,P03,W197_V06_P03,W197_V07_P03,addition
W197,P04,W197_V06_P04,W197_V07_P04,requirement
W197,P05,W197_V06_P05,W197_V07_P05,policy
W197,P06,W197_V06_P06,W197_V07_P06,semantic
W197,P07,W197_V06_P07,W197_V07_P07,numeric
W197,P08,W197_V06_P08,W197_V07_P08,major_semantic
W197,P09,W197_V06_P09,W197_V07_P09,reordering
W197,P10,W197_V06_P10,W197_V07_P10,date_time
W197,P01,W197_V07_P01,W197_V08_P01,major_semantic
W197,P02,W197_V07_P02,W197_V08_P02,reordering
W197,P03,W197_V07_P03,W197_V08_P03,date_time
W197,P04,W197_V07_P04,W197_V08_P04,deletion
W197,P05,W197_V07_P05,W197_V08_P05,addition
W197,P06,W197_V07_P06,W197_V08_P06,requirement
W197,P07,W197_V07_P07,W197_V08_P07,policy
W197,P08,W197_V07_P08,W197_V08_P08,semantic
W197,P09,W197_V07_P09,W197_V08_P09,numeric
W197,P10,W197_V07_P10,W197_V08_P10,major_semantic
W197,P01,W197_V08_P01,W197_V09_P01,semantic
W197,P02,W197_V08_P02,W197_V09_P02,numeric
W197,P03,W197_V08_P03,W197_V09_P03,major_semantic
W197,P04,W197_V08_P04,W197_V09_P04,reordering
W197,P05,W197_V08_P05,W197_V09_P05,date_time
W197,P06,W197_V08_P06,W197_V09_P06,deletion
W197,P07,W197_V08_P07,W197_V09_P07,addition
W197,P08,W197_V08_P08,W197_V09_P08,requirement
W197,P09,W197_V08_P09,W197_V09_P09,policy
W197,P10,W197_V08_P10,W197_V09_P10,semantic
W197,P01,W197_V09_P01,W197_V10_P01,requirement
W197,P02,W197_V09_P02,W197_V10_P02,policy
W197,P03,W197_V09_P03,W197_V10_P03,semantic
W197,P04,W197_V09_P04,W197_V10_P04,numeric
W197,P05,W197_V09_P05,W197_V10_P05,major_semantic
W197,P06,W197_V09_P06,W197_V10_P06,reordering
W197,P07,W197_V09_P07,W197_V10_P07,date_time
W197,P08,W197_V09_P08,W197_V10_P08,deletion
W197,P09,W197_V09_P09,W197_V10_P09,addition
W197,P10,W197_V09_P10,W197_V10_P10,requirement
W198,P01,W198_V01_P01,W198_V02_P01,addition
W198,P02,W198_V01_P02,W198_V02_P02,requirement
W198,P03,W198_V01_P03,W198_V02_P03,policy
W198,P04,W198_V01_P04,W198_V02_P04,semantic
W198,P05,W198_V01_P05,W198_V02_P05,numeric
W198,P06,W198_V01_P06,W198_V02_P06,major_semantic
W198,P07,W198_V01_P07,W198_V02_P07,reordering
W198,P08,W198_V01_P08,W198_V02_P08,date_time
W198,P09,W198_V01_P09,W198_V02_P09,deletion
W198,P10,W198_V01_P10,W198_V02_P10,addition
W198,P01,W198_V02_P01,W198_V03_P01,date_time
W198,P02,W198_V02_P02,W198_V03_P02,deletion
W198,P03,W198_V02_P03,W198_V03_P03,addition
W198,P04,W198_V02_P04,W198_V03_P04,requirement
W198,P05,W198_V02_P05,W198_V03_P05,policy
W198,P06,W198_V02_P06,W198_V03_P06,semantic
W198,P07,W198_V02_P07,W198_V03_P07,numeric
W198,P08,W198_V02_P08,W198_V03_P08,major_semantic
W198,P09,W198_V02_P09,W198_V03_P09,reordering
W198,P10,W198_V02_P10,W198_V03_P10,date_time
W198,P01,W198_V03_P01,W198_V04_P01,major_semantic
W198,P02,W198_V03_P02,W198_V04_P02,reordering
W198,P03,W198_V03_P03,W198_V04_P03,date_time
W198,P04,W198_V03_P04,W198_V04_P04,deletion
W198,P05,W198_V03_P05,W198_V04_P05,addition
W198,P06,W198_V03_P06,W198_V04_P06,requirement
W198,P07,W198_V03_P07,W198_V04_P07,policy
W198,P08,W198_V03_P08,W198_V04_P08,semantic
W198,P09,W198_V03_P09,W198_V04_P09,numeric
W198,P10,W198_V03_P10,W198_V04_P10,major_semantic
W198,P01,W198_V04_P01,W198_V05_P01,semantic
W198,P02,W198_V04_P02,W198_V05_P02,numeric
W198,P03,W198_V04_P03,W198_V05_P03,major_semantic
W198,P04,W198_V04_P04,W198_V05_P04,reordering
W198,P05,W198_V04_P05,W198_V05_P05,date_time
W198,P06,W198_V04_P06,W198_V05_P06,deletion
W198,P07,W198_V04_P07,W198_V05_P07,addition
W198,P08,W198_V04_P08,W198_V05_P08,requirement
W198,P09,W198_V04_P09,W198_V05_P09,policy
W198,P10,W198_V04_P10,W198_V05_P10,semantic
W198,P01,W198_V05_P01,W198_V06_P01,requirement
W198,P02,W198_V05_P02,W198_V06_P02,policy
W198,P03,W198_V05_P03,W198_V06_P03,semantic
W198,P04,W198_V05_P04,W198_V06_P04,numeric
W198,P05,W198_V05_P05,W198_V06_P05,major_semantic
W198,P06,W198_V05_P06,W198_V06_P06,reordering
W198,P07,W198_V05_P07,W198_V06_P07,date_time
W198,P08,W198_V05_P08,W198_V06_P08,deletion
W198,P09,W198_V05_P09,W198_V06_P09,addition
W198,P10,W198_V05_P10,W198_V06_P10,requirement
W198,P01,W198_V06_P01,W198_V07_P01,deletion
W198,P02,W198_V06_P02,W198_V07_P02,addition
W198,P03,W198_V06_P03,W198_V07_P03,requirement
W198,P04,W198_V06_P04,W198_V07_P04,policy
W198,P05,W198_V06_P05,W198_V07_P05,semantic
W198,P06,W198_V06_P06,W198_V07_P06,numeric
W198,P07,W198_V06_P07,W198_V07_P07,major_semantic
W198,P08,W198_V06_P08,W198_V07_P08,reordering
W198,P09,W198_V06_P09,W198_V07_P09,date_time
W198,P10,W198_V06_P10,W198_V07_P10,deletion
W198,P01,W198_V07_P01,W198_V08_P01,reordering
W198,P02,W198_V07_P02,W198_V08_P02,date_time
W198,P03,W198_V07_P03,W198_V08_P03,deletion
W198,P04,W198_V07_P04,W198_V08_P04,addition
W198,P05,W198_V07_P05,W198_V08_P05,requirement
W198,P06,W198_V07_P06,W198_V08_P06,policy
W198,P07,W198_V07_P07,W198_V08_P07,semantic
W198,P08,W198_V07_P08,W198_V08_P08,numeric
W198,P09,W198_V07_P09,W198_V08_P09,major_semantic
W198,P10,W198_V07_P10,W198_V08_P10,reordering
W198,P01,W198_V08_P01,W198_V09_P01,numeric
W198,P02,W198_V08_P02,W198_V09_P02,major_semantic
W198,P03,W198_V08_P03,W198_V09_P03,reordering
W198,P04,W198_V08_P04,W198_V09_P04,date_time
W198,P05,W198_V08_P05,W198_V09_P05,deletion
W198,P06,W198_V08_P06,W198_V09_P06,addition
W198,P07,W198_V08_P07,W198_V09_P07,requirement
W198,P08,W198_V08_P08,W198_V09_P08,policy
W198,P09,W198_V08_P09,W198_V09_P09,semantic
W198,P10,W198_V08_P10,W198_V09_P10,numeric
W198,P01,W198_V09_P01,W198_V10_P01,policy
W198,P02,W198_V09_P02,W198_V10_P02,semantic
W198,P03,W198_V09_P03,W198_V10_P03,numeric
W198,P04,W198_V09_P04,W198_V10_P04,major_semantic
W198,P05,W198_V09_P05,W198_V10_P05,reordering
W198,P06,W198_V09_P06,W198_V10_P06,date_time
W198,P07,W198_V09_P07,W198_V10_P07,deletion
W198,P08,W198_V09_P08,W198_V10_P08,addition
W198,P09,W198_V09_P09,W198_V10_P09,requirement
W198,P10,W198_V09_P10,W198_V10_P10,policy
W199,P01,W199_V01_P01,W199_V02_P01,requirement
W199,P02,W199_V01_P02,W199_V02_P02,policy
W199,P03,W199_V01_P03,W199_V02_P03,semantic
W199,P04,W199_V01_P04,W199_V02_P04,numeric
W199,P05,W199_V01_P05,W199_V02_P05,major_semantic
W199,P06,W199_V01_P06,W199_V02_P06,reordering
W199,P07,W199_V01_P07,W199_V02_P07,date_time
W199,P08,W199_V01_P08,W199_V02_P08,deletion
W199,P09,W199_V01_P09,W199_V02_P09,addition
W199,P10,W199_V01_P10,W199_V02_P10,requirement
W199,P01,W199_V02_P01,W199_V03_P01,deletion
W199,P02,W199_V02_P02,W199_V03_P02,addition
W199,P03,W199_V02_P03,W199_V03_P03,requirement
W199,P04,W199_V02_P04,W199_V03_P04,policy
W199,P05,W199_V02_P05,W199_V03_P05,semantic
W199,P06,W199_V02_P06,W199_V03_P06,numeric
W199,P07,W199_V02_P07,W199_V03_P07,major_semantic
W199,P08,W199_V02_P08,W199_V03_P08,reordering
W199,P09,W199_V02_P09,W199_V03_P09,date_time
W199,P10,W199_V02_P10,W199_V03_P10,deletion
W199,P01,W199_V03_P01,W199_V04_P01,reordering
W199,P02,W199_V03_P02,W199_V04_P02,date_time
W199,P03,W199_V03_P03,W199_V04_P03,deletion
W199,P04,W199_V03_P04,W199_V04_P04,addition
W199,P05,W199_V03_P05,W199_V04_P05,requirement
W199,P06,W199_V03_P06,W199_V04_P06,policy
W199,P07,W199_V03_P07,W199_V04_P07,semantic
W199,P08,W199_V03_P08,W199_V04_P08,numeric
W199,P09,W199_V03_P09,W199_V04_P09,major_semantic
W199,P10,W199_V03_P10,W199_V04_P10,reordering
W199,P01,W199_V04_P01,W199_V05_P01,numeric
W199,P02,W199_V04_P02,W199_V05_P02,major_semantic
W199,P03,W199_V04_P03,W199_V05_P03,reordering
W199,P04,W199_V04_P04,W199_V05_P04,date_time
W199,P05,W199_V04_P05,W199_V05_P05,deletion
W199,P06,W199_V04_P06,W199_V05_P06,addition
W199,P07,W199_V04_P07,W199_V05_P07,requirement
W199,P08,W199_V04_P08,W199_V05_P08,policy
W199,P09,W199_V04_P09,W199_V05_P09,semantic
W199,P10,W199_V04_P10,W199_V05_P10,numeric
W199,P01,W199_V05_P01,W199_V06_P01,policy
W199,P02,W199_V05_P02,W199_V06_P02,semantic
W199,P03,W199_V05_P03,W199_V06_P03,numeric
W199,P04,W199_V05_P04,W199_V06_P04,major_semantic
W199,P05,W199_V05_P05,W199_V06_P05,reordering
W199,P06,W199_V05_P06,W199_V06_P06,date_time
W199,P07,W199_V05_P07,W199_V06_P07,deletion
W199,P08,W199_V05_P08,W199_V06_P08,addition
W199,P09,W199_V05_P09,W199_V06_P09,requirement
W199,P10,W199_V05_P10,W199_V06_P10,policy
W199,P01,W199_V06_P01,W199_V07_P01,addition
W199,P02,W199_V06_P02,W199_V07_P02,requirement
W199,P03,W199_V06_P03,W199_V07_P03,policy
W199,P04,W199_V06_P04,W199_V07_P04,semantic
W199,P05,W199_V06_P05,W199_V07_P05,numeric
W199,P06,W199_V06_P06,W199_V07_P06,major_semantic
W199,P07,W199_V06_P07,W199_V07_P07,reordering
W199,P08,W199_V06_P08,W199_V07_P08,date_time
W199,P09,W199_V06_P09,W199_V07_P09,deletion
W199,P10,W199_V06_P10,W199_V07_P10,addition
W199,P01,W199_V07_P01,W199_V08_P01,date_time
W199,P02,W199_V07_P02,W199_V08_P02,deletion
W199,P03,W199_V07_P03,W199_V08_P03,addition
W199,P04,W199_V07_P04,W199_V08_P04,requirement
W199,P05,W199_V07_P05,W199_V08_P05,policy
W199,P06,W199_V07_P06,W199_V08_P06,semantic
W199,P07,W199_V07_P07,W199_V08_P07,numeric
W199,P08,W199_V07_P08,W199_V08_P08,major_semantic
W199,P09,W199_V07_P09,W199_V08_P09,reordering
W199,P10,W199_V07_P10,W199_V08_P10,date_time
W199,P01,W199_V08_P01,W199_V09_P01,major_semantic
W199,P02,W199_V08_P02,W199_V09_P02,reordering
W199,P03,W199_V08_P03,W199_V09_P03,date_time
W199,P04,W199_V08_P04,W199_V09_P04,deletion
W199,P05,W199_V08_P05,W199_V09_P05,addition
W199,P06,W199_V08_P06,W199_V09_P06,requirement
W199,P07,W199_V08_P07,W199_V09_P07,policy
W199,P08,W199_V08_P08,W199_V09_P08,semantic
W199,P09,W199_V08_P09,W199_V09_P09,numeric
W199,P10,W199_V08_P10,W199_V09_P10,major_semantic
W199,P01,W199_V09_P01,W199_V10_P01,semantic
W199,P02,W199_V09_P02,W199_V10_P02,numeric
W199,P03,W199_V09_P03,W199_V10_P03,major_semantic
W199,P04,W199_V09_P04,W199_V10_P04,reordering
W199,P05,W199_V09_P05,W199_V10_P05,date_time
W199,P06,W199_V09_P06,W199_V10_P06,deletion
W199,P07,W199_V09_P07,W199_V10_P07,addition
W199,P08,W199_V09_P08,W199_V10_P08,requirement
W199,P09,W199_V09_P09,W199_V10_P09,policy
W199,P10,W199_V09_P10,W199_V10_P10,semantic
W200,P01,W200_V01_P01,W200_V02_P01,policy
W200,P02,W200_V01_P02,W200_V02_P02,semantic
W200,P03,W200_V01_P03,W200_V02_P03,numeric
W200,P04,W200_V01_P04,W200_V02_P04,major_semantic
W200,P05,W200_V01_P05,W200_V02_P05,reordering
W200,P06,W200_V01_P06,W200_V02_P06,date_time
W200,P07,W200_V01_P07,W200_V02_P07,deletion
W200,P08,W200_V01_P08,W200_V02_P08,addition
W200,P09,W200_V01_P09,W200_V02_P09,requirement
W200,P10,W200_V01_P10,W200_V02_P10,policy
W200,P01,W200_V02_P01,W200_V03_P01,addition
W200,P02,W200_V02_P02,W200_V03_P02,requirement
W200,P03,W200_V02_P03,W200_V03_P03,policy
W200,P04,W200_V02_P04,W200_V03_P04,semantic
W200,P05,W200_V02_P05,W200_V03_P05,numeric
W200,P06,W200_V02_P06,W200_V03_P06,major_semantic
W200,P07,W200_V02_P07,W200_V03_P07,reordering
W200,P08,W200_V02_P08,W200_V03_P08,date_time
W200,P09,W200_V02_P09,W200_V03_P09,deletion
W200,P10,W200_V02_P10,W200_V03_P10,addition
W200,P01,W200_V03_P01,W200_V04_P01,date_time
W200,P02,W200_V03_P02,W200_V04_P02,deletion
W200,P03,W200_V03_P03,W200_V04_P03,addition
W200,P04,W200_V03_P04,W200_V04_P04,requirement
W200,P05,W200_V03_P05,W200_V04_P05,policy
W200,P06,W200_V03_P06,W200_V04_P06,semantic
W200,P07,W200_V03_P07,W200_V04_P07,numeric
W200,P08,W200_V03_P08,W200_V04_P08,major_semantic
W200,P09,W200_V03_P09,W200_V04_P09,reordering
W200,P10,W200_V03_P10,W200_V04_P10,date_time
W200,P01,W200_V04_P01,W200_V05_P01,major_semantic
W200,P02,W200_V04_P02,W200_V05_P02,reordering
W200,P03,W200_V04_P03,W200_V05_P03,date_time
W200,P04,W200_V04_P04,W200_V05_P04,deletion
W200,P05,W200_V04_P05,W200_V05_P05,addition
W200,P06,W200_V04_P06,W200_V05_P06,requirement
W200,P07,W200_V04_P07,W200_V05_P07,policy
W200,P08,W200_V04_P08,W200_V05_P08,semantic
W200,P09,W200_V04_P09,W200_V05_P09,numeric
W200,P10,W200_V04_P10,W200_V05_P10,major_semantic
W200,P01,W200_V05_P01,W200_V06_P01,semantic
W200,P02,W200_V05_P02,W200_V06_P02,numeric
W200,P03,W200_V05_P03,W200_V06_P03,major_semantic
W200,P04,W200_V05_P04,W200_V06_P04,reordering
W200,P05,W200_V05_P05,W200_V06_P05,date_time
W200,P06,W200_V05_P06,W200_V06_P06,deletion
W200,P07,W200_V05_P07,W200_V06_P07,addition
W200,P08,W200_V05_P08,W200_V06_P08,requirement
W200,P09,W200_V05_P09,W200_V06_P09,policy
W200,P10,W200_V05_P10,W200_V06_P10,semantic
W200,P01,W200_V06_P01,W200_V07_P01,requirement
W200,P02,W200_V06_P02,W200_V07_P02,policy
W200,P03,W200_V06_P03,W200_V07_P03,semantic
W200,P04,W200_V06_P04,W200_V07_P04,numeric
W200,P05,W200_V06_P05,W200_V07_P05,major_semantic
W200,P06,W200_V06_P06,W200_V07_P06,reordering
W200,P07,W200_V06_P07,W200_V07_P07,date_time
W200,P08,W200_V06_P08,W200_V07_P08,deletion
W200,P09,W200_V06_P09,W200_V07_P09,addition
W200,P10,W200_V06_P10,W200_V07_P10,requirement
W200,P01,W200_V07_P01,W200_V08_P01,deletion
W200,P02,W200_V07_P02,W200_V08_P02,addition
W200,P03,W200_V07_P03,W200_V08_P03,requirement
W200,P04,W200_V07_P04,W200_V08_P04,policy
W200,P05,W200_V07_P05,W200_V08_P05,semantic
W200,P06,W200_V07_P06,W200_V08_P06,numeric
W200,P07,W200_V07_P07,W200_V08_P07,major_semantic
W200,P08,W200_V07_P08,W200_V08_P08,reordering
W200,P09,W200_V07_P09,W200_V08_P09,date_time
W200,P10,W200_V07_P10,W200_V08_P10,deletion
W200,P01,W200_V08_P01,W200_V09_P01,reordering
W200,P02,W200_V08_P02,W200_V09_P02,date_time
W200,P03,W200_V08_P03,W200_V09_P03,deletion
W200,P04,W200_V08_P04,W200_V09_P04,addition
W200,P05,W200_V08_P05,W200_V09_P05,requirement
W200,P06,W200_V08_P06,W200_V09_P06,policy
W200,P07,W200_V08_P07,W200_V09_P07,semantic
W200,P08,W200_V08_P08,W200_V09_P08,numeric
W200,P09,W200_V08_P09,W200_V09_P09,major_semantic
W200,P10,W200_V08_P10,W200_V09_P10,reordering
W200,P01,W200_V09_P01,W200_V10_P01,numeric
W200,P02,W200_V09_P02,W200_V10_P02,major_semantic
W200,P03,W200_V09_P03,W200_V10_P03,reordering
W200,P04,W200_V09_P04,W200_V10_P04,date_time
W200,P05,W200_V09_P05,W200_V10_P05,deletion
W200,P06,W200_V09_P06,W200_V10_P06,addition
W200,P07,W200_V09_P07,W200_V10_P07,requirement
W200,P08,W200_V09_P08,W200_V10_P08,policy
W200,P09,W200_V09_P09,W200_V10_P09,semantic
W200,P10,W200_V09_P10,W200_V10_P10,numeric
