snapshot_id,website_id,snapshot_version,snapshot_timestamp_iso,version_count_at_snapshot,latest_release_version,stale_eligible,split
SNAP-W001-V01,W001,V01,2026-01-01T00:00:00Z,1,V10,yes,train
SNAP-W001-V02,W001,V02,2026-01-08T00:00:00Z,2,V10,yes,train
SNAP-W001-V03,W001,V03,2026-01-15T00:00:00Z,3,V10,yes,train
SNAP-W001-V04,W001,V04,2026-01-22T00:00:00Z,4,V10,yes,train
SNAP-W001-V05,W001,V05,2026-01-29T00:00:00Z,5,V10,yes,train
SNAP-W001-V06,W001,V06,2026-02-05T00:00:00Z,6,V10,yes,train
SNAP-W001-V07,W001,V07,2026-02-12T00:00:00Z,7,V10,yes,train
SNAP-W001-V08,W001,V08,2026-02-19T00:00:00Z,8,V10,yes,train
SNAP-W001-V09,W001,V09,2026-02-26T00:00:00Z,9,V10,yes,train
SNAP-W002-V01,W002,V01,2026-01-01T00:00:00Z,1,V10,yes,train
SNAP-W002-V02,W002,V02,2026-01-08T00:00:00Z,2,V10,yes,train
SNAP-W002-V03,W002,V03,2026-01-15T00:00:00Z,3,V10,yes,train
SNAP-W002-V04,W002,V04,2026-01-22T00:00:00Z,4,V10,yes,train
SNAP-W002-V05,W002,V05,2026-01-29T00:00:00Z,5,V10,yes,train
SNAP-W002-V06,W002,V06,2026-02-05T00:00:00Z,6,V10,yes,train
SNAP-W002-V07,W002,V07,2026-02-12T00:00:00Z,7,V10,yes,train
SNAP-W002-V08,W002,V08,2026-02-19T00:00:00Z,8,V10,yes,train
SNAP-W002-V09,W002,V09,2026-02-26T00:00:00Z,9,V10,yes,train
SNAP-W003-V01,W003,V01,2026-01-01T00:00:00Z,1,V10,yes,train
SNAP-W003-V02,W003,V02,2026-01-08T00:00:00Z,2,V10,yes,train
SNAP-W003-V03,W003,V03,2026-01-15T00:00:00Z,3,V10,yes,train
SNAP-W003-V04,W003,V04,2026-01-22T00:00:00Z,4,V10,yes,train
SNAP-W003-V05,W003,V05,2026-01-29T00:00:00Z,5,V10,yes,train
SNAP-W003-V06,W003,V06,2026-02-05T00:00:00Z,6,V10,yes,train
SNAP-W003-V07,W003,V07,2026-02-12T00:00:00Z,7,V10,yes,train
SNAP-W003-V08,W003,V08,2026-02-19T00:00:00Z,8,V10,yes,train
SNAP-W003-V09,W003,V09,2026-02-26T00:00:00Z,9,V10,yes,train
SNAP-W004-V01,W004,V01,2026-01-01T00:00:00Z,1,V10,yes,train
SNAP-W004-V02,W004,V02,2026-01-08T00:00:00Z,2,V10,yes,train
SNAP-W004-V03,W004,V03,2026-01-15T00:00:00Z,3,V10,yes,train
SNAP-W004-V04,W004,V04,2026-01-22T00:00:00Z,4,V10,yes,train
SNAP-W004-V05,W004,V05,2026-01-29T00:00:00Z,5,V10,yes,train
SNAP-W004-V06,W004,V06,2026-02-05T00:00:00Z,6,V10,yes,train
SNAP-W004-V07,W004,V07,2026-02-12T00:00:00Z,7,V10,yes,train
SNAP-W004-V08,W004,V08,2026-02-19T00:00:00Z,8,V10,yes,train
SNAP-W004-V09,W004,V09,2026-02-26T00:00:00Z,9,V10,yes,train
SNAP-W005-V01,W005,V01,2026-01-01T00:00:00Z,1,V10,yes,train
SNAP-W005-V02,W005,V02,2026-01-08T00:00:00Z,2,V10,yes,train
SNAP-W005-V03,W005,V03,2026-01-15T00:00:00Z,3,V10,yes,train
SNAP-W005-V04,W005,V04,2026-01-22T00:00:00Z,4,V10,yes,train
SNAP-W005-V05,W005,V05,2026-01-29T00:00:00Z,5,V10,yes,train
SNAP-W005-V06,W005,V06,2026-02-05T00:00:00Z,6,V10,yes,train
SNAP-W005-V07,W005,V07,2026-02-12T00:00:00Z,7,V10,yes,train
SNAP-W005-V08,W005,V08,2026-02-19T00:00:00Z,8,V10,yes,train
SNAP-W005-V09,W005,V09,2026-02-26T00:00:00Z,9,V10,yes,train
SNAP-W006-V01,W006,V01,2026-01-01T00:00:00Z,1,V10,yes,train
SNAP-W006-V02,W006,V02,2026-01-08T00:00:00Z,2,V10,yes,train
SNAP-W006-V03,W006,V03,2026-01-15T00:00:00Z,3,V10,yes,train
SNAP-W006-V04,W006,V04,2026-01-22T00:00:00Z,4,V10,yes,train
SNAP-W006-V05,W006,V05,2026-01-29T00:00:00Z,5,V10,yes,train
SNAP-W006-V06,W006,V06,2026-02-05T00:00:00Z,6,V10,yes,train
SNAP-W006-V07,W006,V07,2026-02-12T00:00:00Z,7,V10,yes,train
SNAP-W006-V08,W006,V08,2026-02-19T00:00:00Z,8,V10,yes,train
SNAP-W006-V09,W006,V09,2026-02-26T00:00:00Z,9,V10,yes,train
SNAP-W007-V01,W007,V01,2026-01-01T00:00:00Z,1,V10,yes,train
SNAP-W007-V02,W007,V02,2026-01-08T00:00:00Z,2,V10,yes,train
SNAP-W007-V03,W007,V03,2026-01-15T00:00:00Z,3,V10,yes,train
SNAP-W007-V04,W007,V04,2026-01-22T00:00:00Z,4,V10,yes,train
SNAP-W007-V05,W007,V05,2026-01-29T00:00:00Z,5,V10,yes,train
SNAP-W007-V06,W007,V06,2026-02-05T00:00:00Z,6,V10,yes,train
SNAP-W007-V07,W007,V07,2026-02-12T00:00:00Z,7,V10,yes,train
SNAP-W007-V08,W007,V08,2026-02-19T00:00:00Z,8,V10,yes,train
SNAP-W007-V09,W007,V09,2026-02-26T00:00:00Z,9,V10,yes,train
SNAP-W008-V01,W008,V01,2026-01-01T00:00:00Z,1,V10,yes,train
SNAP-W008-V02,W008,V02,2026-01-08T00:00:00Z,2,V10,yes,train
SNAP-W008-V03,W008,V03,2026-01-15T00:00:00Z,3,V10,yes,train
SNAP-W008-V04,W008,V04,2026-01-22T00:00:00Z,4,V10,yes,train
SNAP-W008-V05,W008,V05,2026-01-29T00:00:00Z,5,V10,yes,train
SNAP-W008-V06,W008,V06,2026-02-05T00:00:00Z,6,V10,yes,train
SNAP-W008-V07,W008,V07,2026-02-12T00:00:00Z,7,V10,yes,train
SNAP-W008-V08,W008,V08,2026-02-19T00:00:00Z,8,V10,yes,train
SNAP-W008-V09,W008,V09,2026-02-26T00:00:00Z,9,V10,yes,train
SNAP-W009-V01,W009,V01,2026-01-01T00:00:00Z,1,V10,yes,train
SNAP-W009-V02,W009,V02,2026-01-08T00:00:00Z,2,V10,yes,train
SNAP-W009-V03,W009,V03,2026-01-15T00:00:00Z,3,V10,yes,train
SNAP-W009-V04,W009,V04,2026-01-22T00:00:00Z,4,V10,yes,train
SNAP-W009-V05,W009,V05,2026-01-29T00:00:00Z,5,V10,yes,train
SNAP-W009-V06,W009,V06,2026-02-05T00:00:00Z,6,V10,yes,train
SNAP-W009-V07,W009,V07,2026-02-12T00:00:00Z,7,V10,yes,train
SNAP-W009-V08,W009,V08,2026-02-19T00:00:00Z,8,V10,yes,train
SNAP-W009-V09,W009,V09,2026-02-26T00:00:00Z,9,V10,yes,train
SNAP-W010-V01,W010,V01,2026-01-01T00:00:00Z,1,V10,yes,train
SNAP-W010-V02,W010,V02,2026-01-08T00:00:00Z,2,V10,yes,train
SNAP-W010-V03,W010,V03,2026-01-15T00:00:00Z,3,V10,yes,train
SNAP-W010-V04,W010,V04,2026-01-22T00:00:00Z,4,V10,yes,train
SNAP-W010-V05,W010,V05,2026-01-29T00:00:00Z,5,V10,yes,train
SNAP-W010-V06,W010,V06,2026-02-05T00:00:00Z,6,V10,yes,train
SNAP-W010-V07,W010,V07,2026-02-12T00:00:00Z,7,V10,yes,train
SNAP-W010-V08,W010,V08,2026-02-19T00:00:00Z,8,V10,yes,train
SNAP-W010-V09,W010,V09,2026-02-26T00:00:00Z,9,V10,yes,train
SNAP-W011-V01,W011,V01,2026-01-01T00:00:00Z,1,V10,yes,train
SNAP-W011-V02,W011,V02,2026-01-08T00:00:00Z,2,V10,yes,train
SNAP-W011-V03,W011,V03,2026-01-15T00:00:00Z,3,V10,yes,train
SNAP-W011-V04,W011,V04,2026-01-22T00:00:00Z,4,V10,yes,train
SNAP-W011-V05,W011,V05,2026-01-29T00:00:00Z,5,V10,yes,train
SNAP-W011-V06,W011,V06,2026-02-05T00:00:00Z,6,V10,yes,train
SNAP-W011-V07,W011,V07,2026-02-12T00:00:00Z,7,V10,yes,train
SNAP-W011-V08,W011,V08,2026-02-19T00:00:00Z,8,V10,yes,train
SNAP-W011-V09,W011,V09,2026-02-26T00:00:00Z,9,V10,yes,train
SNAP-W012-V01,W012,V01,2026-01-01T00:00:00Z,1,V10,yes,train
SNAP-W012-V02,W012,V02,2026-01-08T00:00:00Z,2,V10,yes,train
SNAP-W012-V03,W012,V03,2026-01-15T00:00:00Z,3,V10,yes,train
SNAP-W012-V04,W012,V04,2026-01-22T00:00:00Z,4,V10,yes,train
SNAP-W012-V05,W012,V05,2026-01-29T00:00:00Z,5,V10,yes,train
SNAP-W012-V06,W012,V06,2026-02-05T00:00:00Z,6,V10,yes,train
SNAP-W012-V07,W012,V07,2026-02-12T00:00:00Z,7,V10,yes,train
SNAP-W012-V08,W012,V08,2026-02-19T00:00:00Z,8,V10,yes,train
SNAP-W012-V09,W012,V09,2026-02-26T00:00:00Z,9,V10,yes,train
SNAP-W013-V01,W013,V01,2026-01-01T00:00:00Z,1,V10,yes,train
SNAP-W013-V02,W013,V02,2026-01-08T00:00:00Z,2,V10,yes,train
SNAP-W013-V03,W013,V03,2026-01-15T00:00:00Z,3,V10,yes,train
SNAP-W013-V04,W013,V04,2026-01-22T00:00:00Z,4,V10,yes,train
SNAP-W013-V05,W013,V05,2026-01-29T00:00:00Z,5,V10,yes,train
SNAP-W013-V06,W013,V06,2026-02-05T00:00:00Z,6,V10,yes,train
SNAP-W013-V07,W013,V07,2026-02-12T00:00:00Z,7,V10,yes,train
SNAP-W013-V08,W013,V08,2026-02-19T00:00:00Z,8,V10,yes,train
SNAP-W013-V09,W013,V09,2026-02-26T00:00:00Z,9,V10,yes,train
SNAP-W014-V01,W014,V01,2026-01-01T00:00:00Z,1,V10,yes,train
SNAP-W014-V02,W014,V02,2026-01-08T00:00:00Z,2,V10,yes,train
SNAP-W014-V03,W014,V03,2026-01-15T00:00:00Z,3,V10,yes,train
SNAP-W014-V04,W014,V04,2026-01-22T00:00:00Z,4,V10,yes,train
SNAP-W014-V05,W014,V05,2026-01-29T00:00:00Z,5,V10,yes,train
SNAP-W014-V06,W014,V06,2026-02-05T00:00:00Z,6,V10,yes,train
SNAP-W014-V07,W014,V07,2026-02-12T00:00:00Z,7,V10,yes,train
SNAP-W014-V08,W014,V08,2026-02-19T00:00:00Z,8,V10,yes,train
SNAP-W014-V09,W014,V09,2026-02-26T00:00:00Z,9,V10,yes,train
SNAP-W015-V01,W015,V01,2026-01-01T00:00:00Z,1,V10,yes,train
SNAP-W015-V02,W015,V02,2026-01-08T00:00:00Z,2,V10,yes,train
SNAP-W015-V03,W015,V03,2026-01-15T00:00:00Z,3,V10,yes,train
SNAP-W015-V04,W015,V04,2026-01-22T00:00:00Z,4,V10,yes,train
SNAP-W015-V05,W015,V05,2026-01-29T00:00:00Z,5,V10,yes,train
SNAP-W015-V06,W015,V06,2026-02-05T00:00:00Z,6,V10,yes,train
SNAP-W015-V07,W015,V07,2026-02-12T00:00:00Z,7,V10,yes,train
SNAP-W015-V08,W015,V08,2026-02-19T00:00:00Z,8,V10,yes,train
SNAP-W015-V09,W015,V09,2026-02-26T00:00:00Z,9,V10,yes,train
SNAP-W016-V01,W016,V01,2026-01-01T00:00:00Z,1,V10,yes,train
SNAP-W016-V02,W016,V02,2026-01-08T00:00:00Z,2,V10,yes,train
SNAP-W016-V03,W016,V03,2026-01-15T00:00:00Z,3,V10,yes,train
SNAP-W016-V04,W016,V04,2026-01-22T00:00:00Z,4,V10,yes,train
SNAP-W016-V05,W016,V05,2026-01-29T00:00:00Z,5,V10,yes,train
SNAP-W016-V06,W016,V06,2026-02-05T00:00:00Z,6,V10,yes,train
SNAP-W016-V07,W016,V07,2026-02-12T00:00:00Z,7,V10,yes,train
SNAP-W016-V08,W016,V08,2026-02-19T00:00:00Z,8,V10,yes,train
SNAP-W016-V09,W016,V09,2026-02-26T00:00:00Z,9,V10,yes,train
SNAP-W017-V01,W017,V01,2026-01-01T00:00:00Z,1,V10,yes,train
SNAP-W017-V02,W017,V02,2026-01-08T00:00:00Z,2,V10,yes,train
SNAP-W017-V03,W017,V03,2026-01-15T00:00:00Z,3,V10,yes,train
SNAP-W017-V04,W017,V04,2026-01-22T00:00:00Z,4,V10,yes,train
SNAP-W017-V05,W017,V05,2026-01-29T00:00:00Z,5,V10,yes,train
SNAP-W017-V06,W017,V06,2026-02-05T00:00:00Z,6,V10,yes,train
SNAP-W017-V07,W017,V07,2026-02-12T00:00:00Z,7,V10,yes,train
SNAP-W017-V08,W017,V08,2026-02-19T00:00:00Z,8,V10,yes,train
SNAP-W017-V09,W017,V09,2026-02-26T00:00:00Z,9,V10,yes,train
SNAP-W018-V01,W018,V01,2026-01-01T00:00:00Z,1,V10,yes,train
SNAP-W018-V02,W018,V02,2026-01-08T00:00:00Z,2,V10,yes,train
SNAP-W018-V03,W018,V03,2026-01-15T00:00:00Z,3,V10,yes,train
SNAP-W018-V04,W018,V04,2026-01-22T00:00:00Z,4,V10,yes,train
SNAP-W018-V05,W018,V05,2026-01-29T00:00:00Z,5,V10,yes,train
SNAP-W018-V06,W018,V06,2026-02-05T00:00:00Z,6,V10,yes,train
SNAP-W018-V07,W018,V07,2026-02-12T00:00:00Z,7,V10,yes,train
SNAP-W018-V08,W018,V08,2026-02-19T00:00:00Z,8,V10,yes,train
SNAP-W018-V09,W018,V09,2026-02-26T00:00:00Z,9,V10,yes,train
SNAP-W019-V01,W019,V01,2026-01-01T00:00:00Z,1,V10,yes,train
SNAP-W019-V02,W019,V02,2026-01-08T00:00:00Z,2,V10,yes,train
SNAP-W019-V03,W019,V03,2026-01-15T00:00:00Z,3,V10,yes,train
SNAP-W019-V04,W019,V04,2026-01-22T00:00:00Z,4,V10,yes,train
SNAP-W019-V05,W019,V05,2026-01-29T00:00:00Z,5,V10,yes,train
SNAP-W019-V06,W019,V06,2026-02-05T00:00:00Z,6,V10,yes,train
SNAP-W019-V07,W019,V07,2026-02-12T00:00:00Z,7,V10,yes,train
SNAP-W019-V08,W019,V08,2026-02-19T00:00:00Z,8,V10,yes,train
SNAP-W019-V09,W019,V09,2026-02-26T00:00:00Z,9,V10,yes,train
SNAP-W020-V01,W020,V01,2026-01-01T00:00:00Z,1,V10,yes,train
SNAP-W020-V02,W020,V02,2026-01-08T00:00:00Z,2,V10,yes,train
SNAP-W020-V03,W020,V03,2026-01-15T00:00:00Z,3,V10,yes,train
SNAP-W020-V04,W020,V04,2026-01-22T00:00:00Z,4,V10,yes,train
SNAP-W020-V05,W020,V05,2026-01-29T00:00:00Z,5,V10,yes,train
SNAP-W020-V06,W020,V06,2026-02-05T00:00:00Z,6,V10,yes,train
SNAP-W020-V07,W020,V07,2026-02-12T00:00:00Z,7,V10,yes,train
SNAP-W020-V08,W020,V08,2026-02-19T00:00:00Z,8,V10,yes,train
SNAP-W020-V09,W020,V09,2026-02-26T00:00:00Z,9,V10,yes,train
SNAP-W021-V01,W021,V01,2026-01-01T00:00:00Z,1,V10,yes,train
SNAP-W021-V02,W021,V02,2026-01-08T00:00:00Z,2,V10,yes,train
SNAP-W021-V03,W021,V03,2026-01-15T00:00:00Z,3,V10,yes,train
SNAP-W021-V04,W021,V04,2026-01-22T00:00:00Z,4,V10,yes,train
SNAP-W021-V05,W021,V05,2026-01-29T00:00:00Z,5,V10,yes,train
SNAP-W021-V06,W021,V06,2026-02-05T00:00:00Z,6,V10,yes,train
SNAP-W021-V07,W021,V07,2026-02-12T00:00:00Z,7,V10,yes,train
SNAP-W021-V08,W021,V08,2026-02-19T00:00:00Z,8,V10,yes,train
SNAP-W021-V09,W021,V09,2026-02-26T00:00:00Z,9,V10,yes,train
SNAP-W022-V01,W022,V01,2026-01-01T00:00:00Z,1,V10,yes,train
SNAP-W022-V02,W022,V02,2026-01-08T00:00:00Z,2,V10,yes,train
SNAP-W022-V03,W022,V03,2026-01-15T00:00:00Z,3,V10,yes,train
SNAP-W022-V04,W022,V04,2026-01-22T00:00:00Z,4,V10,yes,train
SNAP-W022-V05,W022,V05,2026-01-29T00:00:00Z,5,V10,yes,train
SNAP-W022-V06,W022,V06,2026-02-05T00:00:00Z,6,V10,yes,train
SNAP-W022-V07,W022,V07,2026-02-12T00:00:00Z,7,V10,yes,train
SNAP-W022-V08,W022,V08,2026-02-19T00:00:00Z,8,V10,yes,train
SNAP-W022-V09,W022,V09,2026-02-26T00:00:00Z,9,V10,yes,train
SNAP-W023-V01,W023,V01,2026-01-01T00:00:00Z,1,V10,yes,train
SNAP-W023-V02,W023,V02,2026-01-08T00:00:00Z,2,V10,yes,train
SNAP-W023-V03,W023,V03,2026-01-15T00:00:00Z,3,V10,yes,train
SNAP-W023-V04,W023,V04,2026-01-22T00:00:00Z,4,V10,yes,train
SNAP-W023-V05,W023,V05,2026-01-29T00:00:00Z,5,V10,yes,train
SNAP-W023-V06,W023,V06,2026-02-05T00:00:00Z,6,V10,yes,train
SNAP-W023-V07,W023,V07,2026-02-12T00:00:00Z,7,V10,yes,train
SNAP-W023-V08,W023,V08,2026-02-19T00:00:00Z,8,V10,yes,train
SNAP-W023-V09,W023,V09,2026-02-26T00:00:00Z,9,V10,yes,train
SNAP-W024-V01,W024,V01,2026-01-01T00:00:00Z,1,V10,yes,train
SNAP-W024-V02,W024,V02,2026-01-08T00:00:00Z,2,V10,yes,train
SNAP-W024-V03,W024,V03,2026-01-15T00:00:00Z,3,V10,yes,train
SNAP-W024-V04,W024,V04,2026-01-22T00:00:00Z,4,V10,yes,train
SNAP-W024-V05,W024,V05,2026-01-29T00:00:00Z,5,V10,yes,train
SNAP-W024-V06,W024,V06,2026-02-05T00:00:00Z,6,V10,yes,train
SNAP-W024-V07,W024,V07,2026-02-12T00:00:00Z,7,V10,yes,train
SNAP-W024-V08,W024,V08,2026-02-19T00:00:00Z,8,V10,yes,train
SNAP-W024-V09,W024,V09,2026-02-26T00:00:00Z,9,V10,yes,train
SNAP-W025-V01,W025,V01,2026-01-01T00:00:00Z,1,V10,yes,train
SNAP-W025-V02,W025,V02,2026-01-08T00:00:00Z,2,V10,yes,train
SNAP-W025-V03,W025,V03,2026-01-15T00:00:00Z,3,V10,yes,train
SNAP-W025-V04,W025,V04,2026-01-22T00:00:00Z,4,V10,yes,train
SNAP-W025-V05,W025,V05,2026-01-29T00:00:00Z,5,V10,yes,train
SNAP-W025-V06,W025,V06,2026-02-05T00:00:00Z,6,V10,yes,train
SNAP-W025-V07,W025,V07,2026-02-12T00:00:00Z,7,V10,yes,train
SNAP-W025-V08,W025,V08,2026-02-19T00:00:00Z,8,V10,yes,train
SNAP-W025-V09,W025,V09,2026-02-26T00:00:00Z,9,V10,yes,train
SNAP-W026-V01,W026,V01,2026-01-01T00:00:00Z,1,V10,yes,train
SNAP-W026-V02,W026,V02,2026-01-08T00:00:00Z,2,V10,yes,train
SNAP-W026-V03,W026,V03,2026-01-15T00:00:00Z,3,V10,yes,train
SNAP-W026-V04,W026,V04,2026-01-22T00:00:00Z,4,V10,yes,train
SNAP-W026-V05,W026,V05,2026-01-29T00:00:00Z,5,V10,yes,train
SNAP-W026-V06,W026,V06,2026-02-05T00:00:00Z,6,V10,yes,train
SNAP-W026-V07,W026,V07,2026-02-12T00:00:00Z,7,V10,yes,train
SNAP-W026-V08,W026,V08,2026-02-19T00:00:00Z,8,V10,yes,train
SNAP-W026-V09,W026,V09,2026-02-26T00:00:00Z,9,V10,yes,train
SNAP-W027-V01,W027,V01,2026-01-01T00:00:00Z,1,V10,yes,train
SNAP-W027-V02,W027,V02,2026-01-08T00:00:00Z,2,V10,yes,train
SNAP-W027-V03,W027,V03,2026-01-15T00:00:00Z,3,V10,yes,train
SNAP-W027-V04,W027,V04,2026-01-22T00:00:00Z,4,V10,yes,train
SNAP-W027-V05,W027,V05,2026-01-29T00:00:00Z,5,V10,yes,train
SNAP-W027-V06,W027,V06,2026-02-05T00:00:00Z,6,V10,yes,train
SNAP-W027-V07,W027,V07,2026-02-12T00:00:00Z,7,V10,yes,train
SNAP-W027-V08,W027,V08,2026-02-19T00:00:00Z,8,V10,yes,train
SNAP-W027-V09,W027,V09,2026-02-26T00:00:00Z,9,V10,yes,train
SNAP-W028-V01,W028,V01,2026-01-01T00:00:00Z,1,V10,yes,train
SNAP-W028-V02,W028,V02,2026-01-08T00:00:00Z,2,V10,yes,train
SNAP-W028-V03,W028,V03,2026-01-15T00:00:00Z,3,V10,yes,train
SNAP-W028-V04,W028,V04,2026-01-22T00:00:00Z,4,V10,yes,train
SNAP-W028-V05,W028,V05,2026-01-29T00:00:00Z,5,V10,yes,train
SNAP-W028-V06,W028,V06,2026-02-05T00:00:00Z,6,V10,yes,train
SNAP-W028-V07,W028,V07,2026-02-12T00:00:00Z,7,V10,yes,train
SNAP-W028-V08,W028,V08,2026-02-19T00:00:00Z,8,V10,yes,train
SNAP-W028-V09,W028,V09,2026-02-26T00:00:00Z,9,V10,yes,train
SNAP-W029-V01,W029,V01,2026-01-01T00:00:00Z,1,V10,yes,train
SNAP-W029-V02,W029,V02,2026-01-08T00:00:00Z,2,V10,yes,train
SNAP-W029-V03,W029,V03,2026-01-15T00:00:00Z,3,V10,yes,train
SNAP-W029-V04,W029,V04,2026-01-22T00:00:00Z,4,V10,yes,train
SNAP-W029-V05,W029,V05,2026-01-29T00:00:00Z,5,V10,yes,train
SNAP-W029-V06,W029,V06,2026-02-05T00:00:00Z,6,V10,yes,train
SNAP-W029-V07,W029,V07,2026-02-12T00:00:00Z,7,V10,yes,train
SNAP-W029-V08,W029,V08,2026-02-19T00:00:00Z,8,V10,yes,train
SNAP-W029-V09,W029,V09,2026-02-26T00:00:00Z,9,V10,yes,train
SNAP-W030-V01,W030,V01,2026-01-01T00:00:00Z,1,V10,yes,train
SNAP-W030-V02,W030,V02,2026-01-08T00:00:00Z,2,V10,yes,train
SNAP-W030-V03,W030,V03,2026-01-15T00:00:00Z,3,V10,yes,train
SNAP-W030-V04,W030,V04,2026-01-22T00:00:00Z,4,V10,yes,train
SNAP-W030-V05,W030,V05,2026-01-29T00:00:00Z,5,V10,yes,train
SNAP-W030-V06,W030,V06,2026-02-05T00:00:00Z,6,V10,yes,train
SNAP-W030-V07,W030,V07,2026-02-12T00:00:00Z,7,V10,yes,train
SNAP-W030-V08,W030,V08,2026-02-19T00:00:00Z,8,V10,yes,train
SNAP-W030-V09,W030,V09,2026-02-26T00:00:00Z,9,V10,yes,train
SNAP-W031-V01,W031,V01,2026-01-01T00:00:00Z,1,V10,yes,train
SNAP-W031-V02,W031,V02,2026-01-08T00:00:00Z,2,V10,yes,train
SNAP-W031-V03,W031,V03,2026-01-15T00:00:00Z,3,V10,yes,train
SNAP-W031-V04,W031,V04,2026-01-22T00:00:00Z,4,V10,yes,train
SNAP-W031-V05,W031,V05,2026-01-29T00:00:00Z,5,V10,yes,train
SNAP-W031-V06,W031,V06,2026-02-05T00:00:00Z,6,V10,yes,train
SNAP-W031-V07,W031,V07,2026-02-12T00:00:00Z,7,V10,yes,train
SNAP-W031-V08,W031,V08,2026-02-19T00:00:00Z,8,V10,yes,train
SNAP-W031-V09,W031,V09,2026-02-26T00:00:00Z,9,V10,yes,train
SNAP-W032-V01,W032,V01,2026-01-01T00:00:00Z,1,V10,yes,train
SNAP-W032-V02,W032,V02,2026-01-08T00:00:00Z,2,V10,yes,train
SNAP-W032-V03,W032,V03,2026-01-15T00:00:00Z,3,V10,yes,train
SNAP-W032-V04,W032,V04,2026-01-22T00:00:00Z,4,V10,yes,train
SNAP-W032-V05,W032,V05,2026-01-29T00:00:00Z,5,V10,yes,train
SNAP-W032-V06,W032,V06,2026-02-05T00:00:00Z,6,V10,yes,train
SNAP-W032-V07,W032,V07,2026-02-12T00:00:00Z,7,V10,yes,train
SNAP-W032-V08,W032,V08,2026-02-19T00:00:00Z,8,V10,yes,train
SNAP-W032-V09,W032,V09,2026-02-26T00:00:00Z,9,V10,yes,train
SNAP-W033-V01,W033,V01,2026-01-01T00:00:00Z,1,V10,yes,train
SNAP-W033-V02,W033,V02,2026-01-08T00:00:00Z,2,V10,yes,train
SNAP-W033-V03,W033,V03,2026-01-15T00:00:00Z,3,V10,yes,train
SNAP-W033-V04,W033,V04,2026-01-22T00:00:00Z,4,V10,yes,train
SNAP-W033-V05,W033,V05,2026-01-29T00:00:00Z,5,V10,yes,train
SNAP-W033-V06,W033,V06,2026-02-05T00:00:00Z,6,V10,yes,train
SNAP-W033-V07,W033,V07,2026-02-12T00:00:00Z,7,V10,yes,train
SNAP-W033-V08,W033,V08,2026-02-19T00:00:00Z,8,V10,yes,train
SNAP-W033-V09,W033,V09,2026-02-26T00:00:00Z,9,V10,yes,train
SNAP-W034-V01,W034,V01,2026-01-01T00:00:00Z,1,V10,yes,train
SNAP-W034-V02,W034,V02,2026-01-08T00:00:00Z,2,V10,yes,train
SNAP-W034-V03,W034,V03,2026-01-15T00:00:00Z,3,V10,yes,train
SNAP-W034-V04,W034,V04,2026-01-22T00:00:00Z,4,V10,yes,train
SNAP-W034-V05,W034,V05,2026-01-29T00:00:00Z,5,V10,yes,train
SNAP-W034-V06,W034,V06,2026-02-05T00:00:00Z,6,V10,yes,train
SNAP-W034-V07,W034,V07,2026-02-12T00:00:00Z,7,V10,yes,train
SNAP-W034-V08,W034,V08,2026-02-19T00:00:00Z,8,V10,yes,train
SNAP-W034-V09,W034,V09,2026-02-26T00:00:00Z,9,V10,yes,train
SNAP-W035-V01,W035,V01,2026-01-01T00:00:00Z,1,V10,yes,train
SNAP-W035-V02,W035,V02,2026-01-08T00:00:00Z,2,V10,yes,train
SNAP-W035-V03,W035,V03,2026-01-15T00:00:00Z,3,V10,yes,train
SNAP-W035-V04,W035,V04,2026-01-22T00:00:00Z,4,V10,yes,train
SNAP-W035-V05,W035,V05,2026-01-29T00:00:00Z,5,V10,yes,train
SNAP-W035-V06,W035,V06,2026-02-05T00:00:00Z,6,V10,yes,train
SNAP-W035-V07,W035,V07,2026-02-12T00:00:00Z,7,V10,yes,train
SNAP-W035-V08,W035,V08,2026-02-19T00:00:00Z,8,V10,yes,train
SNAP-W035-V09,W035,V09,2026-02-26T00:00:00Z,9,V10,yes,train
SNAP-W036-V01,W036,V01,2026-01-01T00:00:00Z,1,V10,yes,train
SNAP-W036-V02,W036,V02,2026-01-08T00:00:00Z,2,V10,yes,train
SNAP-W036-V03,W036,V03,2026-01-15T00:00:00Z,3,V10,yes,train
SNAP-W036-V04,W036,V04,2026-01-22T00:00:00Z,4,V10,yes,train
SNAP-W036-V05,W036,V05,2026-01-29T00:00:00Z,5,V10,yes,train
SNAP-W036-V06,W036,V06,2026-02-05T00:00:00Z,6,V10,yes,train
SNAP-W036-V07,W036,V07,2026-02-12T00:00:00Z,7,V10,yes,train
SNAP-W036-V08,W036,V08,2026-02-19T00:00:00Z,8,V10,yes,train
SNAP-W036-V09,W036,V09,2026-02-26T00:00:00Z,9,V10,yes,train
SNAP-W037-V01,W037,V01,2026-01-01T00:00:00Z,1,V10,yes,train
SNAP-W037-V02,W037,V02,2026-01-08T00:00:00Z,2,V10,yes,train
SNAP-W037-V03,W037,V03,2026-01-15T00:00:00Z,3,V10,yes,train
SNAP-W037-V04,W037,V04,2026-01-22T00:00:00Z,4,V10,yes,train
SNAP-W037-V05,W037,V05,2026-01-29T00:00:00Z,5,V10,yes,train
SNAP-W037-V06,W037,V06,2026-02-05T00:00:00Z,6,V10,yes,train
SNAP-W037-V07,W037,V07,2026-02-12T00:00:00Z,7,V10,yes,train
SNAP-W037-V08,W037,V08,2026-02-19T00:00:00Z,8,V10,yes,train
SNAP-W037-V09,W037,V09,2026-02-26T00:00:00Z,9,V10,yes,train
SNAP-W038-V01,W038,V01,2026-01-01T00:00:00Z,1,V10,yes,train
SNAP-W038-V02,W038,V02,2026-01-08T00:00:00Z,2,V10,yes,train
SNAP-W038-V03,W038,V03,2026-01-15T00:00:00Z,3,V10,yes,train
SNAP-W038-V04,W038,V04,2026-01-22T00:00:00Z,4,V10,yes,train
SNAP-W038-V05,W038,V05,2026-01-29T00:00:00Z,5,V10,yes,train
SNAP-W038-V06,W038,V06,2026-02-05T00:00:00Z,6,V10,yes,train
SNAP-W038-V07,W038,V07,2026-02-12T00:00:00Z,7,V10,yes,train
SNAP-W038-V08,W038,V08,2026-02-19T00:00:00Z,8,V10,yes,train
SNAP-W038-V09,W038,V09,2026-02-26T00:00:00Z,9,V10,yes,train
SNAP-W039-V01,W039,V01,2026-01-01T00:00:00Z,1,V10,yes,train
SNAP-W039-V02,W039,V02,2026-01-08T00:00:00Z,2,V10,yes,train
SNAP-W039-V03,W039,V03,2026-01-15T00:00:00Z,3,V10,yes,train
SNAP-W039-V04,W039,V04,2026-01-22T00:00:00Z,4,V10,yes,train
SNAP-W039-V05,W039,V05,2026-01-29T00:00:00Z,5,V10,yes,train
SNAP-W039-V06,W039,V06,2026-02-05T00:00:00Z,6,V10,yes,train
SNAP-W039-V07,W039,V07,2026-02-12T00:00:00Z,7,V10,yes,train
SNAP-W039-V08,W039,V08,2026-02-19T00:00:00Z,8,V10,yes,train
SNAP-W039-V09,W039,V09,2026-02-26T00:00:00Z,9,V10,yes,train
SNAP-W040-V01,W040,V01,2026-01-01T00:00:00Z,1,V10,yes,train
SNAP-W040-V02,W040,V02,2026-01-08T00:00:00Z,2,V10,yes,train
SNAP-W040-V03,W040,V03,2026-01-15T00:00:00Z,3,V10,yes,train
SNAP-W040-V04,W040,V04,2026-01-22T00:00:00Z,4,V10,yes,train
SNAP-W040-V05,W040,V05,2026-01-29T00:00:00Z,5,V10,yes,train
SNAP-W040-V06,W040,V06,2026-02-05T00:00:00Z,6,V10,yes,train
SNAP-W040-V07,W040,V07,2026-02-12T00:00:00Z,7,V10,yes,train
SNAP-W040-V08,W040,V08,2026-02-19T00:00:00Z,8,V10,yes,train
SNAP-W040-V09,W040,V09,2026-02-26T00:00:00Z,9,V10,yes,train
SNAP-W041-V01,W041,V01,2026-01-01T00:00:00Z,1,V10,yes,train
SNAP-W041-V02,W041,V02,2026-01-08T00:00:00Z,2,V10,yes,train
SNAP-W041-V03,W041,V03,2026-01-15T00:00:00Z,3,V10,yes,train
SNAP-W041-V04,W041,V04,2026-01-22T00:00:00Z,4,V10,yes,train
SNAP-W041-V05,W041,V05,2026-01-29T00:00:00Z,5,V10,yes,train
SNAP-W041-V06,W041,V06,2026-02-05T00:00:00Z,6,V10,yes,train
SNAP-W041-V07,W041,V07,2026-02-12T00:00:00Z,7,V10,yes,train
SNAP-W041-V08,W041,V08,2026-02-19T00:00:00Z,8,V10,yes,train
SNAP-W041-V09,W041,V09,2026-02-26T00:00:00Z,9,V10,yes,train
SNAP-W042-V01,W042,V01,2026-01-01T00:00:00Z,1,V10,yes,train
SNAP-W042-V02,W042,V02,2026-01-08T00:00:00Z,2,V10,yes,train
SNAP-W042-V03,W042,V03,2026-01-15T00:00:00Z,3,V10,yes,train
SNAP-W042-V04,W042,V04,2026-01-22T00:00:00Z,4,V10,yes,train
SNAP-W042-V05,W042,V05,2026-01-29T00:00:00Z,5,V10,yes,train
SNAP-W042-V06,W042,V06,2026-02-05T00:00:00Z,6,V10,yes,train
SNAP-W042-V07,W042,V07,2026-02-12T00:00:00Z,7,V10,yes,train
SNAP-W042-V08,W042,V08,2026-02-19T00:00:00Z,8,V10,yes,train
SNAP-W042-V09,W042,V09,2026-02-26T00:00:00Z,9,V10,yes,train
SNAP-W043-V01,W043,V01,2026-01-01T00:00:00Z,1,V10,yes,train
SNAP-W043-V02,W043,V02,2026-01-08T00:00:00Z,2,V10,yes,train
SNAP-W043-V03,W043,V03,2026-01-15T00:00:00Z,3,V10,yes,train
SNAP-W043-V04,W043,V04,2026-01-22T00:00:00Z,4,V10,yes,train
SNAP-W043-V05,W043,V05,2026-01-29T00:00:00Z,5,V10,yes,train
SNAP-W043-V06,W043,V06,2026-02-05T00:00:00Z,6,V10,yes,train
SNAP-W043-V07,W043,V07,2026-02-12T00:00:00Z,7,V10,yes,train
SNAP-W043-V08,W043,V08,2026-02-19T00:00:00Z,8,V10,yes,train
SNAP-W043-V09,W043,V09,2026-02-26T00:00:00Z,9,V10,yes,train
SNAP-W044-V01,W044,V01,2026-01-01T00:00:00Z,1,V10,yes,train
SNAP-W044-V02,W044,V02,2026-01-08T00:00:00Z,2,V10,yes,train
SNAP-W044-V03,W044,V03,2026-01-15T00:00:00Z,3,V10,yes,train
SNAP-W044-V04,W044,V04,2026-01-22T00:00:00Z,4,V10,yes,train
SNAP-W044-V05,W044,V05,2026-01-29T00:00:00Z,5,V10,yes,train
SNAP-W044-V06,W044,V06,2026-02-05T00:00:00Z,6,V10,yes,train
SNAP-W044-V07,W044,V07,2026-02-12T00:00:00Z,7,V10,yes,train
SNAP-W044-V08,W044,V08,2026-02-19T00:00:00Z,8,V10,yes,train
SNAP-W044-V09,W044,V09,2026-02-26T00:00:00Z,9,V10,yes,train
SNAP-W045-V01,W045,V01,2026-01-01T00:00:00Z,1,V10,yes,train
SNAP-W045-V02,W045,V02,2026-01-08T00:00:00Z,2,V10,yes,train
SNAP-W045-V03,W045,V03,2026-01-15T00:00:00Z,3,V10,yes,train
SNAP-W045-V04,W045,V04,2026-01-22T00:00:00Z,4,V10,yes,train
SNAP-W045-V05,W045,V05,2026-01-29T00:00:00Z,5,V10,yes,train
SNAP-W045-V06,W045,V06,2026-02-05T00:00:00Z,6,V10,yes,train
SNAP-W045-V07,W045,V07,2026-02-12T00:00:00Z,7,V10,yes,train
SNAP-W045-V08,W045,V08,2026-02-19T00:00:00Z,8,V10,yes,train
SNAP-W045-V09,W045,V09,2026-02-26T00:00:00Z,9,V10,yes,train
SNAP-W046-V01,W046,V01,2026-01-01T00:00:00Z,1,V10,yes,train
SNAP-W046-V02,W046,V02,2026-01-08T00:00:00Z,2,V10,yes,train
SNAP-W046-V03,W046,V03,2026-01-15T00:00:00Z,3,V10,yes,train
SNAP-W046-V04,W046,V04,2026-01-22T00:00:00Z,4,V10,yes,train
SNAP-W046-V05,W046,V05,2026-01-29T00:00:00Z,5,V10,yes,train
SNAP-W046-V06,W046,V06,2026-02-05T00:00:00Z,6,V10,yes,train
SNAP-W046-V07,W046,V07,2026-02-12T00:00:00Z,7,V10,yes,train
SNAP-W046-V08,W046,V08,2026-02-19T00:00:00Z,8,V10,yes,train
SNAP-W046-V09,W046,V09,2026-02-26T00:00:00Z,9,V10,yes,train
SNAP-W047-V01,W047,V01,2026-01-01T00:00:00Z,1,V10,yes,train
SNAP-W047-V02,W047,V02,2026-01-08T00:00:00Z,2,V10,yes,train
SNAP-W047-V03,W047,V03,2026-01-15T00:00:00Z,3,V10,yes,train
SNAP-W047-V04,W047,V04,2026-01-22T00:00:00Z,4,V10,yes,train
SNAP-W047-V05,W047,V05,2026-01-29T00:00:00Z,5,V10,yes,train
SNAP-W047-V06,W047,V06,2026-02-05T00:00:00Z,6,V10,yes,train
SNAP-W047-V07,W047,V07,2026-02-12T00:00:00Z,7,V10,yes,train
SNAP-W047-V08,W047,V08,2026-02-19T00:00:00Z,8,V10,yes,train
SNAP-W047-V09,W047,V09,2026-02-26T00:00:00Z,9,V10,yes,train
SNAP-W048-V01,W048,V01,2026-01-01T00:00:00Z,1,V10,yes,train
SNAP-W048-V02,W048,V02,2026-01-08T00:00:00Z,2,V10,yes,train
SNAP-W048-V03,W048,V03,2026-01-15T00:00:00Z,3,V10,yes,train
SNAP-W048-V04,W048,V04,2026-01-22T00:00:00Z,4,V10,yes,train
SNAP-W048-V05,W048,V05,2026-01-29T00:00:00Z,5,V10,yes,train
SNAP-W048-V06,W048,V06,2026-02-05T00:00:00Z,6,V10,yes,train
SNAP-W048-V07,W048,V07,2026-02-12T00:00:00Z,7,V10,yes,train
SNAP-W048-V08,W048,V08,2026-02-19T00:00:00Z,8,V10,yes,train
SNAP-W048-V09,W048,V09,2026-02-26T00:00:00Z,9,V10,yes,train
SNAP-W049-V01,W049,V01,2026-01-01T00:00:00Z,1,V10,yes,train
SNAP-W049-V02,W049,V02,2026-01-08T00:00:00Z,2,V10,yes,train
SNAP-W049-V03,W049,V03,2026-01-15T00:00:00Z,3,V10,yes,train
SNAP-W049-V04,W049,V04,2026-01-22T00:00:00Z,4,V10,yes,train
SNAP-W049-V05,W049,V05,2026-01-29T00:00:00Z,5,V10,yes,train
SNAP-W049-V06,W049,V06,2026-02-05T00:00:00Z,6,V10,yes,train
SNAP-W049-V07,W049,V07,2026-02-12T00:00:00Z,7,V10,yes,train
SNAP-W049-V08,W049,V08,2026-02-19T00:00:00Z,8,V10,yes,train
SNAP-W049-V09,W049,V09,2026-02-26T00:00:00Z,9,V10,yes,train
SNAP-W050-V01,W050,V01,2026-01-01T00:00:00Z,1,V10,yes,train
SNAP-W050-V02,W050,V02,2026-01-08T00:00:00Z,2,V10,yes,train
SNAP-W050-V03,W050,V03,2026-01-15T00:00:00Z,3,V10,yes,train
SNAP-W050-V04,W050,V04,2026-01-22T00:00:00Z,4,V10,yes,train
SNAP-W050-V05,W050,V05,2026-01-29T00:00:00Z,5,V10,yes,train
SNAP-W050-V06,W050,V06,2026-02-05T00:00:00Z,6,V10,yes,train
SNAP-W050-V07,W050,V07,2026-02-12T00:00:00Z,7,V10,yes,train
SNAP-W050-V08,W050,V08,2026-02-19T00:00:00Z,8,V10,yes,train
SNAP-W050-V09,W050,V09,2026-02-26T00:00:00Z,9,V10,yes,train
SNAP-W051-V01,W051,V01,2026-01-01T00:00:00Z,1,V10,yes,train
SNAP-W051-V02,W051,V02,2026-01-08T00:00:00Z,2,V10,yes,train
SNAP-W051-V03,W051,V03,2026-01-15T00:00:00Z,3,V10,yes,train
SNAP-W051-V04,W051,V04,2026-01-22T00:00:00Z,4,V10,yes,train
SNAP-W051-V05,W051,V05,2026-01-29T00:00:00Z,5,V10,yes,train
SNAP-W051-V06,W051,V06,2026-02-05T00:00:00Z,6,V10,yes,train
SNAP-W051-V07,W051,V07,2026-02-12T00:00:00Z,7,V10,yes,train
SNAP-W051-V08,W051,V08,2026-02-19T00:00:00Z,8,V10,yes,train
SNAP-W051-V09,W051,V09,2026-02-26T00:00:00Z,9,V10,yes,train
SNAP-W052-V01,W052,V01,2026-01-01T00:00:00Z,1,V10,yes,train
SNAP-W052-V02,W052,V02,2026-01-08T00:00:00Z,2,V10,yes,train
SNAP-W052-V03,W052,V03,2026-01-15T00:00:00Z,3,V10,yes,train
SNAP-W052-V04,W052,V04,2026-01-22T00:00:00Z,4,V10,yes,train
SNAP-W052-V05,W052,V05,2026-01-29T00:00:00Z,5,V10,yes,train
SNAP-W052-V06,W052,V06,2026-02-05T00:00:00Z,6,V10,yes,train
SNAP-W052-V07,W052,V07,2026-02-12T00:00:00Z,7,V10,yes,train
SNAP-W052-V08,W052,V08,2026-02-19T00:00:00Z,8,V10,yes,train
SNAP-W052-V09,W052,V09,2026-02-26T00:00:00Z,9,V10,yes,train
SNAP-W053-V01,W053,V01,2026-01-01T00:00:00Z,1,V10,yes,train
SNAP-W053-V02,W053,V02,2026-01-08T00:00:00Z,2,V10,yes,train
SNAP-W053-V03,W053,V03,2026-01-15T00:00:00Z,3,V10,yes,train
SNAP-W053-V04,W053,V04,2026-01-22T00:00:00Z,4,V10,yes,train
SNAP-W053-V05,W053,V05,2026-01-29T00:00:00Z,5,V10,yes,train
SNAP-W053-V06,W053,V06,2026-02-05T00:00:00Z,6,V10,yes,train
SNAP-W053-V07,W053,V07,2026-02-12T00:00:00Z,7,V10,yes,train
SNAP-W053-V08,W053,V08,2026-02-19T00:00:00Z,8,V10,yes,train
SNAP-W053-V09,W053,V09,2026-02-26T00:00:00Z,9,V10,yes,train
SNAP-W054-V01,W054,V01,2026-01-01T00:00:00Z,1,V10,yes,train
SNAP-W054-V02,W054,V02,2026-01-08T00:00:00Z,2,V10,yes,train
SNAP-W054-V03,W054,V03,2026-01-15T00:00:00Z,3,V10,yes,train
SNAP-W054-V04,W054,V04,2026-01-22T00:00:00Z,4,V10,yes,train
SNAP-W054-V05,W054,V05,2026-01-29T00:00:00Z,5,V10,yes,train
SNAP-W054-V06,W054,V06,2026-02-05T00:00:00Z,6,V10,yes,train
SNAP-W054-V07,W054,V07,2026-02-12T00:00:00Z,7,V10,yes,train
SNAP-W054-V08,W054,V08,2026-02-19T00:00:00Z,8,V10,yes,train
SNAP-W054-V09,W054,V09,2026-02-26T00:00:00Z,9,V10,yes,train
SNAP-W055-V01,W055,V01,2026-01-01T00:00:00Z,1,V10,yes,train
SNAP-W055-V02,W055,V02,2026-01-08T00:00:00Z,2,V10,yes,train
SNAP-W055-V03,W055,V03,2026-01-15T00:00:00Z,3,V10,yes,train
SNAP-W055-V04,W055,V04,2026-01-22T00:00:00Z,4,V10,yes,train
SNAP-W055-V05,W055,V05,2026-01-29T00:00:00Z,5,V10,yes,train
SNAP-W055-V06,W055,V06,2026-02-05T00:00:00Z,6,V10,yes,train
SNAP-W055-V07,W055,V07,2026-02-12T00:00:00Z,7,V10,yes,train
SNAP-W055-V08,W055,V08,2026-02-19T00:00:00Z,8,V10,yes,train
SNAP-W055-V09,W055,V09,2026-02-26T00:00:00Z,9,V10,yes,train
SNAP-W056-V01,W056,V01,2026-01-01T00:00:00Z,1,V10,yes,train
SNAP-W056-V02,W056,V02,2026-01-08T00:00:00Z,2,V10,yes,train
SNAP-W056-V03,W056,V03,2026-01-15T00:00:00Z,3,V10,yes,train
SNAP-W056-V04,W056,V04,2026-01-22T00:00:00Z,4,V10,yes,train
SNAP-W056-V05,W056,V05,2026-01-29T00:00:00Z,5,V10,yes,train
SNAP-W056-V06,W056,V06,2026-02-05T00:00:00Z,6,V10,yes,train
SNAP-W056-V07,W056,V07,2026-02-12T00:00:00Z,7,V10,yes,train
SNAP-W056-V08,W056,V08,2026-02-19T00:00:00Z,8,V10,yes,train
SNAP-W056-V09,W056,V09,2026-02-26T00:00:00Z,9,V10,yes,train
SNAP-W057-V01,W057,V01,2026-01-01T00:00:00Z,1,V10,yes,train
SNAP-W057-V02,W057,V02,2026-01-08T00:00:00Z,2,V10,yes,train
SNAP-W057-V03,W057,V03,2026-01-15T00:00:00Z,3,V10,yes,train
SNAP-W057-V04,W057,V04,2026-01-22T00:00:00Z,4,V10,yes,train
SNAP-W057-V05,W057,V05,2026-01-29T00:00:00Z,5,V10,yes,train
SNAP-W057-V06,W057,V06,2026-02-05T00:00:00Z,6,V10,yes,train
SNAP-W057-V07,W057,V07,2026-02-12T00:00:00Z,7,V10,yes,train
SNAP-W057-V08,W057,V08,2026-02-19T00:00:00Z,8,V10,yes,train
SNAP-W057-V09,W057,V09,2026-02-26T00:00:00Z,9,V10,yes,train
SNAP-W058-V01,W058,V01,2026-01-01T00:00:00Z,1,V10,yes,train
SNAP-W058-V02,W058,V02,2026-01-08T00:00:00Z,2,V10,yes,train
SNAP-W058-V03,W058,V03,2026-01-15T00:00:00Z,3,V10,yes,train
SNAP-W058-V04,W058,V04,2026-01-22T00:00:00Z,4,V10,yes,train
SNAP-W058-V05,W058,V05,2026-01-29T00:00:00Z,5,V10,yes,train
SNAP-W058-V06,W058,V06,2026-02-05T00:00:00Z,6,V10,yes,train
SNAP-W058-V07,W058,V07,2026-02-12T00:00:00Z,7,V10,yes,train
SNAP-W058-V08,W058,V08,2026-02-19T00:00:00Z,8,V10,yes,train
SNAP-W058-V09,W058,V09,2026-02-26T00:00:00Z,9,V10,yes,train
SNAP-W059-V01,W059,V01,2026-01-01T00:00:00Z,1,V10,yes,train
SNAP-W059-V02,W059,V02,2026-01-08T00:00:00Z,2,V10,yes,train
SNAP-W059-V03,W059,V03,2026-01-15T00:00:00Z,3,V10,yes,train
SNAP-W059-V04,W059,V04,2026-01-22T00:00:00Z,4,V10,yes,train
SNAP-W059-V05,W059,V05,2026-01-29T00:00:00Z,5,V10,yes,train
SNAP-W059-V06,W059,V06,2026-02-05T00:00:00Z,6,V10,yes,train
SNAP-W059-V07,W059,V07,2026-02-12T00:00:00Z,7,V10,yes,train
SNAP-W059-V08,W059,V08,2026-02-19T00:00:00Z,8,V10,yes,train
SNAP-W059-V09,W059,V09,2026-02-26T00:00:00Z,9,V10,yes,train
SNAP-W060-V01,W060,V01,2026-01-01T00:00:00Z,1,V10,yes,train
SNAP-W060-V02,W060,V02,2026-01-08T00:00:00Z,2,V10,yes,train
SNAP-W060-V03,W060,V03,2026-01-15T00:00:00Z,3,V10,yes,train
SNAP-W060-V04,W060,V04,2026-01-22T00:00:00Z,4,V10,yes,train
SNAP-W060-V05,W060,V05,2026-01-29T00:00:00Z,5,V10,yes,train
SNAP-W060-V06,W060,V06,2026-02-05T00:00:00Z,6,V10,yes,train
SNAP-W060-V07,W060,V07,2026-02-12T00:00:00Z,7,V10,yes,train
SNAP-W060-V08,W060,V08,2026-02-19T00:00:00Z,8,V10,yes,train
SNAP-W060-V09,W060,V09,2026-02-26T00:00:00Z,9,V10,yes,train
SNAP-W061-V01,W061,V01,2026-01-01T00:00:00Z,1,V10,yes,train
SNAP-W061-V02,W061,V02,2026-01-08T00:00:00Z,2,V10,yes,train
SNAP-W061-V03,W061,V03,2026-01-15T00:00:00Z,3,V10,yes,train
SNAP-W061-V04,W061,V04,2026-01-22T00:00:00Z,4,V10,yes,train
SNAP-W061-V05,W061,V05,2026-01-29T00:00:00Z,5,V10,yes,train
SNAP-W061-V06,W061,V06,2026-02-05T00:00:00Z,6,V10,yes,train
SNAP-W061-V07,W061,V07,2026-02-12T00:00:00Z,7,V10,yes,train
SNAP-W061-V08,W061,V08,2026-02-19T00:00:00Z,8,V10,yes,train
SNAP-W061-V09,W061,V09,2026-02-26T00:00:00Z,9,V10,yes,train
SNAP-W062-V01,W062,V01,2026-01-01T00:00:00Z,1,V10,yes,train
SNAP-W062-V02,W062,V02,2026-01-08T00:00:00Z,2,V10,yes,train
SNAP-W062-V03,W062,V03,2026-01-15T00:00:00Z,3,V10,yes,train
SNAP-W062-V04,W062,V04,2026-01-22T00:00:00Z,4,V10,yes,train
SNAP-W062-V05,W062,V05,2026-01-29T00:00:00Z,5,V10,yes,train
SNAP-W062-V06,W062,V06,2026-02-05T00:00:00Z,6,V10,yes,train
SNAP-W062-V07,W062,V07,2026-02-12T00:00:00Z,7,V10,yes,train
SNAP-W062-V08,W062,V08,2026-02-19T00:00:00Z,8,V10,yes,train
SNAP-W062-V09,W062,V09,2026-02-26T00:00:00Z,9,V10,yes,train
SNAP-W063-V01,W063,V01,2026-01-01T00:00:00Z,1,V10,yes,train
SNAP-W063-V02,W063,V02,2026-01-08T00:00:00Z,2,V10,yes,train
SNAP-W063-V03,W063,V03,2026-01-15T00:00:00Z,3,V10,yes,train
SNAP-W063-V04,W063,V04,2026-01-22T00:00:00Z,4,V10,yes,train
SNAP-W063-V05,W063,V05,2026-01-29T00:00:00Z,5,V10,yes,train
SNAP-W063-V06,W063,V06,2026-02-05T00:00:00Z,6,V10,yes,train
SNAP-W063-V07,W063,V07,2026-02-12T00:00:00Z,7,V10,yes,train
SNAP-W063-V08,W063,V08,2026-02-19T00:00:00Z,8,V10,yes,train
SNAP-W063-V09,W063,V09,2026-02-26T00:00:00Z,9,V10,yes,train
SNAP-W064-V01,W064,V01,2026-01-01T00:00:00Z,1,V10,yes,train
SNAP-W064-V02,W064,V02,2026-01-08T00:00:00Z,2,V10,yes,train
SNAP-W064-V03,W064,V03,2026-01-15T00:00:00Z,3,V10,yes,train
SNAP-W064-V04,W064,V04,2026-01-22T00:00:00Z,4,V10,yes,train
SNAP-W064-V05,W064,V05,2026-01-29T00:00:00Z,5,V10,yes,train
SNAP-W064-V06,W064,V06,2026-02-05T00:00:00Z,6,V10,yes,train
SNAP-W064-V07,W064,V07,2026-02-12T00:00:00Z,7,V10,yes,train
SNAP-W064-V08,W064,V08,2026-02-19T00:00:00Z,8,V10,yes,train
SNAP-W064-V09,W064,V09,2026-02-26T00:00:00Z,9,V10,yes,train
SNAP-W065-V01,W065,V01,2026-01-01T00:00:00Z,1,V10,yes,train
SNAP-W065-V02,W065,V02,2026-01-08T00:00:00Z,2,V10,yes,train
SNAP-W065-V03,W065,V03,2026-01-15T00:00:00Z,3,V10,yes,train
SNAP-W065-V04,W065,V04,2026-01-22T00:00:00Z,4,V10,yes,train
SNAP-W065-V05,W065,V05,2026-01-29T00:00:00Z,5,V10,yes,train
SNAP-W065-V06,W065,V06,2026-02-05T00:00:00Z,6,V10,yes,train
SNAP-W065-V07,W065,V07,2026-02-12T00:00:00Z,7,V10,yes,train
SNAP-W065-V08,W065,V08,2026-02-19T00:00:00Z,8,V10,yes,train
SNAP-W065-V09,W065,V09,2026-02-26T00:00:00Z,9,V10,yes,train
SNAP-W066-V01,W066,V01,2026-01-01T00:00:00Z,1,V10,yes,train
SNAP-W066-V02,W066,V02,2026-01-08T00:00:00Z,2,V10,yes,train
SNAP-W066-V03,W066,V03,2026-01-15T00:00:00Z,3,V10,yes,train
SNAP-W066-V04,W066,V04,2026-01-22T00:00:00Z,4,V10,yes,train
SNAP-W066-V05,W066,V05,2026-01-29T00:00:00Z,5,V10,yes,train
SNAP-W066-V06,W066,V06,2026-02-05T00:00:00Z,6,V10,yes,train
SNAP-W066-V07,W066,V07,2026-02-12T00:00:00Z,7,V10,yes,train
SNAP-W066-V08,W066,V08,2026-02-19T00:00:00Z,8,V10,yes,train
SNAP-W066-V09,W066,V09,2026-02-26T00:00:00Z,9,V10,yes,train
SNAP-W067-V01,W067,V01,2026-01-01T00:00:00Z,1,V10,yes,train
SNAP-W067-V02,W067,V02,2026-01-08T00:00:00Z,2,V10,yes,train
SNAP-W067-V03,W067,V03,2026-01-15T00:00:00Z,3,V10,yes,train
SNAP-W067-V04,W067,V04,2026-01-22T00:00:00Z,4,V10,yes,train
SNAP-W067-V05,W067,V05,2026-01-29T00:00:00Z,5,V10,yes,train
SNAP-W067-V06,W067,V06,2026-02-05T00:00:00Z,6,V10,yes,train
SNAP-W067-V07,W067,V07,2026-02-12T00:00:00Z,7,V10,yes,train
SNAP-W067-V08,W067,V08,2026-02-19T00:00:00Z,8,V10,yes,train
SNAP-W067-V09,W067,V09,2026-02-26T00:00:00Z,9,V10,yes,train
SNAP-W068-V01,W068,V01,2026-01-01T00:00:00Z,1,V10,yes,train
SNAP-W068-V02,W068,V02,2026-01-08T00:00:00Z,2,V10,yes,train
SNAP-W068-V03,W068,V03,2026-01-15T00:00:00Z,3,V10,yes,train
SNAP-W068-V04,W068,V04,2026-01-22T00:00:00Z,4,V10,yes,train
SNAP-W068-V05,W068,V05,2026-01-29T00:00:00Z,5,V10,yes,train
SNAP-W068-V06,W068,V06,2026-02-05T00:00:00Z,6,V10,yes,train
SNAP-W068-V07,W068,V07,2026-02-12T00:00:00Z,7,V10,yes,train
SNAP-W068-V08,W068,V08,2026-02-19T00:00:00Z,8,V10,yes,train
SNAP-W068-V09,W068,V09,2026-02-26T00:00:00Z,9,V10,yes,train
SNAP-W069-V01,W069,V01,2026-01-01T00:00:00Z,1,V10,yes,train
SNAP-W069-V02,W069,V02,2026-01-08T00:00:00Z,2,V10,yes,train
SNAP-W069-V03,W069,V03,2026-01-15T00:00:00Z,3,V10,yes,train
SNAP-W069-V04,W069,V04,2026-01-22T00:00:00Z,4,V10,yes,train
SNAP-W069-V05,W069,V05,2026-01-29T00:00:00Z,5,V10,yes,train
SNAP-W069-V06,W069,V06,2026-02-05T00:00:00Z,6,V10,yes,train
SNAP-W069-V07,W069,V07,2026-02-12T00:00:00Z,7,V10,yes,train
SNAP-W069-V08,W069,V08,2026-02-19T00:00:00Z,8,V10,yes,train
SNAP-W069-V09,W069,V09,2026-02-26T00:00:00Z,9,V10,yes,train
SNAP-W070-V01,W070,V01,2026-01-01T00:00:00Z,1,V10,yes,train
SNAP-W070-V02,W070,V02,2026-01-08T00:00:00Z,2,V10,yes,train
SNAP-W070-V03,W070,V03,2026-01-15T00:00:00Z,3,V10,yes,train
SNAP-W070-V04,W070,V04,2026-01-22T00:00:00Z,4,V10,yes,train
SNAP-W070-V05,W070,V05,2026-01-29T00:00:00Z,5,V10,yes,train
SNAP-W070-V06,W070,V06,2026-02-05T00:00:00Z,6,V10,yes,train
SNAP-W070-V07,W070,V07,2026-02-12T00:00:00Z,7,V10,yes,train
SNAP-W070-V08,W070,V08,2026-02-19T00:00:00Z,8,V10,yes,train
SNAP-W070-V09,W070,V09,2026-02-26T00:00:00Z,9,V10,yes,train
SNAP-W071-V01,W071,V01,2026-01-01T00:00:00Z,1,V10,yes,train
SNAP-W071-V02,W071,V02,2026-01-08T00:00:00Z,2,V10,yes,train
SNAP-W071-V03,W071,V03,2026-01-15T00:00:00Z,3,V10,yes,train
SNAP-W071-V04,W071,V04,2026-01-22T00:00:00Z,4,V10,yes,train
SNAP-W071-V05,W071,V05,2026-01-29T00:00:00Z,5,V10,yes,train
SNAP-W071-V06,W071,V06,2026-02-05T00:00:00Z,6,V10,yes,train
SNAP-W071-V07,W071,V07,2026-02-12T00:00:00Z,7,V10,yes,train
SNAP-W071-V08,W071,V08,2026-02-19T00:00:00Z,8,V10,yes,train
SNAP-W071-V09,W071,V09,2026-02-26T00:00:00Z,9,V10,yes,train
SNAP-W072-V01,W072,V01,2026-01-01T00:00:00Z,1,V10,yes,train
SNAP-W072-V02,W072,V02,2026-01-08T00:00:00Z,2,V10,yes,train
SNAP-W072-V03,W072,V03,2026-01-15T00:00:00Z,3,V10,yes,train
SNAP-W072-V04,W072,V04,2026-01-22T00:00:00Z,4,V10,yes,train
SNAP-W072-V05,W072,V05,2026-01-29T00:00:00Z,5,V10,yes,train
SNAP-W072-V06,W072,V06,2026-02-05T00:00:00Z,6,V10,yes,train
SNAP-W072-V07,W072,V07,2026-02-12T00:00:00Z,7,V10,yes,train
SNAP-W072-V08,W072,V08,2026-02-19T00:00:00Z,8,V10,yes,train
SNAP-W072-V09,W072,V09,2026-02-26T00:00:00Z,9,V10,yes,train
SNAP-W073-V01,W073,V01,2026-01-01T00:00:00Z,1,V10,yes,train
SNAP-W073-V02,W073,V02,2026-01-08T00:00:00Z,2,V10,yes,train
SNAP-W073-V03,W073,V03,2026-01-15T00:00:00Z,3,V10,yes,train
SNAP-W073-V04,W073,V04,2026-01-22T00:00:00Z,4,V10,yes,train
SNAP-W073-V05,W073,V05,2026-01-29T00:00:00Z,5,V10,yes,train
SNAP-W073-V06,W073,V06,2026-02-05T00:00:00Z,6,V10,yes,train
SNAP-W073-V07,W073,V07,2026-02-12T00:00:00Z,7,V10,yes,train
SNAP-W073-V08,W073,V08,2026-02-19T00:00:00Z,8,V10,yes,train
SNAP-W073-V09,W073,V09,2026-02-26T00:00:00Z,9,V10,yes,train
SNAP-W074-V01,W074,V01,2026-01-01T00:00:00Z,1,V10,yes,train
SNAP-W074-V02,W074,V02,2026-01-08T00:00:00Z,2,V10,yes,train
SNAP-W074-V03,W074,V03,2026-01-15T00:00:00Z,3,V10,yes,train
SNAP-W074-V04,W074,V04,2026-01-22T00:00:00Z,4,V10,yes,train
SNAP-W074-V05,W074,V05,2026-01-29T00:00:00Z,5,V10,yes,train
SNAP-W074-V06,W074,V06,2026-02-05T00:00:00Z,6,V10,yes,train
SNAP-W074-V07,W074,V07,2026-02-12T00:00:00Z,7,V10,yes,train
SNAP-W074-V08,W074,V08,2026-02-19T00:00:00Z,8,V10,yes,train
SNAP-W074-V09,W074,V09,2026-02-26T00:00:00Z,9,V10,yes,train
SNAP-W075-V01,W075,V01,2026-01-01T00:00:00Z,1,V10,yes,train
SNAP-W075-V02,W075,V02,2026-01-08T00:00:00Z,2,V10,yes,train
SNAP-W075-V03,W075,V03,2026-01-15T00:00:00Z,3,V10,yes,train
SNAP-W075-V04,W075,V04,2026-01-22T00:00:00Z,4,V10,yes,train
SNAP-W075-V05,W075,V05,2026-01-29T00:00:00Z,5,V10,yes,train
SNAP-W075-V06,W075,V06,2026-02-05T00:00:00Z,6,V10,yes,train
SNAP-W075-V07,W075,V07,2026-02-12T00:00:00Z,7,V10,yes,train
SNAP-W075-V08,W075,V08,2026-02-19T00:00:00Z,8,V10,yes,train
SNAP-W075-V09,W075,V09,2026-02-26T00:00:00Z,9,V10,yes,train
SNAP-W076-V01,W076,V01,2026-01-01T00:00:00Z,1,V10,yes,train
SNAP-W076-V02,W076,V02,2026-01-08T00:00:00Z,2,V10,yes,train
SNAP-W076-V03,W076,V03,2026-01-15T00:00:00Z,3,V10,yes,train
SNAP-W076-V04,W076,V04,2026-01-22T00:00:00Z,4,V10,yes,train
SNAP-W076-V05,W076,V05,2026-01-29T00:00:00Z,5,V10,yes,train
SNAP-W076-V06,W076,V06,2026-02-05T00:00:00Z,6,V10,yes,train
SNAP-W076-V07,W076,V07,2026-02-12T00:00:00Z,7,V10,yes,train
SNAP-W076-V08,W076,V08,2026-02-19T00:00:00Z,8,V10,yes,train
SNAP-W076-V09,W076,V09,2026-02-26T00:00:00Z,9,V10,yes,train
SNAP-W077-V01,W077,V01,2026-01-01T00:00:00Z,1,V10,yes,train
SNAP-W077-V02,W077,V02,2026-01-08T00:00:00Z,2,V10,yes,train
SNAP-W077-V03,W077,V03,2026-01-15T00:00:00Z,3,V10,yes,train
SNAP-W077-V04,W077,V04,2026-01-22T00:00:00Z,4,V10,yes,train
SNAP-W077-V05,W077,V05,2026-01-29T00:00:00Z,5,V10,yes,train
SNAP-W077-V06,W077,V06,2026-02-05T00:00:00Z,6,V10,yes,train
SNAP-W077-V07,W077,V07,2026-02-12T00:00:00Z,7,V10,yes,train
SNAP-W077-V08,W077,V08,2026-02-19T00:00:00Z,8,V10,yes,train
SNAP-W077-V09,W077,V09,2026-02-26T00:00:00Z,9,V10,yes,train
SNAP-W078-V01,W078,V01,2026-01-01T00:00:00Z,1,V10,yes,train
SNAP-W078-V02,W078,V02,2026-01-08T00:00:00Z,2,V10,yes,train
SNAP-W078-V03,W078,V03,2026-01-15T00:00:00Z,3,V10,yes,train
SNAP-W078-V04,W078,V04,2026-01-22T00:00:00Z,4,V10,yes,train
SNAP-W078-V05,W078,V05,2026-01-29T00:00:00Z,5,V10,yes,train
SNAP-W078-V06,W078,V06,2026-02-05T00:00:00Z,6,V10,yes,train
SNAP-W078-V07,W078,V07,2026-02-12T00:00:00Z,7,V10,yes,train
SNAP-W078-V08,W078,V08,2026-02-19T00:00:00Z,8,V10,yes,train
SNAP-W078-V09,W078,V09,2026-02-26T00:00:00Z,9,V10,yes,train
SNAP-W079-V01,W079,V01,2026-01-01T00:00:00Z,1,V10,yes,train
SNAP-W079-V02,W079,V02,2026-01-08T00:00:00Z,2,V10,yes,train
SNAP-W079-V03,W079,V03,2026-01-15T00:00:00Z,3,V10,yes,train
SNAP-W079-V04,W079,V04,2026-01-22T00:00:00Z,4,V10,yes,train
SNAP-W079-V05,W079,V05,2026-01-29T00:00:00Z,5,V10,yes,train
SNAP-W079-V06,W079,V06,2026-02-05T00:00:00Z,6,V10,yes,train
SNAP-W079-V07,W079,V07,2026-02-12T00:00:00Z,7,V10,yes,train
SNAP-W079-V08,W079,V08,2026-02-19T00:00:00Z,8,V10,yes,train
SNAP-W079-V09,W079,V09,2026-02-26T00:00:00Z,9,V10,yes,train
SNAP-W080-V01,W080,V01,2026-01-01T00:00:00Z,1,V10,yes,train
SNAP-W080-V02,W080,V02,2026-01-08T00:00:00Z,2,V10,yes,train
SNAP-W080-V03,W080,V03,2026-01-15T00:00:00Z,3,V10,yes,train
SNAP-W080-V04,W080,V04,2026-01-22T00:00:00Z,4,V10,yes,train
SNAP-W080-V05,W080,V05,2026-01-29T00:00:00Z,5,V10,yes,train
SNAP-W080-V06,W080,V06,2026-02-05T00:00:00Z,6,V10,yes,train
SNAP-W080-V07,W080,V07,2026-02-12T00:00:00Z,7,V10,yes,train
SNAP-W080-V08,W080,V08,2026-02-19T00:00:00Z,8,V10,yes,train
SNAP-W080-V09,W080,V09,2026-02-26T00:00:00Z,9,V10,yes,train
SNAP-W081-V01,W081,V01,2026-01-01T00:00:00Z,1,V10,yes,train
SNAP-W081-V02,W081,V02,2026-01-08T00:00:00Z,2,V10,yes,train
SNAP-W081-V03,W081,V03,2026-01-15T00:00:00Z,3,V10,yes,train
SNAP-W081-V04,W081,V04,2026-01-22T00:00:00Z,4,V10,yes,train
SNAP-W081-V05,W081,V05,2026-01-29T00:00:00Z,5,V10,yes,train
SNAP-W081-V06,W081,V06,2026-02-05T00:00:00Z,6,V10,yes,train
SNAP-W081-V07,W081,V07,2026-02-12T00:00:00Z,7,V10,yes,train
SNAP-W081-V08,W081,V08,2026-02-19T00:00:00Z,8,V10,yes,train
SNAP-W081-V09,W081,V09,2026-02-26T00:00:00Z,9,V10,yes,train
SNAP-W082-V01,W082,V01,2026-01-01T00:00:00Z,1,V10,yes,train
SNAP-W082-V02,W082,V02,2026-01-08T00:00:00Z,2,V10,yes,train
SNAP-W082-V03,W082,V03,2026-01-15T00:00:00Z,3,V10,yes,train
SNAP-W082-V04,W082,V04,2026-01-22T00:00:00Z,4,V10,yes,train
SNAP-W082-V05,W082,V05,2026-01-29T00:00:00Z,5,V10,yes,train
SNAP-W082-V06,W082,V06,2026-02-05T00:00:00Z,6,V10,yes,train
SNAP-W082-V07,W082,V07,2026-02-12T00:00:00Z,7,V10,yes,train
SNAP-W082-V08,W082,V08,2026-02-19T00:00:00Z,8,V10,yes,train
SNAP-W082-V09,W082,V09,2026-02-26T00:00:00Z,9,V10,yes,train
SNAP-W083-V01,W083,V01,2026-01-01T00:00:00Z,1,V10,yes,train
SNAP-W083-V02,W083,V02,2026-01-08T00:00:00Z,2,V10,yes,train
SNAP-W083-V03,W083,V03,2026-01-15T00:00:00Z,3,V10,yes,train
SNAP-W083-V04,W083,V04,2026-01-22T00:00:00Z,4,V10,yes,train
SNAP-W083-V05,W083,V05,2026-01-29T00:00:00Z,5,V10,yes,train
SNAP-W083-V06,W083,V06,2026-02-05T00:00:00Z,6,V10,yes,train
SNAP-W083-V07,W083,V07,2026-02-12T00:00:00Z,7,V10,yes,train
SNAP-W083-V08,W083,V08,2026-02-19T00:00:00Z,8,V10,yes,train
SNAP-W083-V09,W083,V09,2026-02-26T00:00:00Z,9,V10,yes,train
SNAP-W084-V01,W084,V01,2026-01-01T00:00:00Z,1,V10,yes,train
SNAP-W084-V02,W084,V02,2026-01-08T00:00:00Z,2,V10,yes,train
SNAP-W084-V03,W084,V03,2026-01-15T00:00:00Z,3,V10,yes,train
SNAP-W084-V04,W084,V04,2026-01-22T00:00:00Z,4,V10,yes,train
SNAP-W084-V05,W084,V05,2026-01-29T00:00:00Z,5,V10,yes,train
SNAP-W084-V06,W084,V06,2026-02-05T00:00:00Z,6,V10,yes,train
SNAP-W084-V07,W084,V07,2026-02-12T00:00:00Z,7,V10,yes,train
SNAP-W084-V08,W084,V08,2026-02-19T00:00:00Z,8,V10,yes,train
SNAP-W084-V09,W084,V09,2026-02-26T00:00:00Z,9,V10,yes,train
SNAP-W085-V01,W085,V01,2026-01-01T00:00:00Z,1,V10,yes,train
SNAP-W085-V02,W085,V02,2026-01-08T00:00:00Z,2,V10,yes,train
SNAP-W085-V03,W085,V03,2026-01-15T00:00:00Z,3,V10,yes,train
SNAP-W085-V04,W085,V04,2026-01-22T00:00:00Z,4,V10,yes,train
SNAP-W085-V05,W085,V05,2026-01-29T00:00:00Z,5,V10,yes,train
SNAP-W085-V06,W085,V06,2026-02-05T00:00:00Z,6,V10,yes,train
SNAP-W085-V07,W085,V07,2026-02-12T00:00:00Z,7,V10,yes,train
SNAP-W085-V08,W085,V08,2026-02-19T00:00:00Z,8,V10,yes,train
SNAP-W085-V09,W085,V09,2026-02-26T00:00:00Z,9,V10,yes,train
SNAP-W086-V01,W086,V01,2026-01-01T00:00:00Z,1,V10,yes,train
SNAP-W086-V02,W086,V02,2026-01-08T00:00:00Z,2,V10,yes,train
SNAP-W086-V03,W086,V03,2026-01-15T00:00:00Z,3,V10,yes,train
SNAP-W086-V04,W086,V04,2026-01-22T00:00:00Z,4,V10,yes,train
SNAP-W086-V05,W086,V05,2026-01-29T00:00:00Z,5,V10,yes,train
SNAP-W086-V06,W086,V06,2026-02-05T00:00:00Z,6,V10,yes,train
SNAP-W086-V07,W086,V07,2026-02-12T00:00:00Z,7,V10,yes,train
SNAP-W086-V08,W086,V08,2026-02-19T00:00:00Z,8,V10,yes,train
SNAP-W086-V09,W086,V09,2026-02-26T00:00:00Z,9,V10,yes,train
SNAP-W087-V01,W087,V01,2026-01-01T00:00:00Z,1,V10,yes,train
SNAP-W087-V02,W087,V02,2026-01-08T00:00:00Z,2,V10,yes,train
SNAP-W087-V03,W087,V03,2026-01-15T00:00:00Z,3,V10,yes,train
SNAP-W087-V04,W087,V04,2026-01-22T00:00:00Z,4,V10,yes,train
SNAP-W087-V05,W087,V05,2026-01-29T00:00:00Z,5,V10,yes,train
SNAP-W087-V06,W087,V06,2026-02-05T00:00:00Z,6,V10,yes,train
SNAP-W087-V07,W087,V07,2026-02-12T00:00:00Z,7,V10,yes,train
SNAP-W087-V08,W087,V08,2026-02-19T00:00:00Z,8,V10,yes,train
SNAP-W087-V09,W087,V09,2026-02-26T00:00:00Z,9,V10,yes,train
SNAP-W088-V01,W088,V01,2026-01-01T00:00:00Z,1,V10,yes,train
SNAP-W088-V02,W088,V02,2026-01-08T00:00:00Z,2,V10,yes,train
SNAP-W088-V03,W088,V03,2026-01-15T00:00:00Z,3,V10,yes,train
SNAP-W088-V04,W088,V04,2026-01-22T00:00:00Z,4,V10,yes,train
SNAP-W088-V05,W088,V05,2026-01-29T00:00:00Z,5,V10,yes,train
SNAP-W088-V06,W088,V06,2026-02-05T00:00:00Z,6,V10,yes,train
SNAP-W088-V07,W088,V07,2026-02-12T00:00:00Z,7,V10,yes,train
SNAP-W088-V08,W088,V08,2026-02-19T00:00:00Z,8,V10,yes,train
SNAP-W088-V09,W088,V09,2026-02-26T00:00:00Z,9,V10,yes,train
SNAP-W089-V01,W089,V01,2026-01-01T00:00:00Z,1,V10,yes,train
SNAP-W089-V02,W089,V02,2026-01-08T00:00:00Z,2,V10,yes,train
SNAP-W089-V03,W089,V03,2026-01-15T00:00:00Z,3,V10,yes,train
SNAP-W089-V04,W089,V04,2026-01-22T00:00:00Z,4,V10,yes,train
SNAP-W089-V05,W089,V05,2026-01-29T00:00:00Z,5,V10,yes,train
SNAP-W089-V06,W089,V06,2026-02-05T00:00:00Z,6,V10,yes,train
SNAP-W089-V07,W089,V07,2026-02-12T00:00:00Z,7,V10,yes,train
SNAP-W089-V08,W089,V08,2026-02-19T00:00:00Z,8,V10,yes,train
SNAP-W089-V09,W089,V09,2026-02-26T00:00:00Z,9,V10,yes,train
SNAP-W090-V01,W090,V01,2026-01-01T00:00:00Z,1,V10,yes,train
SNAP-W090-V02,W090,V02,2026-01-08T00:00:00Z,2,V10,yes,train
SNAP-W090-V03,W090,V03,2026-01-15T00:00:00Z,3,V10,yes,train
SNAP-W090-V04,W090,V04,2026-01-22T00:00:00Z,4,V10,yes,train
SNAP-W090-V05,W090,V05,2026-01-29T00:00:00Z,5,V10,yes,train
SNAP-W090-V06,W090,V06,2026-02-05T00:00:00Z,6,V10,yes,train
SNAP-W090-V07,W090,V07,2026-02-12T00:00:00Z,7,V10,yes,train
SNAP-W090-V08,W090,V08,2026-02-19T00:00:00Z,8,V10,yes,train
SNAP-W090-V09,W090,V09,2026-02-26T00:00:00Z,9,V10,yes,train
SNAP-W091-V01,W091,V01,2026-01-01T00:00:00Z,1,V10,yes,train
SNAP-W091-V02,W091,V02,2026-01-08T00:00:00Z,2,V10,yes,train
SNAP-W091-V03,W091,V03,2026-01-15T00:00:00Z,3,V10,yes,train
SNAP-W091-V04,W091,V04,2026-01-22T00:00:00Z,4,V10,yes,train
SNAP-W091-V05,W091,V05,2026-01-29T00:00:00Z,5,V10,yes,train
SNAP-W091-V06,W091,V06,2026-02-05T00:00:00Z,6,V10,yes,train
SNAP-W091-V07,W091,V07,2026-02-12T00:00:00Z,7,V10,yes,train
SNAP-W091-V08,W091,V08,2026-02-19T00:00:00Z,8,V10,yes,train
SNAP-W091-V09,W091,V09,2026-02-26T00:00:00Z,9,V10,yes,train
SNAP-W092-V01,W092,V01,2026-01-01T00:00:00Z,1,V10,yes,train
SNAP-W092-V02,W092,V02,2026-01-08T00:00:00Z,2,V10,yes,train
SNAP-W092-V03,W092,V03,2026-01-15T00:00:00Z,3,V10,yes,train
SNAP-W092-V04,W092,V04,2026-01-22T00:00:00Z,4,V10,yes,train
SNAP-W092-V05,W092,V05,2026-01-29T00:00:00Z,5,V10,yes,train
SNAP-W092-V06,W092,V06,2026-02-05T00:00:00Z,6,V10,yes,train
SNAP-W092-V07,W092,V07,2026-02-12T00:00:00Z,7,V10,yes,train
SNAP-W092-V08,W092,V08,2026-02-19T00:00:00Z,8,V10,yes,train
SNAP-W092-V09,W092,V09,2026-02-26T00:00:00Z,9,V10,yes,train
SNAP-W093-V01,W093,V01,2026-01-01T00:00:00Z,1,V10,yes,train
SNAP-W093-V02,W093,V02,2026-01-08T00:00:00Z,2,V10,yes,train
SNAP-W093-V03,W093,V03,2026-01-15T00:00:00Z,3,V10,yes,train
SNAP-W093-V04,W093,V04,2026-01-22T00:00:00Z,4,V10,yes,train
SNAP-W093-V05,W093,V05,2026-01-29T00:00:00Z,5,V10,yes,train
SNAP-W093-V06,W093,V06,2026-02-05T00:00:00Z,6,V10,yes,train
SNAP-W093-V07,W093,V07,2026-02-12T00:00:00Z,7,V10,yes,train
SNAP-W093-V08,W093,V08,2026-02-19T00:00:00Z,8,V10,yes,train
SNAP-W093-V09,W093,V09,2026-02-26T00:00:00Z,9,V10,yes,train
SNAP-W094-V01,W094,V01,2026-01-01T00:00:00Z,1,V10,yes,train
SNAP-W094-V02,W094,V02,2026-01-08T00:00:00Z,2,V10,yes,train
SNAP-W094-V03,W094,V03,2026-01-15T00:00:00Z,3,V10,yes,train
SNAP-W094-V04,W094,V04,2026-01-22T00:00:00Z,4,V10,yes,train
SNAP-W094-V05,W094,V05,2026-01-29T00:00:00Z,5,V10,yes,train
SNAP-W094-V06,W094,V06,2026-02-05T00:00:00Z,6,V10,yes,train
SNAP-W094-V07,W094,V07,2026-02-12T00:00:00Z,7,V10,yes,train
SNAP-W094-V08,W094,V08,2026-02-19T00:00:00Z,8,V10,yes,train
SNAP-W094-V09,W094,V09,2026-02-26T00:00:00Z,9,V10,yes,train
SNAP-W095-V01,W095,V01,2026-01-01T00:00:00Z,1,V10,yes,train
SNAP-W095-V02,W095,V02,2026-01-08T00:00:00Z,2,V10,yes,train
SNAP-W095-V03,W095,V03,2026-01-15T00:00:00Z,3,V10,yes,train
SNAP-W095-V04,W095,V04,2026-01-22T00:00:00Z,4,V10,yes,train
SNAP-W095-V05,W095,V05,2026-01-29T00:00:00Z,5,V10,yes,train
SNAP-W095-V06,W095,V06,2026-02-05T00:00:00Z,6,V10,yes,train
SNAP-W095-V07,W095,V07,2026-02-12T00:00:00Z,7,V10,yes,train
SNAP-W095-V08,W095,V08,2026-02-19T00:00:00Z,8,V10,yes,train
SNAP-W095-V09,W095,V09,2026-02-26T00:00:00Z,9,V10,yes,train
SNAP-W096-V01,W096,V01,2026-01-01T00:00:00Z,1,V10,yes,train
SNAP-W096-V02,W096,V02,2026-01-08T00:00:00Z,2,V10,yes,train
SNAP-W096-V03,W096,V03,2026-01-15T00:00:00Z,3,V10,yes,train
SNAP-W096-V04,W096,V04,2026-01-22T00:00:00Z,4,V10,yes,train
SNAP-W096-V05,W096,V05,2026-01-29T00:00:00Z,5,V10,yes,train
SNAP-W096-V06,W096,V06,2026-02-05T00:00:00Z,6,V10,yes,train
SNAP-W096-V07,W096,V07,2026-02-12T00:00:00Z,7,V10,yes,train
SNAP-W096-V08,W096,V08,2026-02-19T00:00:00Z,8,V10,yes,train
SNAP-W096-V09,W096,V09,2026-02-26T00:00:00Z,9,V10,yes,train
SNAP-W097-V01,W097,V01,2026-01-01T00:00:00Z,1,V10,yes,train
SNAP-W097-V02,W097,V02,2026-01-08T00:00:00Z,2,V10,yes,train
SNAP-W097-V03,W097,V03,2026-01-15T00:00:00Z,3,V10,yes,train
SNAP-W097-V04,W097,V04,2026-01-22T00:00:00Z,4,V10,yes,train
SNAP-W097-V05,W097,V05,2026-01-29T00:00:00Z,5,V10,yes,train
SNAP-W097-V06,W097,V06,2026-02-05T00:00:00Z,6,V10,yes,train
SNAP-W097-V07,W097,V07,2026-02-12T00:00:00Z,7,V10,yes,train
SNAP-W097-V08,W097,V08,2026-02-19T00:00:00Z,8,V10,yes,train
SNAP-W097-V09,W097,V09,2026-02-26T00:00:00Z,9,V10,yes,train
SNAP-W098-V01,W098,V01,2026-01-01T00:00:00Z,1,V10,yes,train
SNAP-W098-V02,W098,V02,2026-01-08T00:00:00Z,2,V10,yes,train
SNAP-W098-V03,W098,V03,2026-01-15T00:00:00Z,3,V10,yes,train
SNAP-W098-V04,W098,V04,2026-01-22T00:00:00Z,4,V10,yes,train
SNAP-W098-V05,W098,V05,2026-01-29T00:00:00Z,5,V10,yes,train
SNAP-W098-V06,W098,V06,2026-02-05T00:00:00Z,6,V10,yes,train
SNAP-W098-V07,W098,V07,2026-02-12T00:00:00Z,7,V10,yes,train
SNAP-W098-V08,W098,V08,2026-02-19T00:00:00Z,8,V10,yes,train
SNAP-W098-V09,W098,V09,2026-02-26T00:00:00Z,9,V10,yes,train
SNAP-W099-V01,W099,V01,2026-01-01T00:00:00Z,1,V10,yes,train
SNAP-W099-V02,W099,V02,2026-01-08T00:00:00Z,2,V10,yes,train
SNAP-W099-V03,W099,V03,2026-01-15T00:00:00Z,3,V10,yes,train
SNAP-W099-V04,W099,V04,2026-01-22T00:00:00Z,4,V10,yes,train
SNAP-W099-V05,W099,V05,2026-01-29T00:00:00Z,5,V10,yes,train
SNAP-W099-V06,W099,V06,2026-02-05T00:00:00Z,6,V10,yes,train
SNAP-W099-V07,W099,V07,2026-02-12T00:00:00Z,7,V10,yes,train
SNAP-W099-V08,W099,V08,2026-02-19T00:00:00Z,8,V10,yes,train
SNAP-W099-V09,W099,V09,2026-02-26T00:00:00Z,9,V10,yes,train
SNAP-W100-V01,W100,V01,2026-01-01T00:00:00Z,1,V10,yes,train
SNAP-W100-V02,W100,V02,2026-01-08T00:00:00Z,2,V10,yes,train
SNAP-W100-V03,W100,V03,2026-01-15T00:00:00Z,3,V10,yes,train
SNAP-W100-V04,W100,V04,2026-01-22T00:00:00Z,4,V10,yes,train
SNAP-W100-V05,W100,V05,2026-01-29T00:00:00Z,5,V10,yes,train
SNAP-W100-V06,W100,V06,2026-02-05T00:00:00Z,6,V10,yes,train
SNAP-W100-V07,W100,V07,2026-02-12T00:00:00Z,7,V10,yes,train
SNAP-W100-V08,W100,V08,2026-02-19T00:00:00Z,8,V10,yes,train
SNAP-W100-V09,W100,V09,2026-02-26T00:00:00Z,9,V10,yes,train
SNAP-W101-V01,W101,V01,2026-01-01T00:00:00Z,1,V10,yes,train
SNAP-W101-V02,W101,V02,2026-01-08T00:00:00Z,2,V10,yes,train
SNAP-W101-V03,W101,V03,2026-01-15T00:00:00Z,3,V10,yes,train
SNAP-W101-V04,W101,V04,2026-01-22T00:00:00Z,4,V10,yes,train
SNAP-W101-V05,W101,V05,2026-01-29T00:00:00Z,5,V10,yes,train
SNAP-W101-V06,W101,V06,2026-02-05T00:00:00Z,6,V10,yes,train
SNAP-W101-V07,W101,V07,2026-02-12T00:00:00Z,7,V10,yes,train
SNAP-W101-V08,W101,V08,2026-02-19T00:00:00Z,8,V10,yes,train
SNAP-W101-V09,W101,V09,2026-02-26T00:00:00Z,9,V10,yes,train
SNAP-W102-V01,W102,V01,2026-01-01T00:00:00Z,1,V10,yes,train
SNAP-W102-V02,W102,V02,2026-01-08T00:00:00Z,2,V10,yes,train
SNAP-W102-V03,W102,V03,2026-01-15T00:00:00Z,3,V10,yes,train
SNAP-W102-V04,W102,V04,2026-01-22T00:00:00Z,4,V10,yes,train
SNAP-W102-V05,W102,V05,2026-01-29T00:00:00Z,5,V10,yes,train
SNAP-W102-V06,W102,V06,2026-02-05T00:00:00Z,6,V10,yes,train
SNAP-W102-V07,W102,V07,2026-02-12T00:00:00Z,7,V10,yes,train
SNAP-W102-V08,W102,V08,2026-02-19T00:00:00Z,8,V10,yes,train
SNAP-W102-V09,W102,V09,2026-02-26T00:00:00Z,9,V10,yes,train
SNAP-W103-V01,W103,V01,2026-01-01T00:00:00Z,1,V10,yes,train
SNAP-W103-V02,W103,V02,2026-01-08T00:00:00Z,2,V10,yes,train
SNAP-W103-V03,W103,V03,2026-01-15T00:00:00Z,3,V10,yes,train
SNAP-W103-V04,W103,V04,2026-01-22T00:00:00Z,4,V10,yes,train
SNAP-W103-V05,W103,V05,2026-01-29T00:00:00Z,5,V10,yes,train
SNAP-W103-V06,W103,V06,2026-02-05T00:00:00Z,6,V10,yes,train
SNAP-W103-V07,W103,V07,2026-02-12T00:00:00Z,7,V10,yes,train
SNAP-W103-V08,W103,V08,2026-02-19T00:00:00Z,8,V10,yes,train
SNAP-W103-V09,W103,V09,2026-02-26T00:00:00Z,9,V10,yes,train
SNAP-W104-V01,W104,V01,2026-01-01T00:00:00Z,1,V10,yes,train
SNAP-W104-V02,W104,V02,2026-01-08T00:00:00Z,2,V10,yes,train
SNAP-W104-V03,W104,V03,2026-01-15T00:00:00Z,3,V10,yes,train
SNAP-W104-V04,W104,V04,2026-01-22T00:00:00Z,4,V10,yes,train
SNAP-W104-V05,W104,V05,2026-01-29T00:00:00Z,5,V10,yes,train
SNAP-W104-V06,W104,V06,2026-02-05T00:00:00Z,6,V10,yes,train
SNAP-W104-V07,W104,V07,2026-02-12T00:00:00Z,7,V10,yes,train
SNAP-W104-V08,W104,V08,2026-02-19T00:00:00Z,8,V10,yes,train
SNAP-W104-V09,W104,V09,2026-02-26T00:00:00Z,9,V10,yes,train
SNAP-W105-V01,W105,V01,2026-01-01T00:00:00Z,1,V10,yes,train
SNAP-W105-V02,W105,V02,2026-01-08T00:00:00Z,2,V10,yes,train
SNAP-W105-V03,W105,V03,2026-01-15T00:00:00Z,3,V10,yes,train
SNAP-W105-V04,W105,V04,2026-01-22T00:00:00Z,4,V10,yes,train
SNAP-W105-V05,W105,V05,2026-01-29T00:00:00Z,5,V10,yes,train
SNAP-W105-V06,W105,V06,2026-02-05T00:00:00Z,6,V10,yes,train
SNAP-W105-V07,W105,V07,2026-02-12T00:00:00Z,7,V10,yes,train
SNAP-W105-V08,W105,V08,2026-02-19T00:00:00Z,8,V10,yes,train
SNAP-W105-V09,W105,V09,2026-02-26T00:00:00Z,9,V10,yes,train
SNAP-W106-V01,W106,V01,2026-01-01T00:00:00Z,1,V10,yes,train
SNAP-W106-V02,W106,V02,2026-01-08T00:00:00Z,2,V10,yes,train
SNAP-W106-V03,W106,V03,2026-01-15T00:00:00Z,3,V10,yes,train
SNAP-W106-V04,W106,V04,2026-01-22T00:00:00Z,4,V10,yes,train
SNAP-W106-V05,W106,V05,2026-01-29T00:00:00Z,5,V10,yes,train
SNAP-W106-V06,W106,V06,2026-02-05T00:00:00Z,6,V10,yes,train
SNAP-W106-V07,W106,V07,2026-02-12T00:00:00Z,7,V10,yes,train
SNAP-W106-V08,W106,V08,2026-02-19T00:00:00Z,8,V10,yes,train
SNAP-W106-V09,W106,V09,2026-02-26T00:00:00Z,9,V10,yes,train
SNAP-W107-V01,W107,V01,2026-01-01T00:00:00Z,1,V10,yes,train
SNAP-W107-V02,W107,V02,2026-01-08T00:00:00Z,2,V10,yes,train
SNAP-W107-V03,W107,V03,2026-01-15T00:00:00Z,3,V10,yes,train
SNAP-W107-V04,W107,V04,2026-01-22T00:00:00Z,4,V10,yes,train
SNAP-W107-V05,W107,V05,2026-01-29T00:00:00Z,5,V10,yes,train
SNAP-W107-V06,W107,V06,2026-02-05T00:00:00Z,6,V10,yes,train
SNAP-W107-V07,W107,V07,2026-02-12T00:00:00Z,7,V10,yes,train
SNAP-W107-V08,W107,V08,2026-02-19T00:00:00Z,8,V10,yes,train
SNAP-W107-V09,W107,V09,2026-02-26T00:00:00Z,9,V10,yes,train
SNAP-W108-V01,W108,V01,2026-01-01T00:00:00Z,1,V10,yes,train
SNAP-W108-V02,W108,V02,2026-01-08T00:00:00Z,2,V10,yes,train
SNAP-W108-V03,W108,V03,2026-01-15T00:00:00Z,3,V10,yes,train
SNAP-W108-V04,W108,V04,2026-01-22T00:00:00Z,4,V10,yes,train
SNAP-W108-V05,W108,V05,2026-01-29T00:00:00Z,5,V10,yes,train
SNAP-W108-V06,W108,V06,2026-02-05T00:00:00Z,6,V10,yes,train
SNAP-W108-V07,W108,V07,2026-02-12T00:00:00Z,7,V10,yes,train
SNAP-W108-V08,W108,V08,2026-02-19T00:00:00Z,8,V10,yes,train
SNAP-W108-V09,W108,V09,2026-02-26T00:00:00Z,9,V10,yes,train
SNAP-W109-V01,W109,V01,2026-01-01T00:00:00Z,1,V10,yes,train
SNAP-W109-V02,W109,V02,2026-01-08T00:00:00Z,2,V10,yes,train
SNAP-W109-V03,W109,V03,2026-01-15T00:00:00Z,3,V10,yes,train
SNAP-W109-V04,W109,V04,2026-01-22T00:00:00Z,4,V10,yes,train
SNAP-W109-V05,W109,V05,2026-01-29T00:00:00Z,5,V10,yes,train
SNAP-W109-V06,W109,V06,2026-02-05T00:00:00Z,6,V10,yes,train
SNAP-W109-V07,W109,V07,2026-02-12T00:00:00Z,7,V10,yes,train
SNAP-W109-V08,W109,V08,2026-02-19T00:00:00Z,8,V10,yes,train
SNAP-W109-V09,W109,V09,2026-02-26T00:00:00Z,9,V10,yes,train
SNAP-W110-V01,W110,V01,2026-01-01T00:00:00Z,1,V10,yes,train
SNAP-W110-V02,W110,V02,2026-01-08T00:00:00Z,2,V10,yes,train
SNAP-W110-V03,W110,V03,2026-01-15T00:00:00Z,3,V10,yes,train
SNAP-W110-V04,W110,V04,2026-01-22T00:00:00Z,4,V10,yes,train
SNAP-W110-V05,W110,V05,2026-01-29T00:00:00Z,5,V10,yes,train
SNAP-W110-V06,W110,V06,2026-02-05T00:00:00Z,6,V10,yes,train
SNAP-W110-V07,W110,V07,2026-02-12T00:00:00Z,7,V10,yes,train
SNAP-W110-V08,W110,V08,2026-02-19T00:00:00Z,8,V10,yes,train
SNAP-W110-V09,W110,V09,2026-02-26T00:00:00Z,9,V10,yes,train
SNAP-W111-V01,W111,V01,2026-01-01T00:00:00Z,1,V10,yes,train
SNAP-W111-V02,W111,V02,2026-01-08T00:00:00Z,2,V10,yes,train
SNAP-W111-V03,W111,V03,2026-01-15T00:00:00Z,3,V10,yes,train
SNAP-W111-V04,W111,V04,2026-01-22T00:00:00Z,4,V10,yes,train
SNAP-W111-V05,W111,V05,2026-01-29T00:00:00Z,5,V10,yes,train
SNAP-W111-V06,W111,V06,2026-02-05T00:00:00Z,6,V10,yes,train
SNAP-W111-V07,W111,V07,2026-02-12T00:00:00Z,7,V10,yes,train
SNAP-W111-V08,W111,V08,2026-02-19T00:00:00Z,8,V10,yes,train
SNAP-W111-V09,W111,V09,2026-02-26T00:00:00Z,9,V10,yes,train
SNAP-W112-V01,W112,V01,2026-01-01T00:00:00Z,1,V10,yes,train
SNAP-W112-V02,W112,V02,2026-01-08T00:00:00Z,2,V10,yes,train
SNAP-W112-V03,W112,V03,2026-01-15T00:00:00Z,3,V10,yes,train
SNAP-W112-V04,W112,V04,2026-01-22T00:00:00Z,4,V10,yes,train
SNAP-W112-V05,W112,V05,2026-01-29T00:00:00Z,5,V10,yes,train
SNAP-W112-V06,W112,V06,2026-02-05T00:00:00Z,6,V10,yes,train
SNAP-W112-V07,W112,V07,2026-02-12T00:00:00Z,7,V10,yes,train
SNAP-W112-V08,W112,V08,2026-02-19T00:00:00Z,8,V10,yes,train
SNAP-W112-V09,W112,V09,2026-02-26T00:00:00Z,9,V10,yes,train
SNAP-W113-V01,W113,V01,2026-01-01T00:00:00Z,1,V10,yes,train
SNAP-W113-V02,W113,V02,2026-01-08T00:00:00Z,2,V10,yes,train
SNAP-W113-V03,W113,V03,2026-01-15T00:00:00Z,3,V10,yes,train
SNAP-W113-V04,W113,V04,2026-01-22T00:00:00Z,4,V10,yes,train
SNAP-W113-V05,W113,V05,2026-01-29T00:00:00Z,5,V10,yes,train
SNAP-W113-V06,W113,V06,2026-02-05T00:00:00Z,6,V10,yes,train
SNAP-W113-V07,W113,V07,2026-02-12T00:00:00Z,7,V10,yes,train
SNAP-W113-V08,W113,V08,2026-02-19T00:00:00Z,8,V10,yes,train
SNAP-W113-V09,W113,V09,2026-02-26T00:00:00Z,9,V10,yes,train
SNAP-W114-V01,W114,V01,2026-01-01T00:00:00Z,1,V10,yes,train
SNAP-W114-V02,W114,V02,2026-01-08T00:00:00Z,2,V10,yes,train
SNAP-W114-V03,W114,V03,2026-01-15T00:00:00Z,3,V10,yes,train
SNAP-W114-V04,W114,V04,2026-01-22T00:00:00Z,4,V10,yes,train
SNAP-W114-V05,W114,V05,2026-01-29T00:00:00Z,5,V10,yes,train
SNAP-W114-V06,W114,V06,2026-02-05T00:00:00Z,6,V10,yes,train
SNAP-W114-V07,W114,V07,2026-02-12T00:00:00Z,7,V10,yes,train
SNAP-W114-V08,W114,V08,2026-02-19T00:00:00Z,8,V10,yes,train
SNAP-W114-V09,W114,V09,2026-02-26T00:00:00Z,9,V10,yes,train
SNAP-W115-V01,W115,V01,2026-01-01T00:00:00Z,1,V10,yes,train
SNAP-W115-V02,W115,V02,2026-01-08T00:00:00Z,2,V10,yes,train
SNAP-W115-V03,W115,V03,2026-01-15T00:00:00Z,3,V10,yes,train
SNAP-W115-V04,W115,V04,2026-01-22T00:00:00Z,4,V10,yes,train
SNAP-W115-V05,W115,V05,2026-01-29T00:00:00Z,5,V10,yes,train
SNAP-W115-V06,W115,V06,2026-02-05T00:00:00Z,6,V10,yes,train
SNAP-W115-V07,W115,V07,2026-02-12T00:00:00Z,7,V10,yes,train
SNAP-W115-V08,W115,V08,2026-02-19T00:00:00Z,8,V10,yes,train
SNAP-W115-V09,W115,V09,2026-02-26T00:00:00Z,9,V10,yes,train
SNAP-W116-V01,W116,V01,2026-01-01T00:00:00Z,1,V10,yes,train
SNAP-W116-V02,W116,V02,2026-01-08T00:00:00Z,2,V10,yes,train
SNAP-W116-V03,W116,V03,2026-01-15T00:00:00Z,3,V10,yes,train
SNAP-W116-V04,W116,V04,2026-01-22T00:00:00Z,4,V10,yes,train
SNAP-W116-V05,W116,V05,2026-01-29T00:00:00Z,5,V10,yes,train
SNAP-W116-V06,W116,V06,2026-02-05T00:00:00Z,6,V10,yes,train
SNAP-W116-V07,W116,V07,2026-02-12T00:00:00Z,7,V10,yes,train
SNAP-W116-V08,W116,V08,2026-02-19T00:00:00Z,8,V10,yes,train
SNAP-W116-V09,W116,V09,2026-02-26T00:00:00Z,9,V10,yes,train
SNAP-W117-V01,W117,V01,2026-01-01T00:00:00Z,1,V10,yes,train
SNAP-W117-V02,W117,V02,2026-01-08T00:00:00Z,2,V10,yes,train
SNAP-W117-V03,W117,V03,2026-01-15T00:00:00Z,3,V10,yes,train
SNAP-W117-V04,W117,V04,2026-01-22T00:00:00Z,4,V10,yes,train
SNAP-W117-V05,W117,V05,2026-01-29T00:00:00Z,5,V10,yes,train
SNAP-W117-V06,W117,V06,2026-02-05T00:00:00Z,6,V10,yes,train
SNAP-W117-V07,W117,V07,2026-02-12T00:00:00Z,7,V10,yes,train
SNAP-W117-V08,W117,V08,2026-02-19T00:00:00Z,8,V10,yes,train
SNAP-W117-V09,W117,V09,2026-02-26T00:00:00Z,9,V10,yes,train
SNAP-W118-V01,W118,V01,2026-01-01T00:00:00Z,1,V10,yes,train
SNAP-W118-V02,W118,V02,2026-01-08T00:00:00Z,2,V10,yes,train
SNAP-W118-V03,W118,V03,2026-01-15T00:00:00Z,3,V10,yes,train
SNAP-W118-V04,W118,V04,2026-01-22T00:00:00Z,4,V10,yes,train
SNAP-W118-V05,W118,V05,2026-01-29T00:00:00Z,5,V10,yes,train
SNAP-W118-V06,W118,V06,2026-02-05T00:00:00Z,6,V10,yes,train
SNAP-W118-V07,W118,V07,2026-02-12T00:00:00Z,7,V10,yes,train
SNAP-W118-V08,W118,V08,2026-02-19T00:00:00Z,8,V10,yes,train
SNAP-W118-V09,W118,V09,2026-02-26T00:00:00Z,9,V10,yes,train
SNAP-W119-V01,W119,V01,2026-01-01T00:00:00Z,1,V10,yes,train
SNAP-W119-V02,W119,V02,2026-01-08T00:00:00Z,2,V10,yes,train
SNAP-W119-V03,W119,V03,2026-01-15T00:00:00Z,3,V10,yes,train
SNAP-W119-V04,W119,V04,2026-01-22T00:00:00Z,4,V10,yes,train
SNAP-W119-V05,W119,V05,2026-01-29T00:00:00Z,5,V10,yes,train
SNAP-W119-V06,W119,V06,2026-02-05T00:00:00Z,6,V10,yes,train
SNAP-W119-V07,W119,V07,2026-02-12T00:00:00Z,7,V10,yes,train
SNAP-W119-V08,W119,V08,2026-02-19T00:00:00Z,8,V10,yes,train
SNAP-W119-V09,W119,V09,2026-02-26T00:00:00Z,9,V10,yes,train
SNAP-W120-V01,W120,V01,2026-01-01T00:00:00Z,1,V10,yes,train
SNAP-W120-V02,W120,V02,2026-01-08T00:00:00Z,2,V10,yes,train
SNAP-W120-V03,W120,V03,2026-01-15T00:00:00Z,3,V10,yes,train
SNAP-W120-V04,W120,V04,2026-01-22T00:00:00Z,4,V10,yes,train
SNAP-W120-V05,W120,V05,2026-01-29T00:00:00Z,5,V10,yes,train
SNAP-W120-V06,W120,V06,2026-02-05T00:00:00Z,6,V10,yes,train
SNAP-W120-V07,W120,V07,2026-02-12T00:00:00Z,7,V10,yes,train
SNAP-W120-V08,W120,V08,2026-02-19T00:00:00Z,8,V10,yes,train
SNAP-W120-V09,W120,V09,2026-02-26T00:00:00Z,9,V10,yes,train
SNAP-W121-V01,W121,V01,2026-01-01T00:00:00Z,1,V10,yes,train
SNAP-W121-V02,W121,V02,2026-01-08T00:00:00Z,2,V10,yes,train
SNAP-W121-V03,W121,V03,2026-01-15T00:00:00Z,3,V10,yes,train
SNAP-W121-V04,W121,V04,2026-01-22T00:00:00Z,4,V10,yes,train
SNAP-W121-V05,W121,V05,2026-01-29T00:00:00Z,5,V10,yes,train
SNAP-W121-V06,W121,V06,2026-02-05T00:00:00Z,6,V10,yes,train
SNAP-W121-V07,W121,V07,2026-02-12T00:00:00Z,7,V10,yes,train
SNAP-W121-V08,W121,V08,2026-02-19T00:00:00Z,8,V10,yes,train
SNAP-W121-V09,W121,V09,2026-02-26T00:00:00Z,9,V10,yes,train
SNAP-W122-V01,W122,V01,2026-01-01T00:00:00Z,1,V10,yes,train
SNAP-W122-V02,W122,V02,2026-01-08T00:00:00Z,2,V10,yes,train
SNAP-W122-V03,W122,V03,2026-01-15T00:00:00Z,3,V10,yes,train
SNAP-W122-V04,W122,V04,2026-01-22T00:00:00Z,4,V10,yes,train
SNAP-W122-V05,W122,V05,2026-01-29T00:00:00Z,5,V10,yes,train
SNAP-W122-V06,W122,V06,2026-02-05T00:00:00Z,6,V10,yes,train
SNAP-W122-V07,W122,V07,2026-02-12T00:00:00Z,7,V10,yes,train
SNAP-W122-V08,W122,V08,2026-02-19T00:00:00Z,8,V10,yes,train
SNAP-W122-V09,W122,V09,2026-02-26T00:00:00Z,9,V10,yes,train
SNAP-W123-V01,W123,V01,2026-01-01T00:00:00Z,1,V10,yes,train
SNAP-W123-V02,W123,V02,2026-01-08T00:00:00Z,2,V10,yes,train
SNAP-W123-V03,W123,V03,2026-01-15T00:00:00Z,3,V10,yes,train
SNAP-W123-V04,W123,V04,2026-01-22T00:00:00Z,4,V10,yes,train
SNAP-W123-V05,W123,V05,2026-01-29T00:00:00Z,5,V10,yes,train
SNAP-W123-V06,W123,V06,2026-02-05T00:00:00Z,6,V10,yes,train
SNAP-W123-V07,W123,V07,2026-02-12T00:00:00Z,7,V10,yes,train
SNAP-W123-V08,W123,V08,2026-02-19T00:00:00Z,8,V10,yes,train
SNAP-W123-V09,W123,V09,2026-02-26T00:00:00Z,9,V10,yes,train
SNAP-W124-V01,W124,V01,2026-01-01T00:00:00Z,1,V10,yes,train
SNAP-W124-V02,W124,V02,2026-01-08T00:00:00Z,2,V10,yes,train
SNAP-W124-V03,W124,V03,2026-01-15T00:00:00Z,3,V10,yes,train
SNAP-W124-V04,W124,V04,2026-01-22T00:00:00Z,4,V10,yes,train
SNAP-W124-V05,W124,V05,2026-01-29T00:00:00Z,5,V10,yes,train
SNAP-W124-V06,W124,V06,2026-02-05T00:00:00Z,6,V10,yes,train
SNAP-W124-V07,W124,V07,2026-02-12T00:00:00Z,7,V10,yes,train
SNAP-W124-V08,W124,V08,2026-02-19T00:00:00Z,8,V10,yes,train
SNAP-W124-V09,W124,V09,2026-02-26T00:00:00Z,9,V10,yes,train
SNAP-W125-V01,W125,V01,2026-01-01T00:00:00Z,1,V10,yes,train
SNAP-W125-V02,W125,V02,2026-01-08T00:00:00Z,2,V10,yes,train
SNAP-W125-V03,W125,V03,2026-01-15T00:00:00Z,3,V10,yes,train
SNAP-W125-V04,W125,V04,2026-01-22T00:00:00Z,4,V10,yes,train
SNAP-W125-V05,W125,V05,2026-01-29T00:00:00Z,5,V10,yes,train
SNAP-W125-V06,W125,V06,2026-02-05T00:00:00Z,6,V10,yes,train
SNAP-W125-V07,W125,V07,2026-02-12T00:00:00Z,7,V10,yes,train
SNAP-W125-V08,W125,V08,2026-02-19T00:00:00Z,8,V10,yes,train
SNAP-W125-V09,W125,V09,2026-02-26T00:00:00Z,9,V10,yes,train
SNAP-W126-V01,W126,V01,2026-01-01T00:00:00Z,1,V10,yes,train
SNAP-W126-V02,W126,V02,2026-01-08T00:00:00Z,2,V10,yes,train
SNAP-W126-V03,W126,V03,2026-01-15T00:00:00Z,3,V10,yes,train
SNAP-W126-V04,W126,V04,2026-01-22T00:00:00Z,4,V10,yes,train
SNAP-W126-V05,W126,V05,2026-01-29T00:00:00Z,5,V10,yes,train
SNAP-W126-V06,W126,V06,2026-02-05T00:00:00Z,6,V10,yes,train
SNAP-W126-V07,W126,V07,2026-02-12T00:00:00Z,7,V10,yes,train
SNAP-W126-V08,W126,V08,2026-02-19T00:00:00Z,8,V10,yes,train
SNAP-W126-V09,W126,V09,2026-02-26T00:00:00Z,9,V10,yes,train
SNAP-W127-V01,W127,V01,2026-01-01T00:00:00Z,1,V10,yes,train
SNAP-W127-V02,W127,V02,2026-01-08T00:00:00Z,2,V10,yes,train
SNAP-W127-V03,W127,V03,2026-01-15T00:00:00Z,3,V10,yes,train
SNAP-W127-V04,W127,V04,2026-01-22T00:00:00Z,4,V10,yes,train
SNAP-W127-V05,W127,V05,2026-01-29T00:00:00Z,5,V10,yes,train
SNAP-W127-V06,W127,V06,2026-02-05T00:00:00Z,6,V10,yes,train
SNAP-W127-V07,W127,V07,2026-02-12T00:00:00Z,7,V10,yes,train
SNAP-W127-V08,W127,V08,2026-02-19T00:00:00Z,8,V10,yes,train
SNAP-W127-V09,W127,V09,2026-02-26T00:00:00Z,9,V10,yes,train
SNAP-W128-V01,W128,V01,2026-01-01T00:00:00Z,1,V10,yes,train
SNAP-W128-V02,W128,V02,2026-01-08T00:00:00Z,2,V10,yes,train
SNAP-W128-V03,W128,V03,2026-01-15T00:00:00Z,3,V10,yes,train
SNAP-W128-V04,W128,V04,2026-01-22T00:00:00Z,4,V10,yes,train
SNAP-W128-V05,W128,V05,2026-01-29T00:00:00Z,5,V10,yes,train
SNAP-W128-V06,W128,V06,2026-02-05T00:00:00Z,6,V10,yes,train
SNAP-W128-V07,W128,V07,2026-02-12T00:00:00Z,7,V10,yes,train
SNAP-W128-V08,W128,V08,2026-02-19T00:00:00Z,8,V10,yes,train
SNAP-W128-V09,W128,V09,2026-02-26T00:00:00Z,9,V10,yes,train
SNAP-W129-V01,W129,V01,2026-01-01T00:00:00Z,1,V10,yes,train
SNAP-W129-V02,W129,V02,2026-01-08T00:00:00Z,2,V10,yes,train
SNAP-W129-V03,W129,V03,2026-01-15T00:00:00Z,3,V10,yes,train
SNAP-W129-V04,W129,V04,2026-01-22T00:00:00Z,4,V10,yes,train
SNAP-W129-V05,W129,V05,2026-01-29T00:00:00Z,5,V10,yes,train
SNAP-W129-V06,W129,V06,2026-02-05T00:00:00Z,6,V10,yes,train
SNAP-W129-V07,W129,V07,2026-02-12T00:00:00Z,7,V10,yes,train
SNAP-W129-V08,W129,V08,2026-02-19T00:00:00Z,8,V10,yes,train
SNAP-W129-V09,W129,V09,2026-02-26T00:00:00Z,9,V10,yes,train
SNAP-W130-V01,W130,V01,2026-01-01T00:00:00Z,1,V10,yes,train
SNAP-W130-V02,W130,V02,2026-01-08T00:00:00Z,2,V10,yes,train
SNAP-W130-V03,W130,V03,2026-01-15T00:00:00Z,3,V10,yes,train
SNAP-W130-V04,W130,V04,2026-01-22T00:00:00Z,4,V10,yes,train
SNAP-W130-V05,W130,V05,2026-01-29T00:00:00Z,5,V10,yes,train
SNAP-W130-V06,W130,V06,2026-02-05T00:00:00Z,6,V10,yes,train
SNAP-W130-V07,W130,V07,2026-02-12T00:00:00Z,7,V10,yes,train
SNAP-W130-V08,W130,V08,2026-02-19T00:00:00Z,8,V10,yes,train
SNAP-W130-V09,W130,V09,2026-02-26T00:00:00Z,9,V10,yes,train
SNAP-W131-V01,W131,V01,2026-01-01T00:00:00Z,1,V10,yes,train
SNAP-W131-V02,W131,V02,2026-01-08T00:00:00Z,2,V10,yes,train
SNAP-W131-V03,W131,V03,2026-01-15T00:00:00Z,3,V10,yes,train
SNAP-W131-V04,W131,V04,2026-01-22T00:00:00Z,4,V10,yes,train
SNAP-W131-V05,W131,V05,2026-01-29T00:00:00Z,5,V10,yes,train
SNAP-W131-V06,W131,V06,2026-02-05T00:00:00Z,6,V10,yes,train
SNAP-W131-V07,W131,V07,2026-02-12T00:00:00Z,7,V10,yes,train
SNAP-W131-V08,W131,V08,2026-02-19T00:00:00Z,8,V10,yes,train
SNAP-W131-V09,W131,V09,2026-02-26T00:00:00Z,9,V10,yes,train
SNAP-W132-V01,W132,V01,2026-01-01T00:00:00Z,1,V10,yes,train
SNAP-W132-V02,W132,V02,2026-01-08T00:00:00Z,2,V10,yes,train
SNAP-W132-V03,W132,V03,2026-01-15T00:00:00Z,3,V10,yes,train
SNAP-W132-V04,W132,V04,2026-01-22T00:00:00Z,4,V10,yes,train
SNAP-W132-V05,W132,V05,2026-01-29T00:00:00Z,5,V10,yes,train
SNAP-W132-V06,W132,V06,2026-02-05T00:00:00Z,6,V10,yes,train
SNAP-W132-V07,W132,V07,2026-02-12T00:00:00Z,7,V10,yes,train
SNAP-W132-V08,W132,V08,2026-02-19T00:00:00Z,8,V10,yes,train
SNAP-W132-V09,W132,V09,2026-02-26T00:00:00Z,9,V10,yes,train
SNAP-W133-V01,W133,V01,2026-01-01T00:00:00Z,1,V10,yes,train
SNAP-W133-V02,W133,V02,2026-01-08T00:00:00Z,2,V10,yes,train
SNAP-W133-V03,W133,V03,2026-01-15T00:00:00Z,3,V10,yes,train
SNAP-W133-V04,W133,V04,2026-01-22T00:00:00Z,4,V10,yes,train
SNAP-W133-V05,W133,V05,2026-01-29T00:00:00Z,5,V10,yes,train
SNAP-W133-V06,W133,V06,2026-02-05T00:00:00Z,6,V10,yes,train
SNAP-W133-V07,W133,V07,2026-02-12T00:00:00Z,7,V10,yes,train
SNAP-W133-V08,W133,V08,2026-02-19T00:00:00Z,8,V10,yes,train
SNAP-W133-V09,W133,V09,2026-02-26T00:00:00Z,9,V10,yes,train
SNAP-W134-V01,W134,V01,2026-01-01T00:00:00Z,1,V10,yes,train
SNAP-W134-V02,W134,V02,2026-01-08T00:00:00Z,2,V10,yes,train
SNAP-W134-V03,W134,V03,2026-01-15T00:00:00Z,3,V10,yes,train
SNAP-W134-V04,W134,V04,2026-01-22T00:00:00Z,4,V10,yes,train
SNAP-W134-V05,W134,V05,2026-01-29T00:00:00Z,5,V10,yes,train
SNAP-W134-V06,W134,V06,2026-02-05T00:00:00Z,6,V10,yes,train
SNAP-W134-V07,W134,V07,2026-02-12T00:00:00Z,7,V10,yes,train
SNAP-W134-V08,W134,V08,2026-02-19T00:00:00Z,8,V10,yes,train
SNAP-W134-V09,W134,V09,2026-02-26T00:00:00Z,9,V10,yes,train
SNAP-W135-V01,W135,V01,2026-01-01T00:00:00Z,1,V10,yes,train
SNAP-W135-V02,W135,V02,2026-01-08T00:00:00Z,2,V10,yes,train
SNAP-W135-V03,W135,V03,2026-01-15T00:00:00Z,3,V10,yes,train
SNAP-W135-V04,W135,V04,2026-01-22T00:00:00Z,4,V10,yes,train
SNAP-W135-V05,W135,V05,2026-01-29T00:00:00Z,5,V10,yes,train
SNAP-W135-V06,W135,V06,2026-02-05T00:00:00Z,6,V10,yes,train
SNAP-W135-V07,W135,V07,2026-02-12T00:00:00Z,7,V10,yes,train
SNAP-W135-V08,W135,V08,2026-02-19T00:00:00Z,8,V10,yes,train
SNAP-W135-V09,W135,V09,2026-02-26T00:00:00Z,9,V10,yes,train
SNAP-W136-V01,W136,V01,2026-01-01T00:00:00Z,1,V10,yes,train
SNAP-W136-V02,W136,V02,2026-01-08T00:00:00Z,2,V10,yes,train
SNAP-W136-V03,W136,V03,2026-01-15T00:00:00Z,3,V10,yes,train
SNAP-W136-V04,W136,V04,2026-01-22T00:00:00Z,4,V10,yes,train
SNAP-W136-V05,W136,V05,2026-01-29T00:00:00Z,5,V10,yes,train
SNAP-W136-V06,W136,V06,2026-02-05T00:00:00Z,6,V10,yes,train
SNAP-W136-V07,W136,V07,2026-02-12T00:00:00Z,7,V10,yes,train
SNAP-W136-V08,W136,V08,2026-02-19T00:00:00Z,8,V10,yes,train
SNAP-W136-V09,W136,V09,2026-02-26T00:00:00Z,9,V10,yes,train
SNAP-W137-V01,W137,V01,2026-01-01T00:00:00Z,1,V10,yes,train
SNAP-W137-V02,W137,V02,2026-01-08T00:00:00Z,2,V10,yes,train
SNAP-W137-V03,W137,V03,2026-01-15T00:00:00Z,3,V10,yes,train
SNAP-W137-V04,W137,V04,2026-01-22T00:00:00Z,4,V10,yes,train
SNAP-W137-V05,W137,V05,2026-01-29T00:00:00Z,5,V10,yes,train
SNAP-W137-V06,W137,V06,2026-02-05T00:00:00Z,6,V10,yes,train
SNAP-W137-V07,W137,V07,2026-02-12T00:00:00Z,7,V10,yes,train
SNAP-W137-V08,W137,V08,2026-02-19T00:00:00Z,8,V10,yes,train
SNAP-W137-V09,W137,V09,2026-02-26T00:00:00Z,9,V10,yes,train
SNAP-W138-V01,W138,V01,2026-01-01T00:00:00Z,1,V10,yes,train
SNAP-W138-V02,W138,V02,2026-01-08T00:00:00Z,2,V10,yes,train
SNAP-W138-V03,W138,V03,2026-01-15T00:00:00Z,3,V10,yes,train
SNAP-W138-V04,W138,V04,2026-01-22T00:00:00Z,4,V10,yes,train
SNAP-W138-V05,W138,V05,2026-01-29T00:00:00Z,5,V10,yes,train
SNAP-W138-V06,W138,V06,2026-02-05T00:00:00Z,6,V10,yes,train
SNAP-W138-V07,W138,V07,2026-02-12T00:00:00Z,7,V10,yes,train
SNAP-W138-V08,W138,V08,2026-02-19T00:00:00Z,8,V10,yes,train
SNAP-W138-V09,W138,V09,2026-02-26T00:00:00Z,9,V10,yes,train
SNAP-W139-V01,W139,V01,2026-01-01T00:00:00Z,1,V10,yes,train
SNAP-W139-V02,W139,V02,2026-01-08T00:00:00Z,2,V10,yes,train
SNAP-W139-V03,W139,V03,2026-01-15T00:00:00Z,3,V10,yes,train
SNAP-W139-V04,W139,V04,2026-01-22T00:00:00Z,4,V10,yes,train
SNAP-W139-V05,W139,V05,2026-01-29T00:00:00Z,5,V10,yes,train
SNAP-W139-V06,W139,V06,2026-02-05T00:00:00Z,6,V10,yes,train
SNAP-W139-V07,W139,V07,2026-02-12T00:00:00Z,7,V10,yes,train
SNAP-W139-V08,W139,V08,2026-02-19T00:00:00Z,8,V10,yes,train
SNAP-W139-V09,W139,V09,2026-02-26T00:00:00Z,9,V10,yes,train
SNAP-W140-V01,W140,V01,2026-01-01T00:00:00Z,1,V10,yes,train
SNAP-W140-V02,W140,V02,2026-01-08T00:00:00Z,2,V10,yes,train
SNAP-W140-V03,W140,V03,2026-01-15T00:00:00Z,3,V10,yes,train
SNAP-W140-V04,W140,V04,2026-01-22T00:00:00Z,4,V10,yes,train
SNAP-W140-V05,W140,V05,2026-01-29T00:00:00Z,5,V10,yes,train
SNAP-W140-V06,W140,V06,2026-02-05T00:00:00Z,6,V10,yes,train
SNAP-W140-V07,W140,V07,2026-02-12T00:00:00Z,7,V10,yes,train
SNAP-W140-V08,W140,V08,2026-02-19T00:00:00Z,8,V10,yes,train
SNAP-W140-V09,W140,V09,2026-02-26T00:00:00Z,9,V10,yes,train
SNAP-W141-V01,W141,V01,2026-01-01T00:00:00Z,1,V10,yes,train
SNAP-W141-V02,W141,V02,2026-01-08T00:00:00Z,2,V10,yes,train
SNAP-W141-V03,W141,V03,2026-01-15T00:00:00Z,3,V10,yes,train
SNAP-W141-V04,W141,V04,2026-01-22T00:00:00Z,4,V10,yes,train
SNAP-W141-V05,W141,V05,2026-01-29T00:00:00Z,5,V10,yes,train
SNAP-W141-V06,W141,V06,2026-02-05T00:00:00Z,6,V10,yes,train
SNAP-W141-V07,W141,V07,2026-02-12T00:00:00Z,7,V10,yes,train
SNAP-W141-V08,W141,V08,2026-02-19T00:00:00Z,8,V10,yes,train
SNAP-W141-V09,W141,V09,2026-02-26T00:00:00Z,9,V10,yes,train
SNAP-W142-V01,W142,V01,2026-01-01T00:00:00Z,1,V10,yes,train
SNAP-W142-V02,W142,V02,2026-01-08T00:00:00Z,2,V10,yes,train
SNAP-W142-V03,W142,V03,2026-01-15T00:00:00Z,3,V10,yes,train
SNAP-W142-V04,W142,V04,2026-01-22T00:00:00Z,4,V10,yes,train
SNAP-W142-V05,W142,V05,2026-01-29T00:00:00Z,5,V10,yes,train
SNAP-W142-V06,W142,V06,2026-02-05T00:00:00Z,6,V10,yes,train
SNAP-W142-V07,W142,V07,2026-02-12T00:00:00Z,7,V10,yes,train
SNAP-W142-V08,W142,V08,2026-02-19T00:00:00Z,8,V10,yes,train
SNAP-W142-V09,W142,V09,2026-02-26T00:00:00Z,9,V10,yes,train
SNAP-W143-V01,W143,V01,2026-01-01T00:00:00Z,1,V10,yes,train
SNAP-W143-V02,W143,V02,2026-01-08T00:00:00Z,2,V10,yes,train
SNAP-W143-V03,W143,V03,2026-01-15T00:00:00Z,3,V10,yes,train
SNAP-W143-V04,W143,V04,2026-01-22T00:00:00Z,4,V10,yes,train
SNAP-W143-V05,W143,V05,2026-01-29T00:00:00Z,5,V10,yes,train
SNAP-W143-V06,W143,V06,2026-02-05T00:00:00Z,6,V10,yes,train
SNAP-W143-V07,W143,V07,2026-02-12T00:00:00Z,7,V10,yes,train
SNAP-W143-V08,W143,V08,2026-02-19T00:00:00Z,8,V10,yes,train
SNAP-W143-V09,W143,V09,2026-02-26T00:00:00Z,9,V10,yes,train
SNAP-W144-V01,W144,V01,2026-01-01T00:00:00Z,1,V10,yes,train
SNAP-W144-V02,W144,V02,2026-01-08T00:00:00Z,2,V10,yes,train
SNAP-W144-V03,W144,V03,2026-01-15T00:00:00Z,3,V10,yes,train
SNAP-W144-V04,W144,V04,2026-01-22T00:00:00Z,4,V10,yes,train
SNAP-W144-V05,W144,V05,2026-01-29T00:00:00Z,5,V10,yes,train
SNAP-W144-V06,W144,V06,2026-02-05T00:00:00Z,6,V10,yes,train
SNAP-W144-V07,W144,V07,2026-02-12T00:00:00Z,7,V10,yes,train
SNAP-W144-V08,W144,V08,2026-02-19T00:00:00Z,8,V10,yes,train
SNAP-W144-V09,W144,V09,2026-02-26T00:00:00Z,9,V10,yes,train
SNAP-W145-V01,W145,V01,2026-01-01T00:00:00Z,1,V10,yes,train
SNAP-W145-V02,W145,V02,2026-01-08T00:00:00Z,2,V10,yes,train
SNAP-W145-V03,W145,V03,2026-01-15T00:00:00Z,3,V10,yes,train
SNAP-W145-V04,W145,V04,2026-01-22T00:00:00Z,4,V10,yes,train
SNAP-W145-V05,W145,V05,2026-01-29T00:00:00Z,5,V10,yes,train
SNAP-W145-V06,W145,V06,2026-02-05T00:00:00Z,6,V10,yes,train
SNAP-W145-V07,W145,V07,2026-02-12T00:00:00Z,7,V10,yes,train
SNAP-W145-V08,W145,V08,2026-02-19T00:00:00Z,8,V10,yes,train
SNAP-W145-V09,W145,V09,2026-02-26T00:00:00Z,9,V10,yes,train
SNAP-W146-V01,W146,V01,2026-01-01T00:00:00Z,1,V10,yes,train
SNAP-W146-V02,W146,V02,2026-01-08T00:00:00Z,2,V10,yes,train
SNAP-W146-V03,W146,V03,2026-01-15T00:00:00Z,3,V10,yes,train
SNAP-W146-V04,W146,V04,2026-01-22T00:00:00Z,4,V10,yes,train
SNAP-W146-V05,W146,V05,2026-01-29T00:00:00Z,5,V10,yes,train
SNAP-W146-V06,W146,V06,2026-02-05T00:00:00Z,6,V10,yes,train
SNAP-W146-V07,W146,V07,2026-02-12T00:00:00Z,7,V10,yes,train
SNAP-W146-V08,W146,V08,2026-02-19T00:00:00Z,8,V10,yes,train
SNAP-W146-V09,W146,V09,2026-02-26T00:00:00Z,9,V10,yes,train
SNAP-W147-V01,W147,V01,2026-01-01T00:00:00Z,1,V10,yes,train
SNAP-W147-V02,W147,V02,2026-01-08T00:00:00Z,2,V10,yes,train
SNAP-W147-V03,W147,V03,2026-01-15T00:00:00Z,3,V10,yes,train
SNAP-W147-V04,W147,V04,2026-01-22T00:00:00Z,4,V10,yes,train
SNAP-W147-V05,W147,V05,2026-01-29T00:00:00Z,5,V10,yes,train
SNAP-W147-V06,W147,V06,2026-02-05T00:00:00Z,6,V10,yes,train
SNAP-W147-V07,W147,V07,2026-02-12T00:00:00Z,7,V10,yes,train
SNAP-W147-V08,W147,V08,2026-02-19T00:00:00Z,8,V10,yes,train
SNAP-W147-V09,W147,V09,2026-02-26T00:00:00Z,9,V10,yes,train
SNAP-W148-V01,W148,V01,2026-01-01T00:00:00Z,1,V10,yes,train
SNAP-W148-V02,W148,V02,2026-01-08T00:00:00Z,2,V10,yes,train
SNAP-W148-V03,W148,V03,2026-01-15T00:00:00Z,3,V10,yes,train
SNAP-W148-V04,W148,V04,2026-01-22T00:00:00Z,4,V10,yes,train
SNAP-W148-V05,W148,V05,2026-01-29T00:00:00Z,5,V10,yes,train
SNAP-W148-V06,W148,V06,2026-02-05T00:00:00Z,6,V10,yes,train
SNAP-W148-V07,W148,V07,2026-02-12T00:00:00Z,7,V10,yes,train
SNAP-W148-V08,W148,V08,2026-02-19T00:00:00Z,8,V10,yes,train
SNAP-W148-V09,W148,V09,2026-02-26T00:00:00Z,9,V10,yes,train
SNAP-W149-V01,W149,V01,2026-01-01T00:00:00Z,1,V10,yes,train
SNAP-W149-V02,W149,V02,2026-01-08T00:00:00Z,2,V10,yes,train
SNAP-W149-V03,W149,V03,2026-01-15T00:00:00Z,3,V10,yes,train
SNAP-W149-V04,W149,V04,2026-01-22T00:00:00Z,4,V10,yes,train
SNAP-W149-V05,W149,V05,2026-01-29T00:00:00Z,5,V10,yes,train
SNAP-W149-V06,W149,V06,2026-02-05T00:00:00Z,6,V10,yes,train
SNAP-W149-V07,W149,V07,2026-02-12T00:00:00Z,7,V10,yes,train
SNAP-W149-V08,W149,V08,2026-02-19T00:00:00Z,8,V10,yes,train
SNAP-W149-V09,W149,V09,2026-02-26T00:00:00Z,9,V10,yes,train
SNAP-W150-V01,W150,V01,2026-01-01T00:00:00Z,1,V10,yes,train
SNAP-W150-V02,W150,V02,2026-01-08T00:00:00Z,2,V10,yes,train
SNAP-W150-V03,W150,V03,2026-01-15T00:00:00Z,3,V10,yes,train
SNAP-W150-V04,W150,V04,2026-01-22T00:00:00Z,4,V10,yes,train
SNAP-W150-V05,W150,V05,2026-01-29T00:00:00Z,5,V10,yes,train
SNAP-W150-V06,W150,V06,2026-02-05T00:00:00Z,6,V10,yes,train
SNAP-W150-V07,W150,V07,2026-02-12T00:00:00Z,7,V10,yes,train
SNAP-W150-V08,W150,V08,2026-02-19T00:00:00Z,8,V10,yes,train
SNAP-W150-V09,W150,V09,2026-02-26T00:00:00Z,9,V10,yes,train
SNAP-W151-V01,W151,V01,2026-01-01T00:00:00Z,1,V10,yes,train
SNAP-W151-V02,W151,V02,2026-01-08T00:00:00Z,2,V10,yes,train
SNAP-W151-V03,W151,V03,2026-01-15T00:00:00Z,3,V10,yes,train
SNAP-W151-V04,W151,V04,2026-01-22T00:00:00Z,4,V10,yes,train
SNAP-W151-V05,W151,V05,2026-01-29T00:00:00Z,5,V10,yes,train
SNAP-W151-V06,W151,V06,2026-02-05T00:00:00Z,6,V10,yes,train
SNAP-W151-V07,W151,V07,2026-02-12T00:00:00Z,7,V10,yes,train
SNAP-W151-V08,W151,V08,2026-02-19T00:00:00Z,8,V10,yes,train
SNAP-W151-V09,W151,V09,2026-02-26T00:00:00Z,9,V10,yes,train
SNAP-W152-V01,W152,V01,2026-01-01T00:00:00Z,1,V10,yes,train
SNAP-W152-V02,W152,V02,2026-01-08T00:00:00Z,2,V10,yes,train
SNAP-W152-V03,W152,V03,2026-01-15T00:00:00Z,3,V10,yes,train
SNAP-W152-V04,W152,V04,2026-01-22T00:00:00Z,4,V10,yes,train
SNAP-W152-V05,W152,V05,2026-01-29T00:00:00Z,5,V10,yes,train
SNAP-W152-V06,W152,V06,2026-02-05T00:00:00Z,6,V10,yes,train
SNAP-W152-V07,W152,V07,2026-02-12T00:00:00Z,7,V10,yes,train
SNAP-W152-V08,W152,V08,2026-02-19T00:00:00Z,8,V10,yes,train
SNAP-W152-V09,W152,V09,2026-02-26T00:00:00Z,9,V10,yes,train
SNAP-W153-V01,W153,V01,2026-01-01T00:00:00Z,1,V10,yes,train
SNAP-W153-V02,W153,V02,2026-01-08T00:00:00Z,2,V10,yes,train
SNAP-W153-V03,W153,V03,2026-01-15T00:00:00Z,3,V10,yes,train
SNAP-W153-V04,W153,V04,2026-01-22T00:00:00Z,4,V10,yes,train
SNAP-W153-V05,W153,V05,2026-01-29T00:00:00Z,5,V10,yes,train
SNAP-W153-V06,W153,V06,2026-02-05T00:00:00Z,6,V10,yes,train
SNAP-W153-V07,W153,V07,2026-02-12T00:00:00Z,7,V10,yes,train
SNAP-W153-V08,W153,V08,2026-02-19T00:00:00Z,8,V10,yes,train
SNAP-W153-V09,W153,V09,2026-02-26T00:00:00Z,9,V10,yes,train
SNAP-W154-V01,W154,V01,2026-01-01T00:00:00Z,1,V10,yes,train
SNAP-W154-V02,W154,V02,2026-01-08T00:00:00Z,2,V10,yes,train
SNAP-W154-V03,W154,V03,2026-01-15T00:00:00Z,3,V10,yes,train
SNAP-W154-V04,W154,V04,2026-01-22T00:00:00Z,4,V10,yes,train
SNAP-W154-V05,W154,V05,2026-01-29T00:00:00Z,5,V10,yes,train
SNAP-W154-V06,W154,V06,2026-02-05T00:00:00Z,6,V10,yes,train
SNAP-W154-V07,W154,V07,2026-02-12T00:00:00Z,7,V10,yes,train
SNAP-W154-V08,W154,V08,2026-02-19T00:00:00Z,8,V10,yes,train
SNAP-W154-V09,W154,V09,2026-02-26T00:00:00Z,9,V10,yes,train
SNAP-W155-V01,W155,V01,2026-01-01T00:00:00Z,1,V10,yes,train
SNAP-W155-V02,W155,V02,2026-01-08T00:00:00Z,2,V10,yes,train
SNAP-W155-V03,W155,V03,2026-01-15T00:00:00Z,3,V10,yes,train
SNAP-W155-V04,W155,V04,2026-01-22T00:00:00Z,4,V10,yes,train
SNAP-W155-V05,W155,V05,2026-01-29T00:00:00Z,5,V10,yes,train
SNAP-W155-V06,W155,V06,2026-02-05T00:00:00Z,6,V10,yes,train
SNAP-W155-V07,W155,V07,2026-02-12T00:00:00Z,7,V10,yes,train
SNAP-W155-V08,W155,V08,2026-02-19T00:00:00Z,8,V10,yes,train
SNAP-W155-V09,W155,V09,2026-02-26T00:00:00Z,9,V10,yes,train
SNAP-W156-V01,W156,V01,2026-01-01T00:00:00Z,1,V10,yes,train
SNAP-W156-V02,W156,V02,2026-01-08T00:00:00Z,2,V10,yes,train
SNAP-W156-V03,W156,V03,2026-01-15T00:00:00Z,3,V10,yes,train
SNAP-W156-V04,W156,V04,2026-01-22T00:00:00Z,4,V10,yes,train
SNAP-W156-V05,W156,V05,2026-01-29T00:00:00Z,5,V10,yes,train
SNAP-W156-V06,W156,V06,2026-02-05T00:00:00Z,6,V10,yes,train
SNAP-W156-V07,W156,V07,2026-02-12T00:00:00Z,7,V10,yes,train
SNAP-W156-V08,W156,V08,2026-02-19T00:00:00Z,8,V10,yes,train
SNAP-W156-V09,W156,V09,2026-02-26T00:00:00Z,9,V10,yes,train
SNAP-W157-V01,W157,V01,2026-01-01T00:00:00Z,1,V10,yes,train
SNAP-W157-V02,W157,V02,2026-01-08T00:00:00Z,2,V10,yes,train
SNAP-W157-V03,W157,V03,2026-01-15T00:00:00Z,3,V10,yes,train
SNAP-W157-V04,W157,V04,2026-01-22T00:00:00Z,4,V10,yes,train
SNAP-W157-V05,W157,V05,2026-01-29T00:00:00Z,5,V10,yes,train
SNAP-W157-V06,W157,V06,2026-02-05T00:00:00Z,6,V10,yes,train
SNAP-W157-V07,W157,V07,2026-02-12T00:00:00Z,7,V10,yes,train
SNAP-W157-V08,W157,V08,2026-02-19T00:00:00Z,8,V10,yes,train
SNAP-W157-V09,W157,V09,2026-02-26T00:00:00Z,9,V10,yes,train
SNAP-W158-V01,W158,V01,2026-01-01T00:00:00Z,1,V10,yes,train
SNAP-W158-V02,W158,V02,2026-01-08T00:00:00Z,2,V10,yes,train
SNAP-W158-V03,W158,V03,2026-01-15T00:00:00Z,3,V10,yes,train
SNAP-W158-V04,W158,V04,2026-01-22T00:00:00Z,4,V10,yes,train
SNAP-W158-V05,W158,V05,2026-01-29T00:00:00Z,5,V10,yes,train
SNAP-W158-V06,W158,V06,2026-02-05T00:00:00Z,6,V10,yes,train
SNAP-W158-V07,W158,V07,2026-02-12T00:00:00Z,7,V10,yes,train
SNAP-W158-V08,W158,V08,2026-02-19T00:00:00Z,8,V10,yes,train
SNAP-W158-V09,W158,V09,2026-02-26T00:00:00Z,9,V10,yes,train
SNAP-W159-V01,W159,V01,2026-01-01T00:00:00Z,1,V10,yes,train
SNAP-W159-V02,W159,V02,2026-01-08T00:00:00Z,2,V10,yes,train
SNAP-W159-V03,W159,V03,2026-01-15T00:00:00Z,3,V10,yes,train
SNAP-W159-V04,W159,V04,2026-01-22T00:00:00Z,4,V10,yes,train
SNAP-W159-V05,W159,V05,2026-01-29T00:00:00Z,5,V10,yes,train
SNAP-W159-V06,W159,V06,2026-02-05T00:00:00Z,6,V10,yes,train
SNAP-W159-V07,W159,V07,2026-02-12T00:00:00Z,7,V10,yes,train
SNAP-W159-V08,W159,V08,2026-02-19T00:00:00Z,8,V10,yes,train
SNAP-W159-V09,W159,V09,2026-02-26T00:00:00Z,9,V10,yes,train
SNAP-W160-V01,W160,V01,2026-01-01T00:00:00Z,1,V10,yes,train
SNAP-W160-V02,W160,V02,2026-01-08T00:00:00Z,2,V10,yes,train
SNAP-W160-V03,W160,V03,2026-01-15T00:00:00Z,3,V10,yes,train
SNAP-W160-V04,W160,V04,2026-01-22T00:00:00Z,4,V10,yes,train
SNAP-W160-V05,W160,V05,2026-01-29T00:00:00Z,5,V10,yes,train
SNAP-W160-V06,W160,V06,2026-02-05T00:00:00Z,6,V10,yes,train
SNAP-W160-V07,W160,V07,2026-02-12T00:00:00Z,7,V10,yes,train
SNAP-W160-V08,W160,V08,2026-02-19T00:00:00Z,8,V10,yes,train
SNAP-W160-V09,W160,V09,2026-02-26T00:00:00Z,9,V10,yes,train
SNAP-W161-V01,W161,V01,2026-01-01T00:00:00Z,1,V10,yes,validation
SNAP-W161-V02,W161,V02,2026-01-08T00:00:00Z,2,V10,yes,validation
SNAP-W161-V03,W161,V03,2026-01-15T00:00:00Z,3,V10,yes,validation
SNAP-W161-V04,W161,V04,2026-01-22T00:00:00Z,4,V10,yes,validation
SNAP-W161-V05,W161,V05,2026-01-29T00:00:00Z,5,V10,yes,validation
SNAP-W161-V06,W161,V06,2026-02-05T00:00:00Z,6,V10,yes,validation
SNAP-W161-V07,W161,V07,2026-02-12T00:00:00Z,7,V10,yes,validation
SNAP-W161-V08,W161,V08,2026-02-19T00:00:00Z,8,V10,yes,validation
SNAP-W161-V09,W161,V09,2026-02-26T00:00:00Z,9,V10,yes,validation
SNAP-W162-V01,W162,V01,2026-01-01T00:00:00Z,1,V10,yes,validation
SNAP-W162-V02,W162,V02,2026-01-08T00:00:00Z,2,V10,yes,validation
SNAP-W162-V03,W162,V03,2026-01-15T00:00:00Z,3,V10,yes,validation
SNAP-W162-V04,W162,V04,2026-01-22T00:00:00Z,4,V10,yes,validation
SNAP-W162-V05,W162,V05,2026-01-29T00:00:00Z,5,V10,yes,validation
SNAP-W162-V06,W162,V06,2026-02-05T00:00:00Z,6,V10,yes,validation
SNAP-W162-V07,W162,V07,2026-02-12T00:00:00Z,7,V10,yes,validation
SNAP-W162-V08,W162,V08,2026-02-19T00:00:00Z,8,V10,yes,validation
SNAP-W162-V09,W162,V09,2026-02-26T00:00:00Z,9,V10,yes,validation
SNAP-W163-V01,W163,V01,2026-01-01T00:00:00Z,1,V10,yes,validation
SNAP-W163-V02,W163,V02,2026-01-08T00:00:00Z,2,V10,yes,validation
SNAP-W163-V03,W163,V03,2026-01-15T00:00:00Z,3,V10,yes,validation
SNAP-W163-V04,W163,V04,2026-01-22T00:00:00Z,4,V10,yes,validation
SNAP-W163-V05,W163,V05,2026-01-29T00:00:00Z,5,V10,yes,validation
SNAP-W163-V06,W163,V06,2026-02-05T00:00:00Z,6,V10,yes,validation
SNAP-W163-V07,W163,V07,2026-02-12T00:00:00Z,7,V10,yes,validation
SNAP-W163-V08,W163,V08,2026-02-19T00:00:00Z,8,V10,yes,validation
SNAP-W163-V09,W163,V09,2026-02-26T00:00:00Z,9,V10,yes,validation
SNAP-W164-V01,W164,V01,2026-01-01T00:00:00Z,1,V10,yes,validation
SNAP-W164-V02,W164,V02,2026-01-08T00:00:00Z,2,V10,yes,validation
SNAP-W164-V03,W164,V03,2026-01-15T00:00:00Z,3,V10,yes,validation
SNAP-W164-V04,W164,V04,2026-01-22T00:00:00Z,4,V10,yes,validation
SNAP-W164-V05,W164,V05,2026-01-29T00:00:00Z,5,V10,yes,validation
SNAP-W164-V06,W164,V06,2026-02-05T00:00:00Z,6,V10,yes,validation
SNAP-W164-V07,W164,V07,2026-02-12T00:00:00Z,7,V10,yes,validation
SNAP-W164-V08,W164,V08,2026-02-19T00:00:00Z,8,V10,yes,validation
SNAP-W164-V09,W164,V09,2026-02-26T00:00:00Z,9,V10,yes,validation
SNAP-W165-V01,W165,V01,2026-01-01T00:00:00Z,1,V10,yes,validation
SNAP-W165-V02,W165,V02,2026-01-08T00:00:00Z,2,V10,yes,validation
SNAP-W165-V03,W165,V03,2026-01-15T00:00:00Z,3,V10,yes,validation
SNAP-W165-V04,W165,V04,2026-01-22T00:00:00Z,4,V10,yes,validation
SNAP-W165-V05,W165,V05,2026-01-29T00:00:00Z,5,V10,yes,validation
SNAP-W165-V06,W165,V06,2026-02-05T00:00:00Z,6,V10,yes,validation
SNAP-W165-V07,W165,V07,2026-02-12T00:00:00Z,7,V10,yes,validation
SNAP-W165-V08,W165,V08,2026-02-19T00:00:00Z,8,V10,yes,validation
SNAP-W165-V09,W165,V09,2026-02-26T00:00:00Z,9,V10,yes,validation
SNAP-W166-V01,W166,V01,2026-01-01T00:00:00Z,1,V10,yes,validation
SNAP-W166-V02,W166,V02,2026-01-08T00:00:00Z,2,V10,yes,validation
SNAP-W166-V03,W166,V03,2026-01-15T00:00:00Z,3,V10,yes,validation
SNAP-W166-V04,W166,V04,2026-01-22T00:00:00Z,4,V10,yes,validation
SNAP-W166-V05,W166,V05,2026-01-29T00:00:00Z,5,V10,yes,validation
SNAP-W166-V06,W166,V06,2026-02-05T00:00:00Z,6,V10,yes,validation
SNAP-W166-V07,W166,V07,2026-02-12T00:00:00Z,7,V10,yes,validation
SNAP-W166-V08,W166,V08,2026-02-19T00:00:00Z,8,V10,yes,validation
SNAP-W166-V09,W166,V09,2026-02-26T00:00:00Z,9,V10,yes,validation
SNAP-W167-V01,W167,V01,2026-01-01T00:00:00Z,1,V10,yes,validation
SNAP-W167-V02,W167,V02,2026-01-08T00:00:00Z,2,V10,yes,validation
SNAP-W167-V03,W167,V03,2026-01-15T00:00:00Z,3,V10,yes,validation
SNAP-W167-V04,W167,V04,2026-01-22T00:00:00Z,4,V10,yes,validation
SNAP-W167-V05,W167,V05,2026-01-29T00:00:00Z,5,V10,yes,validation
SNAP-W167-V06,W167,V06,2026-02-05T00:00:00Z,6,V10,yes,validation
SNAP-W167-V07,W167,V07,2026-02-12T00:00:00Z,7,V10,yes,validation
SNAP-W167-V08,W167,V08,2026-02-19T00:00:00Z,8,V10,yes,validation
SNAP-W167-V09,W167,V09,2026-02-26T00:00:00Z,9,V10,yes,validation
SNAP-W168-V01,W168,V01,2026-01-01T00:00:00Z,1,V10,yes,validation
SNAP-W168-V02,W168,V02,2026-01-08T00:00:00Z,2,V10,yes,validation
SNAP-W168-V03,W168,V03,2026-01-15T00:00:00Z,3,V10,yes,validation
SNAP-W168-V04,W168,V04,2026-01-22T00:00:00Z,4,V10,yes,validation
SNAP-W168-V05,W168,V05,2026-01-29T00:00:00Z,5,V10,yes,validation
SNAP-W168-V06,W168,V06,2026-02-05T00:00:00Z,6,V10,yes,validation
SNAP-W168-V07,W168,V07,2026-02-12T00:00:00Z,7,V10,yes,validation
SNAP-W168-V08,W168,V08,2026-02-19T00:00:00Z,8,V10,yes,validation
SNAP-W168-V09,W168,V09,2026-02-26T00:00:00Z,9,V10,yes,validation
SNAP-W169-V01,W169,V01,2026-01-01T00:00:00Z,1,V10,yes,validation
SNAP-W169-V02,W169,V02,2026-01-08T00:00:00Z,2,V10,yes,validation
SNAP-W169-V03,W169,V03,2026-01-15T00:00:00Z,3,V10,yes,validation
SNAP-W169-V04,W169,V04,2026-01-22T00:00:00Z,4,V10,yes,validation
SNAP-W169-V05,W169,V05,2026-01-29T00:00:00Z,5,V10,yes,validation
SNAP-W169-V06,W169,V06,2026-02-05T00:00:00Z,6,V10,yes,validation
SNAP-W169-V07,W169,V07,2026-02-12T00:00:00Z,7,V10,yes,validation
SNAP-W169-V08,W169,V08,2026-02-19T00:00:00Z,8,V10,yes,validation
SNAP-W169-V09,W169,V09,2026-02-26T00:00:00Z,9,V10,yes,validation
SNAP-W170-V01,W170,V01,2026-01-01T00:00:00Z,1,V10,yes,validation
SNAP-W170-V02,W170,V02,2026-01-08T00:00:00Z,2,V10,yes,validation
SNAP-W170-V03,W170,V03,2026-01-15T00:00:00Z,3,V10,yes,validation
SNAP-W170-V04,W170,V04,2026-01-22T00:00:00Z,4,V10,yes,validation
SNAP-W170-V05,W170,V05,2026-01-29T00:00:00Z,5,V10,yes,validation
SNAP-W170-V06,W170,V06,2026-02-05T00:00:00Z,6,V10,yes,validation
SNAP-W170-V07,W170,V07,2026-02-12T00:00:00Z,7,V10,yes,validation
SNAP-W170-V08,W170,V08,2026-02-19T00:00:00Z,8,V10,yes,validation
SNAP-W170-V09,W170,V09,2026-02-26T00:00:00Z,9,V10,yes,validation
SNAP-W171-V01,W171,V01,2026-01-01T00:00:00Z,1,V10,yes,validation
SNAP-W171-V02,W171,V02,2026-01-08T00:00:00Z,2,V10,yes,validation
SNAP-W171-V03,W171,V03,2026-01-15T00:00:00Z,3,V10,yes,validation
SNAP-W171-V04,W171,V04,2026-01-22T00:00:00Z,4,V10,yes,validation
SNAP-W171-V05,W171,V05,2026-01-29T00:00:00Z,5,V10,yes,validation
SNAP-W171-V06,W171,V06,2026-02-05T00:00:00Z,6,V10,yes,validation
SNAP-W171-V07,W171,V07,2026-02-12T00:00:00Z,7,V10,yes,validation
SNAP-W171-V08,W171,V08,2026-02-19T00:00:00Z,8,V10,yes,validation
SNAP-W171-V09,W171,V09,2026-02-26T00:00:00Z,9,V10,yes,validation
SNAP-W172-V01,W172,V01,2026-01-01T00:00:00Z,1,V10,yes,validation
SNAP-W172-V02,W172,V02,2026-01-08T00:00:00Z,2,V10,yes,validation
SNAP-W172-V03,W172,V03,2026-01-15T00:00:00Z,3,V10,yes,validation
SNAP-W172-V04,W172,V04,2026-01-22T00:00:00Z,4,V10,yes,validation
SNAP-W172-V05,W172,V05,2026-01-29T00:00:00Z,5,V10,yes,validation
SNAP-W172-V06,W172,V06,2026-02-05T00:00:00Z,6,V10,yes,validation
SNAP-W172-V07,W172,V07,2026-02-12T00:00:00Z,7,V10,yes,validation
SNAP-W172-V08,W172,V08,2026-02-19T00:00:00Z,8,V10,yes,validation
SNAP-W172-V09,W172,V09,2026-02-26T00:00:00Z,9,V10,yes,validation
SNAP-W173-V01,W173,V01,2026-01-01T00:00:00Z,1,V10,yes,validation
SNAP-W173-V02,W173,V02,2026-01-08T00:00:00Z,2,V10,yes,validation
SNAP-W173-V03,W173,V03,2026-01-15T00:00:00Z,3,V10,yes,validation
SNAP-W173-V04,W173,V04,2026-01-22T00:00:00Z,4,V10,yes,validation
SNAP-W173-V05,W173,V05,2026-01-29T00:00:00Z,5,V10,yes,validation
SNAP-W173-V06,W173,V06,2026-02-05T00:00:00Z,6,V10,yes,validation
SNAP-W173-V07,W173,V07,2026-02-12T00:00:00Z,7,V10,yes,validation
SNAP-W173-V08,W173,V08,2026-02-19T00:00:00Z,8,V10,yes,validation
SNAP-W173-V09,W173,V09,2026-02-26T00:00:00Z,9,V10,yes,validation
SNAP-W174-V01,W174,V01,2026-01-01T00:00:00Z,1,V10,yes,validation
SNAP-W174-V02,W174,V02,2026-01-08T00:00:00Z,2,V10,yes,validation
SNAP-W174-V03,W174,V03,2026-01-15T00:00:00Z,3,V10,yes,validation
SNAP-W174-V04,W174,V04,2026-01-22T00:00:00Z,4,V10,yes,validation
SNAP-W174-V05,W174,V05,2026-01-29T00:00:00Z,5,V10,yes,validation
SNAP-W174-V06,W174,V06,2026-02-05T00:00:00Z,6,V10,yes,validation
SNAP-W174-V07,W174,V07,2026-02-12T00:00:00Z,7,V10,yes,validation
SNAP-W174-V08,W174,V08,2026-02-19T00:00:00Z,8,V10,yes,validation
SNAP-W174-V09,W174,V09,2026-02-26T00:00:00Z,9,V10,yes,validation
SNAP-W175-V01,W175,V01,2026-01-01T00:00:00Z,1,V10,yes,validation
SNAP-W175-V02,W175,V02,2026-01-08T00:00:00Z,2,V10,yes,validation
SNAP-W175-V03,W175,V03,2026-01-15T00:00:00Z,3,V10,yes,validation
SNAP-W175-V04,W175,V04,2026-01-22T00:00:00Z,4,V10,yes,validation
SNAP-W175-V05,W175,V05,2026-01-29T00:00:00Z,5,V10,yes,validation
SNAP-W175-V06,W175,V06,2026-02-05T00:00:00Z,6,V10,yes,validation
SNAP-W175-V07,W175,V07,2026-02-12T00:00:00Z,7,V10,yes,validation
SNAP-W175-V08,W175,V08,2026-02-19T00:00:00Z,8,V10,yes,validation
SNAP-W175-V09,W175,V09,2026-02-26T00:00:00Z,9,V10,yes,validation
SNAP-W176-V01,W176,V01,2026-01-01T00:00:00Z,1,V10,yes,validation
SNAP-W176-V02,W176,V02,2026-01-08T00:00:00Z,2,V10,yes,validation
SNAP-W176-V03,W176,V03,2026-01-15T00:00:00Z,3,V10,yes,validation
SNAP-W176-V04,W176,V04,2026-01-22T00:00:00Z,4,V10,yes,validation
SNAP-W176-V05,W176,V05,2026-01-29T00:00:00Z,5,V10,yes,validation
SNAP-W176-V06,W176,V06,2026-02-05T00:00:00Z,6,V10,yes,validation
SNAP-W176-V07,W176,V07,2026-02-12T00:00:00Z,7,V10,yes,validation
SNAP-W176-V08,W176,V08,2026-02-19T00:00:00Z,8,V10,yes,validation
SNAP-W176-V09,W176,V09,2026-02-26T00:00:00Z,9,V10,yes,validation
SNAP-W177-V01,W177,V01,2026-01-01T00:00:00Z,1,V10,yes,validation
SNAP-W177-V02,W177,V02,2026-01-08T00:00:00Z,2,V10,yes,validation
SNAP-W177-V03,W177,V03,2026-01-15T00:00:00Z,3,V10,yes,validation
SNAP-W177-V04,W177,V04,2026-01-22T00:00:00Z,4,V10,yes,validation
SNAP-W177-V05,W177,V05,2026-01-29T00:00:00Z,5,V10,yes,validation
SNAP-W177-V06,W177,V06,2026-02-05T00:00:00Z,6,V10,yes,validation
SNAP-W177-V07,W177,V07,2026-02-12T00:00:00Z,7,V10,yes,validation
SNAP-W177-V08,W177,V08,2026-02-19T00:00:00Z,8,V10,yes,validation
SNAP-W177-V09,W177,V09,2026-02-26T00:00:00Z,9,V10,yes,validation
SNAP-W178-V01,W178,V01,2026-01-01T00:00:00Z,1,V10,yes,validation
SNAP-W178-V02,W178,V02,2026-01-08T00:00:00Z,2,V10,yes,validation
SNAP-W178-V03,W178,V03,2026-01-15T00:00:00Z,3,V10,yes,validation
SNAP-W178-V04,W178,V04,2026-01-22T00:00:00Z,4,V10,yes,validation
SNAP-W178-V05,W178,V05,2026-01-29T00:00:00Z,5,V10,yes,validation
SNAP-W178-V06,W178,V06,2026-02-05T00:00:00Z,6,V10,yes,validation
SNAP-W178-V07,W178,V07,2026-02-12T00:00:00Z,7,V10,yes,validation
SNAP-W178-V08,W178,V08,2026-02-19T00:00:00Z,8,V10,yes,validation
SNAP-W178-V09,W178,V09,2026-02-26T00:00:00Z,9,V10,yes,validation
SNAP-W179-V01,W179,V01,2026-01-01T00:00:00Z,1,V10,yes,validation
SNAP-W179-V02,W179,V02,2026-01-08T00:00:00Z,2,V10,yes,validation
SNAP-W179-V03,W179,V03,2026-01-15T00:00:00Z,3,V10,yes,validation
SNAP-W179-V04,W179,V04,2026-01-22T00:00:00Z,4,V10,yes,validation
SNAP-W179-V05,W179,V05,2026-01-29T00:00:00Z,5,V10,yes,validation
SNAP-W179-V06,W179,V06,2026-02-05T00:00:00Z,6,V10,yes,validation
SNAP-W179-V07,W179,V07,2026-02-12T00:00:00Z,7,V10,yes,validation
SNAP-W179-V08,W179,V08,2026-02-19T00:00:00Z,8,V10,yes,validation
SNAP-W179-V09,W179,V09,2026-02-26T00:00:00Z,9,V10,yes,validation
SNAP-W180-V01,W180,V01,2026-01-01T00:00:00Z,1,V10,yes,validation
SNAP-W180-V02,W180,V02,2026-01-08T00:00:00Z,2,V10,yes,validation
SNAP-W180-V03,W180,V03,2026-01-15T00:00:00Z,3,V10,yes,validation
SNAP-W180-V04,W180,V04,2026-01-22T00:00:00Z,4,V10,yes,validation
SNAP-W180-V05,W180,V05,2026-01-29T00:00:00Z,5,V10,yes,validation
SNAP-W180-V06,W180,V06,2026-02-05T00:00:00Z,6,V10,yes,validation
SNAP-W180-V07,W180,V07,2026-02-12T00:00:00Z,7,V10,yes,validation
SNAP-W180-V08,W180,V08,2026-02-19T00:00:00Z,8,V10,yes,validation
SNAP-W180-V09,W180,V09,2026-02-26T00:00:00Z,9,V10,yes,validation
SNAP-W181-V01,W181,V01,2026-01-01T00:00:00Z,1,V10,yes,test
SNAP-W181-V02,W181,V02,2026-01-08T00:00:00Z,2,V10,yes,test
SNAP-W181-V03,W181,V03,2026-01-15T00:00:00Z,3,V10,yes,test
SNAP-W181-V04,W181,V04,2026-01-22T00:00:00Z,4,V10,yes,test
SNAP-W181-V05,W181,V05,2026-01-29T00:00:00Z,5,V10,yes,test
SNAP-W181-V06,W181,V06,2026-02-05T00:00:00Z,6,V10,yes,test
SNAP-W181-V07,W181,V07,2026-02-12T00:00:00Z,7,V10,yes,test
SNAP-W181-V08,W181,V08,2026-02-19T00:00:00Z,8,V10,yes,test
SNAP-W181-V09,W181,V09,2026-02-26T00:00:00Z,9,V10,yes,test
SNAP-W182-V01,W182,V01,2026-01-01T00:00:00Z,1,V10,yes,test
SNAP-W182-V02,W182,V02,2026-01-08T00:00:00Z,2,V10,yes,test
SNAP-W182-V03,W182,V03,2026-01-15T00:00:00Z,3,V10,yes,test
SNAP-W182-V04,W182,V04,2026-01-22T00:00:00Z,4,V10,yes,test
SNAP-W182-V05,W182,V05,2026-01-29T00:00:00Z,5,V10,yes,test
SNAP-W182-V06,W182,V06,2026-02-05T00:00:00Z,6,V10,yes,test
SNAP-W182-V07,W182,V07,2026-02-12T00:00:00Z,7,V10,yes,test
SNAP-W182-V08,W182,V08,2026-02-19T00:00:00Z,8,V10,yes,test
SNAP-W182-V09,W182,V09,2026-02-26T00:00:00Z,9,V10,yes,test
SNAP-W183-V01,W183,V01,2026-01-01T00:00:00Z,1,V10,yes,test
SNAP-W183-V02,W183,V02,2026-01-08T00:00:00Z,2,V10,yes,test
SNAP-W183-V03,W183,V03,2026-01-15T00:00:00Z,3,V10,yes,test
SNAP-W183-V04,W183,V04,2026-01-22T00:00:00Z,4,V10,yes,test
SNAP-W183-V05,W183,V05,2026-01-29T00:00:00Z,5,V10,yes,test
SNAP-W183-V06,W183,V06,2026-02-05T00:00:00Z,6,V10,yes,test
SNAP-W183-V07,W183,V07,2026-02-12T00:00:00Z,7,V10,yes,test
SNAP-W183-V08,W183,V08,2026-02-19T00:00:00Z,8,V10,yes,test
SNAP-W183-V09,W183,V09,2026-02-26T00:00:00Z,9,V10,yes,test
SNAP-W184-V01,W184,V01,2026-01-01T00:00:00Z,1,V10,yes,test
SNAP-W184-V02,W184,V02,2026-01-08T00:00:00Z,2,V10,yes,test
SNAP-W184-V03,W184,V03,2026-01-15T00:00:00Z,3,V10,yes,test
SNAP-W184-V04,W184,V04,2026-01-22T00:00:00Z,4,V10,yes,test
SNAP-W184-V05,W184,V05,2026-01-29T00:00:00Z,5,V10,yes,test
SNAP-W184-V06,W184,V06,2026-02-05T00:00:00Z,6,V10,yes,test
SNAP-W184-V07,W184,V07,2026-02-12T00:00:00Z,7,V10,yes,test
SNAP-W184-V08,W184,V08,2026-02-19T00:00:00Z,8,V10,yes,test
SNAP-W184-V09,W184,V09,2026-02-26T00:00:00Z,9,V10,yes,test
SNAP-W185-V01,W185,V01,2026-01-01T00:00:00Z,1,V10,yes,test
SNAP-W185-V02,W185,V02,2026-01-08T00:00:00Z,2,V10,yes,test
SNAP-W185-V03,W185,V03,2026-01-15T00:00:00Z,3,V10,yes,test
SNAP-W185-V04,W185,V04,2026-01-22T00:00:00Z,4,V10,yes,test
SNAP-W185-V05,W185,V05,2026-01-29T00:00:00Z,5,V10,yes,test
SNAP-W185-V06,W185,V06,2026-02-05T00:00:00Z,6,V10,yes,test
SNAP-W185-V07,W185,V07,2026-02-12T00:00:00Z,7,V10,yes,test
SNAP-W185-V08,W185,V08,2026-02-19T00:00:00Z,8,V10,yes,test
SNAP-W185-V09,W185,V09,2026-02-26T00:00:00Z,9,V10,yes,test
SNAP-W186-V01,W186,V01,2026-01-01T00:00:00Z,1,V10,yes,test
SNAP-W186-V02,W186,V02,2026-01-08T00:00:00Z,2,V10,yes,test
SNAP-W186-V03,W186,V03,2026-01-15T00:00:00Z,3,V10,yes,test
SNAP-W186-V04,W186,V04,2026-01-22T00:00:00Z,4,V10,yes,test
SNAP-W186-V05,W186,V05,2026-01-29T00:00:00Z,5,V10,yes,test
SNAP-W186-V06,W186,V06,2026-02-05T00:00:00Z,6,V10,yes,test
SNAP-W186-V07,W186,V07,2026-02-12T00:00:00Z,7,V10,yes,test
SNAP-W186-V08,W186,V08,2026-02-19T00:00:00Z,8,V10,yes,test
SNAP-W186-V09,W186,V09,2026-02-26T00:00:00Z,9,V10,yes,test
SNAP-W187-V01,W187,V01,2026-01-01T00:00:00Z,1,V10,yes,test
SNAP-W187-V02,W187,V02,2026-01-08T00:00:00Z,2,V10,yes,test
SNAP-W187-V03,W187,V03,2026-01-15T00:00:00Z,3,V10,yes,test
SNAP-W187-V04,W187,V04,2026-01-22T00:00:00Z,4,V10,yes,test
SNAP-W187-V05,W187,V05,2026-01-29T00:00:00Z,5,V10,yes,test
SNAP-W187-V06,W187,V06,2026-02-05T00:00:00Z,6,V10,yes,test
SNAP-W187-V07,W187,V07,2026-02-12T00:00:00Z,7,V10,yes,test
SNAP-W187-V08,W187,V08,2026-02-19T00:00:00Z,8,V10,yes,test
SNAP-W187-V09,W187,V09,2026-02-26T00:00:00Z,9,V10,yes,test
SNAP-W188-V01,W188,V01,2026-01-01T00:00:00Z,1,V10,yes,test
SNAP-W188-V02,W188,V02,2026-01-08T00:00:00Z,2,V10,yes,test
SNAP-W188-V03,W188,V03,2026-01-15T00:00:00Z,3,V10,yes,test
SNAP-W188-V04,W188,V04,2026-01-22T00:00:00Z,4,V10,yes,test
SNAP-W188-V05,W188,V05,2026-01-29T00:00:00Z,5,V10,yes,test
SNAP-W188-V06,W188,V06,2026-02-05T00:00:00Z,6,V10,yes,test
SNAP-W188-V07,W188,V07,2026-02-12T00:00:00Z,7,V10,yes,test
SNAP-W188-V08,W188,V08,2026-02-19T00:00:00Z,8,V10,yes,test
SNAP-W188-V09,W188,V09,2026-02-26T00:00:00Z,9,V10,yes,test
SNAP-W189-V01,W189,V01,2026-01-01T00:00:00Z,1,V10,yes,test
SNAP-W189-V02,W189,V02,2026-01-08T00:00:00Z,2,V10,yes,test
SNAP-W189-V03,W189,V03,2026-01-15T00:00:00Z,3,V10,yes,test
SNAP-W189-V04,W189,V04,2026-01-22T00:00:00Z,4,V10,yes,test
SNAP-W189-V05,W189,V05,2026-01-29T00:00:00Z,5,V10,yes,test
SNAP-W189-V06,W189,V06,2026-02-05T00:00:00Z,6,V10,yes,test
SNAP-W189-V07,W189,V07,2026-02-12T00:00:00Z,7,V10,yes,test
SNAP-W189-V08,W189,V08,2026-02-19T00:00:00Z,8,V10,yes,test
SNAP-W189-V09,W189,V09,2026-02-26T00:00:00Z,9,V10,yes,test
SNAP-W190-V01,W190,V01,2026-01-01T00:00:00Z,1,V10,yes,test
SNAP-W190-V02,W190,V02,2026-01-08T00:00:00Z,2,V10,yes,test
SNAP-W190-V03,W190,V03,2026-01-15T00:00:00Z,3,V10,yes,test
SNAP-W190-V04,W190,V04,2026-01-22T00:00:00Z,4,V10,yes,test
SNAP-W190-V05,W190,V05,2026-01-29T00:00:00Z,5,V10,yes,test
SNAP-W190-V06,W190,V06,2026-02-05T00:00:00Z,6,V10,yes,test
SNAP-W190-V07,W190,V07,2026-02-12T00:00:00Z,7,V10,yes,test
SNAP-W190-V08,W190,V08,2026-02-19T00:00:00Z,8,V10,yes,test
SNAP-W190-V09,W190,V09,2026-02-26T00:00:00Z,9,V10,yes,test
SNAP-W191-V01,W191,V01,2026-01-01T00:00:00Z,1,V10,yes,test
SNAP-W191-V02,W191,V02,2026-01-08T00:00:00Z,2,V10,yes,test
SNAP-W191-V03,W191,V03,2026-01-15T00:00:00Z,3,V10,yes,test
SNAP-W191-V04,W191,V04,2026-01-22T00:00:00Z,4,V10,yes,test
SNAP-W191-V05,W191,V05,2026-01-29T00:00:00Z,5,V10,yes,test
SNAP-W191-V06,W191,V06,2026-02-05T00:00:00Z,6,V10,yes,test
SNAP-W191-V07,W191,V07,2026-02-12T00:00:00Z,7,V10,yes,test
SNAP-W191-V08,W191,V08,2026-02-19T00:00:00Z,8,V10,yes,test
SNAP-W191-V09,W191,V09,2026-02-26T00:00:00Z,9,V10,yes,test
SNAP-W192-V01,W192,V01,2026-01-01T00:00:00Z,1,V10,yes,test
SNAP-W192-V02,W192,V02,2026-01-08T00:00:00Z,2,V10,yes,test
SNAP-W192-V03,W192,V03,2026-01-15T00:00:00Z,3,V10,yes,test
SNAP-W192-V04,W192,V04,2026-01-22T00:00:00Z,4,V10,yes,test
SNAP-W192-V05,W192,V05,2026-01-29T00:00:00Z,5,V10,yes,test
SNAP-W192-V06,W192,V06,2026-02-05T00:00:00Z,6,V10,yes,test
SNAP-W192-V07,W192,V07,2026-02-12T00:00:00Z,7,V10,yes,test
SNAP-W192-V08,W192,V08,2026-02-19T00:00:00Z,8,V10,yes,test
SNAP-W192-V09,W192,V09,2026-02-26T00:00:00Z,9,V10,yes,test
SNAP-W193-V01,W193,V01,2026-01-01T00:00:00Z,1,V10,yes,test
SNAP-W193-V02,W193,V02,2026-01-08T00:00:00Z,2,V10,yes,test
SNAP-W193-V03,W193,V03,2026-01-15T00:00:00Z,3,V10,yes,test
SNAP-W193-V04,W193,V04,2026-01-22T00:00:00Z,4,V10,yes,test
SNAP-W193-V05,W193,V05,2026-01-29T00:00:00Z,5,V10,yes,test
SNAP-W193-V06,W193,V06,2026-02-05T00:00:00Z,6,V10,yes,test
SNAP-W193-V07,W193,V07,2026-02-12T00:00:00Z,7,V10,yes,test
SNAP-W193-V08,W193,V08,2026-02-19T00:00:00Z,8,V10,yes,test
SNAP-W193-V09,W193,V09,2026-02-26T00:00:00Z,9,V10,yes,test
SNAP-W194-V01,W194,V01,2026-01-01T00:00:00Z,1,V10,yes,test
SNAP-W194-V02,W194,V02,2026-01-08T00:00:00Z,2,V10,yes,test
SNAP-W194-V03,W194,V03,2026-01-15T00:00:00Z,3,V10,yes,test
SNAP-W194-V04,W194,V04,2026-01-22T00:00:00Z,4,V10,yes,test
SNAP-W194-V05,W194,V05,2026-01-29T00:00:00Z,5,V10,yes,test
SNAP-W194-V06,W194,V06,2026-02-05T00:00:00Z,6,V10,yes,test
SNAP-W194-V07,W194,V07,2026-02-12T00:00:00Z,7,V10,yes,test
SNAP-W194-V08,W194,V08,2026-02-19T00:00:00Z,8,V10,yes,test
SNAP-W194-V09,W194,V09,2026-02-26T00:00:00Z,9,V10,yes,test
SNAP-W195-V01,W195,V01,2026-01-01T00:00:00Z,1,V10,yes,test
SNAP-W195-V02,W195,V02,2026-01-08T00:00:00Z,2,V10,yes,test
SNAP-W195-V03,W195,V03,2026-01-15T00:00:00Z,3,V10,yes,test
SNAP-W195-V04,W195,V04,2026-01-22T00:00:00Z,4,V10,yes,test
SNAP-W195-V05,W195,V05,2026-01-29T00:00:00Z,5,V10,yes,test
SNAP-W195-V06,W195,V06,2026-02-05T00:00:00Z,6,V10,yes,test
SNAP-W195-V07,W195,V07,2026-02-12T00:00:00Z,7,V10,yes,test
SNAP-W195-V08,W195,V08,2026-02-19T00:00:00Z,8,V10,yes,test
SNAP-W195-V09,W195,V09,2026-02-26T00:00:00Z,9,V10,yes,test
SNAP-W196-V01,W196,V01,2026-01-01T00:00:00Z,1,V10,yes,test
SNAP-W196-V02,W196,V02,2026-01-08T00:00:00Z,2,V10,yes,test
SNAP-W196-V03,W196,V03,2026-01-15T00:00:00Z,3,V10,yes,test
SNAP-W196-V04,W196,V04,2026-01-22T00:00:00Z,4,V10,yes,test
SNAP-W196-V05,W196,V05,2026-01-29T00:00:00Z,5,V10,yes,test
SNAP-W196-V06,W196,V06,2026-02-05T00:00:00Z,6,V10,yes,test
SNAP-W196-V07,W196,V07,2026-02-12T00:00:00Z,7,V10,yes,test
SNAP-W196-V08,W196,V08,2026-02-19T00:00:00Z,8,V10,yes,test
SNAP-W196-V09,W196,V09,2026-02-26T00:00:00Z,9,V10,yes,test
SNAP-W197-V01,W197,V01,2026-01-01T00:00:00Z,1,V10,yes,test
SNAP-W197-V02,W197,V02,2026-01-08T00:00:00Z,2,V10,yes,test
SNAP-W197-V03,W197,V03,2026-01-15T00:00:00Z,3,V10,yes,test
SNAP-W197-V04,W197,V04,2026-01-22T00:00:00Z,4,V10,yes,test
SNAP-W197-V05,W197,V05,2026-01-29T00:00:00Z,5,V10,yes,test
SNAP-W197-V06,W197,V06,2026-02-05T00:00:00Z,6,V10,yes,test
SNAP-W197-V07,W197,V07,2026-02-12T00:00:00Z,7,V10,yes,test
SNAP-W197-V08,W197,V08,2026-02-19T00:00:00Z,8,V10,yes,test
SNAP-W197-V09,W197,V09,2026-02-26T00:00:00Z,9,V10,yes,test
SNAP-W198-V01,W198,V01,2026-01-01T00:00:00Z,1,V10,yes,test
SNAP-W198-V02,W198,V02,2026-01-08T00:00:00Z,2,V10,yes,test
SNAP-W198-V03,W198,V03,2026-01-15T00:00:00Z,3,V10,yes,test
SNAP-W198-V04,W198,V04,2026-01-22T00:00:00Z,4,V10,yes,test
SNAP-W198-V05,W198,V05,2026-01-29T00:00:00Z,5,V10,yes,test
SNAP-W198-V06,W198,V06,2026-02-05T00:00:00Z,6,V10,yes,test
SNAP-W198-V07,W198,V07,2026-02-12T00:00:00Z,7,V10,yes,test
SNAP-W198-V08,W198,V08,2026-02-19T00:00:00Z,8,V10,yes,test
SNAP-W198-V09,W198,V09,2026-02-26T00:00:00Z,9,V10,yes,test
SNAP-W199-V01,W199,V01,2026-01-01T00:00:00Z,1,V10,yes,test
SNAP-W199-V02,W199,V02,2026-01-08T00:00:00Z,2,V10,yes,test
SNAP-W199-V03,W199,V03,2026-01-15T00:00:00Z,3,V10,yes,test
SNAP-W199-V04,W199,V04,2026-01-22T00:00:00Z,4,V10,yes,test
SNAP-W199-V05,W199,V05,2026-01-29T00:00:00Z,5,V10,yes,test
SNAP-W199-V06,W199,V06,2026-02-05T00:00:00Z,6,V10,yes,test
SNAP-W199-V07,W199,V07,2026-02-12T00:00:00Z,7,V10,yes,test
SNAP-W199-V08,W199,V08,2026-02-19T00:00:00Z,8,V10,yes,test
SNAP-W199-V09,W199,V09,2026-02-26T00:00:00Z,9,V10,yes,test
SNAP-W200-V01,W200,V01,2026-01-01T00:00:00Z,1,V10,yes,test
SNAP-W200-V02,W200,V02,2026-01-08T00:00:00Z,2,V10,yes,test
SNAP-W200-V03,W200,V03,2026-01-15T00:00:00Z,3,V10,yes,test
SNAP-W200-V04,W200,V04,2026-01-22T00:00:00Z,4,V10,yes,test
SNAP-W200-V05,W200,V05,2026-01-29T00:00:00Z,5,V10,yes,test
SNAP-W200-V06,W200,V06,2026-02-05T00:00:00Z,6,V10,yes,test
SNAP-W200-V07,W200,V07,2026-02-12T00:00:00Z,7,V10,yes,test
SNAP-W200-V08,W200,V08,2026-02-19T00:00:00Z,8,V10,yes,test
SNAP-W200-V09,W200,V09,2026-02-26T00:00:00Z,9,V10,yes,test
